status,matchMethod,CBR row,CBR scientific name,CBR Chinese name,CBR English name,AviList scientific name used,AviList English name,candidate scientific names,CBR notes
matched_exact,scientificName,11,Dendrocygna javanica,栗树鸭,Lesser Whistling Duck,Dendrocygna javanica,Lesser Whistling Duck,,
matched_exact,scientificName,12,Branta bernicla,黑雁,Brant Goose,Branta bernicla,Brant Goose,,
matched_exact,scientificName,13,Branta ruficollis,红胸黑雁,Red-breasted Goose,Branta ruficollis,Red-breasted Goose,,
matched_exact,scientificName,14,Branta canadensis,加拿大黑雁,Canada Goose,Branta canadensis,Canada Goose,,
matched_exact,scientificName,15,Branta leucopsis,白颊黑雁,Barnacle Goose,Branta leucopsis,Barnacle Goose,,
matched_exact,scientificName,16,Branta hutchinsii,小美洲黑雁,Cackling Goose,Branta hutchinsii,Cackling Goose,,
matched_exact,scientificName,17,Anser indicus,斑头雁,Bar-headed Goose,Anser indicus,Bar-headed Goose,,
matched_exact,scientificName,18,Anser caerulescens,雪雁,Snow Goose,Anser caerulescens,Snow Goose,,
matched_exact,scientificName,19,Anser anser,灰雁,Greylag Goose,Anser anser,Greylag Goose,,
matched_exact,scientificName,20,Anser cygnoides,鸿雁,Swan Goose,Anser cygnoides,Swan Goose,,IUCN红色名录等级由VU升为EN
matched_exact,scientificName,21,Anser fabalis,豆雁,Taiga Bean Goose,Anser fabalis,Taiga Bean Goose,,
matched_exact,scientificName,22,Anser serrirostris,短嘴豆雁,Tundra Bean Goose,Anser serrirostris,Tundra Bean Goose,,
matched_exact,scientificName,23,Anser albifrons,白额雁,Greater White-fronted Goose,Anser albifrons,Greater White-fronted Goose,,
matched_exact,scientificName,24,Anser erythropus,小白额雁,Lesser White-fronted Goose,Anser erythropus,Lesser White-fronted Goose,,
matched_exact,scientificName,25,Cygnus olor,疣鼻天鹅,Mute Swan,Cygnus olor,Mute Swan,,
matched_exact,scientificName,26,Cygnus columbianus,小天鹅,Tundra Swan,Cygnus columbianus,Tundra Swan,,
matched_exact,scientificName,27,Cygnus cygnus,大天鹅,Whooper Swan,Cygnus cygnus,Whooper Swan,,
matched_exact,scientificName,28,Sarkidiornis melanotos,瘤鸭,Knob-billed Duck,Sarkidiornis melanotos,Knob-billed Duck,,
matched_exact,scientificName,29,Tadorna tadorna,翘鼻麻鸭,Common Shelduck,Tadorna tadorna,Common Shelduck,,
matched_exact,scientificName,30,Tadorna ferruginea,赤麻鸭,Ruddy Shelduck,Tadorna ferruginea,Ruddy Shelduck,,
matched_exact,scientificName,31,Tadorna cristata,冠麻鸭,Crested Shelduck,Tadorna cristata,Crested Shelduck,,
matched_exact,scientificName,32,Asarcornis scutulata,白翅栖鸭,White-winged Duck,Asarcornis scutulata,White-winged Duck,,IUCN红色名录等级由EN升为CR
matched_exact,scientificName,33,Aix galericulata,鸳鸯,Mandarin Duck,Aix galericulata,Mandarin Duck,,
matched_exact,scientificName,34,Nettapus coromandelianus,棉凫,Cotton Pygmy Goose,Nettapus coromandelianus,Cotton Pygmy Goose,,
matched_exact,scientificName,35,Sibirionetta formosa,花脸鸭,Baikal Teal,Sibirionetta formosa,Baikal Teal,,
matched_exact,scientificName,36,Spatula querquedula,白眉鸭,Garganey,Spatula querquedula,Garganey,,
matched_exact,scientificName,37,Spatula clypeata,琵嘴鸭,Northern Shoveler,Spatula clypeata,Northern Shoveler,,
matched_exact,scientificName,38,Mareca strepera,赤膀鸭,Gadwall,Mareca strepera,Gadwall,,
matched_exact,scientificName,39,Mareca falcata,罗纹鸭,Falcated Duck,Mareca falcata,Falcated Duck,,IUCN红色名录等级由NT降为LC
matched_exact,scientificName,40,Mareca penelope,赤颈鸭,Eurasian Wigeon,Mareca penelope,Eurasian Wigeon,,
matched_exact,scientificName,41,Mareca americana,绿眉鸭,American Wigeon,Mareca americana,American Wigeon,,
matched_exact,scientificName,42,Anas luzonica,棕颈鸭,Philippine Duck,Anas luzonica,Philippine Duck,,
matched_exact,scientificName,43,Anas poecilorhyncha,印缅斑嘴鸭,Indian Spot-billed Duck,Anas poecilorhyncha,Indian Spot-billed Duck,,
matched_exact,scientificName,44,Anas zonorhyncha,斑嘴鸭,Chinese Spot-billed Duck,Anas zonorhyncha,Eastern Spot-billed Duck,,
matched_exact,scientificName,45,Anas platyrhynchos,绿头鸭,Mallard,Anas platyrhynchos,Mallard,,
matched_exact,scientificName,46,Anas acuta,针尾鸭,Northern Pintail,Anas acuta,Northern Pintail,,
matched_exact,scientificName,47,Anas crecca,绿翅鸭,Eurasian Teal,Anas crecca,Green-winged Teal,,
matched_name_conflict_avilist_taxonomy_used,englishName,48,Anas carolinensis,美洲绿翅鸭,Green-winged Teal,Anas crecca,Green-winged Teal,Anas crecca,
matched_exact,scientificName,49,Marmaronetta angustirostris,云石斑鸭,Marbled Teal,Marmaronetta angustirostris,Marbled Duck,,
matched_exact,scientificName,50,Netta rufina,赤嘴潜鸭,Red-crested Pochard,Netta rufina,Red-crested Pochard,,
matched_exact,scientificName,51,Aythya valisineria,帆背潜鸭,Canvasback,Aythya valisineria,Canvasback,,
matched_exact,scientificName,52,Aythya ferina,红头潜鸭,Common Pochard,Aythya ferina,Common Pochard,,
matched_exact,scientificName,53,Aythya baeri,青头潜鸭,Baer's Pochard,Aythya baeri,Baer's Pochard,,
matched_exact,scientificName,54,Aythya nyroca,白眼潜鸭,Ferruginous Pochard,Aythya nyroca,Ferruginous Duck,,
matched_exact,scientificName,55,Aythya collaris,环颈潜鸭,Ring-necked Duck,Aythya collaris,Ring-necked Duck,,
matched_exact,scientificName,56,Aythya fuligula,凤头潜鸭,Tufted Duck,Aythya fuligula,Tufted Duck,,
matched_exact,scientificName,57,Aythya marila,斑背潜鸭,Greater Scaup,Aythya marila,Greater Scaup,,
matched_exact,scientificName,58,Aythya affinis,小潜鸭,Lesser Scaup,Aythya affinis,Lesser Scaup,,
matched_exact,scientificName,59,Polysticta stelleri,小绒鸭,Steller's Eider,Polysticta stelleri,Steller's Eider,,
matched_exact,scientificName,60,Histrionicus histrionicus,丑鸭,Harlequin Duck,Histrionicus histrionicus,Harlequin Duck,,
matched_exact,scientificName,61,Melanitta fusca,丝绒海番鸭,Velvet Scoter,Melanitta fusca,Velvet Scoter,,
matched_exact,scientificName,62,Melanitta stejnegeri,斑脸海番鸭,Stejneger's Scoter,Melanitta stejnegeri,Stejneger's Scoter,,
matched_exact,scientificName,63,Melanitta americana,黑海番鸭,Black Scoter,Melanitta americana,Black Scoter,,
matched_exact,scientificName,64,Clangula hyemalis,长尾鸭,Long-tailed Duck,Clangula hyemalis,Long-tailed Duck,,
matched_exact,scientificName,65,Bucephala clangula,鹊鸭,Common Goldeneye,Bucephala clangula,Common Goldeneye,,
matched_exact,scientificName,66,Mergellus albellus,斑头秋沙鸭,Smew,Mergellus albellus,Smew,,中文名由白秋沙鸭改为斑头秋沙鸭
matched_exact,scientificName,67,Mergus merganser,普通秋沙鸭,Common Merganser,Mergus merganser,Common Merganser,,
matched_exact,scientificName,68,Mergus serrator,红胸秋沙鸭,Red-breasted Merganser,Mergus serrator,Red-breasted Merganser,,
matched_exact,scientificName,69,Mergus squamatus,中华秋沙鸭,Scaly-sided Merganser,Mergus squamatus,Scaly-sided Merganser,,
matched_exact,scientificName,70,Oxyura leucocephala,白头硬尾鸭,White-headed Duck,Oxyura leucocephala,White-headed Duck,,
matched_exact,scientificName,72,Arborophila torqueola,环颈山鹧鸪,Common Hill Partridge,Arborophila torqueola,Hill Partridge,,
matched_exact,scientificName,73,Arborophila rufipectus,四川山鹧鸪,Sichuan Partridge,Arborophila rufipectus,Sichuan Partridge,,IUCN红色名录等级由EN降为VU
matched_exact,scientificName,74,Arborophila mandellii,红胸山鹧鸪,Chestnut-breasted Partridge,Arborophila mandellii,Chestnut-breasted Partridge,,IUCN红色名录等级由VU降为NT
matched_exact,scientificName,75,Arborophila gingica,白眉山鹧鸪,White-necklaced Partridge,Arborophila gingica,White-necklaced Partridge,,
matched_exact,scientificName,76,Arborophila rufogularis,红喉山鹧鸪,Rufous-throated Partridge,Arborophila rufogularis,Rufous-throated Partridge,,
matched_exact,scientificName,77,Arborophila ardens,海南山鹧鸪,Hainan Partridge,Arborophila ardens,Hainan Partridge,,
matched_exact,scientificName,78,Arborophila crudigularis,台湾山鹧鸪,Taiwan Partridge,Arborophila crudigularis,Taiwan Partridge,,
matched_exact,scientificName,79,Arborophila atrogularis,白颊山鹧鸪,White-cheeked Partridge,Arborophila atrogularis,White-cheeked Partridge,,IUCN红色名录等级由NT降为LC
matched_exact,scientificName,80,Arborophila brunneopectus,褐胸山鹧鸪,Bar-backed Partridge,Arborophila brunneopectus,Bar-backed Partridge,,
matched_exact,scientificName,81,Lerwa lerwa,雪鹑,Snow Partridge,Lerwa lerwa,Snow Partridge,,
matched_exact,scientificName,82,Ithaginis cruentus,血雉,Blood Pheasant,Ithaginis cruentus,Blood Pheasant,,
matched_exact,scientificName,83,Tragopan melanocephalus,黑头角雉,Western Tragopan,Tragopan melanocephalus,Western Tragopan,,
matched_exact,scientificName,84,Tragopan satyra,红胸角雉,Satyr Tragopan,Tragopan satyra,Satyr Tragopan,,IUCN红色名录等级由NT降为LC
matched_exact,scientificName,85,Tragopan blythii,灰腹角雉,Blyth's Tragopan,Tragopan blythii,Blyth's Tragopan,,
matched_exact,scientificName,86,Tragopan temminckii,红腹角雉,Temminck's Tragopan,Tragopan temminckii,Temminck's Tragopan,,
matched_exact,scientificName,87,Tragopan caboti,黄腹角雉,Cabot's Tragopan,Tragopan caboti,Cabot's Tragopan,,
matched_exact,scientificName,88,Tetraophasis obscurus,红喉雉鹑,Chestnut-throated Monal Partridge,Tetraophasis obscurus,Chestnut-throated Monal-Partridge,,中文名由雉鹑改为红喉雉鹑
matched_exact,scientificName,89,Tetraophasis szechenyii,黄喉雉鹑,Buff-throated Monal Partridge,Tetraophasis szechenyii,Buff-throated Monal-Partridge,,
matched_exact,scientificName,90,Lophophorus impejanus,棕尾虹雉,Himalayan Monal,Lophophorus impejanus,Himalayan Monal,,
matched_exact,scientificName,91,Lophophorus sclateri,白尾梢虹雉,Sclater's Monal,Lophophorus sclateri,Sclater's Monal,,IUCN红色名录等级由VU降为LC
matched_exact,scientificName,92,Lophophorus lhuysii,绿尾虹雉,Chinese Monal,Lophophorus lhuysii,Chinese Monal,,
matched_exact,scientificName,93,Pucrasia macrolopha,勺鸡,Koklass Pheasant,Pucrasia macrolopha,Koklass Pheasant,,
matched_exact,scientificName,94,Tetrastes bonasia,花尾榛鸡,Hazel Grouse,Tetrastes bonasia,Hazel Grouse,,
matched_exact,scientificName,95,Tetrastes sewerzowi,斑尾榛鸡,Chinese Grouse,Tetrastes sewerzowi,Chinese Grouse,,
matched_exact,scientificName,96,Lagopus lagopus,柳雷鸟,Willow Ptarmigan,Lagopus lagopus,Willow Ptarmigan,,
matched_exact,scientificName,97,Lagopus muta,岩雷鸟,Rock Ptarmigan,Lagopus muta,Rock Ptarmigan,,
matched_exact,scientificName,98,Falcipennis falcipennis,镰翅鸡,Siberian Grouse,Falcipennis falcipennis,Siberian Grouse,,
matched_exact,scientificName,99,Tetrao urogallus,西方松鸡,Western Capercaillie,Tetrao urogallus,Western Capercaillie,,
matched_exact,scientificName,100,Tetrao urogalloides,黑嘴松鸡,Black-billed Capercaillie,Tetrao urogalloides,Black-billed Capercaillie,,
matched_exact,scientificName,101,Lyrurus tetrix,黑琴鸡,Black Grouse,Lyrurus tetrix,Black Grouse,,
matched_exact,scientificName,102,Perdix hodgsoniae,高原山鹑,Tibetan Partridge,Perdix hodgsoniae,Tibetan Partridge,,
matched_exact,scientificName,103,Perdix perdix,灰山鹑,Grey Partridge,Perdix perdix,Grey Partridge,,
matched_exact,scientificName,104,Perdix dauurica,斑翅山鹑,Daurian Partridge,Perdix dauurica,Daurian Partridge,,
matched_exact,scientificName,105,Syrmaticus reevesii,白冠长尾雉,Reeves's Pheasant,Syrmaticus reevesii,Reeves's Pheasant,,
matched_exact,scientificName,106,Syrmaticus mikado,黑长尾雉,Mikado Pheasant,Syrmaticus mikado,Mikado Pheasant,,IUCN红色名录等级由NT降为LC
matched_exact,scientificName,107,Syrmaticus ellioti,白颈长尾雉,Elliot's Pheasant,Syrmaticus ellioti,Elliot's Pheasant,,IUCN红色名录等级由NT降为LC
matched_exact,scientificName,108,Syrmaticus humiae,黑颈长尾雉,Mrs. Hume's Pheasant,Syrmaticus humiae,Mrs. Hume's Pheasant,,IUCN红色名录等级由NT升为VU
matched_exact,scientificName,109,Chrysolophus pictus,红腹锦鸡,Golden Pheasant,Chrysolophus pictus,Golden Pheasant,,
matched_exact,scientificName,110,Chrysolophus amherstiae,白腹锦鸡,Lady Amherst's Pheasant,Chrysolophus amherstiae,Lady Amherst's Pheasant,,
matched_exact,scientificName,111,Phasianus colchicus,雉鸡,Common Pheasant,Phasianus colchicus,Common Pheasant,,
matched_exact,scientificName,112,Crossoptilon harmani,藏马鸡,Tibetan Eared Pheasant,Crossoptilon harmani,Tibetan Eared Pheasant,,IUCN红色名录等级由NT降为LC
matched_exact,scientificName,113,Crossoptilon crossoptilon,白马鸡,White Eared Pheasant,Crossoptilon crossoptilon,White Eared Pheasant,,IUCN红色名录等级由NT降为LC
matched_exact,scientificName,114,Crossoptilon mantchuricum,褐马鸡,Brown Eared Pheasant,Crossoptilon mantchuricum,Brown Eared Pheasant,,IUCN红色名录等级由VU降为LC
matched_exact,scientificName,115,Crossoptilon auritum,蓝马鸡,Blue Eared Pheasant,Crossoptilon auritum,Blue Eared Pheasant,,
matched_exact,scientificName,116,Lophura swinhoii,蓝腹鹇,Swinhoe's Pheasant,Lophura swinhoii,Swinhoe's Pheasant,,
matched_exact,scientificName,117,Lophura leucomelanos,黑鹇,Kalij Pheasant,Lophura leucomelanos,Kalij Pheasant,,
matched_exact,scientificName,118,Lophura nycthemera,白鹇,Silver Pheasant,Lophura nycthemera,Silver Pheasant,,
matched_exact,scientificName,119,Pavo muticus,绿孔雀,Green Peafowl,Pavo muticus,Green Peafowl,,
matched_exact,scientificName,120,Tropicoperdix chloropus,绿脚树鹧鸪,Green-legged Partridge,Tropicoperdix chloropus,Green-legged Partridge,,
matched_exact,scientificName,121,Polyplectron katsumatae,海南孔雀雉,Hainan Peacock Pheasant,Polyplectron katsumatae,Hainan Peacock-Pheasant,,
matched_exact,scientificName,122,Polyplectron bicalcaratum,灰孔雀雉,Grey Peacock Pheasant,Polyplectron bicalcaratum,Grey Peacock-Pheasant,,
matched_exact,scientificName,123,Bambusicola fytchii,棕胸竹鸡,Mountain Bamboo Partridge,Bambusicola fytchii,Mountain Bamboo Partridge,,
matched_exact,scientificName,124,Bambusicola thoracicus,灰胸竹鸡,Chinese Bamboo Partridge,Bambusicola thoracicus,Chinese Bamboo Partridge,,
matched_exact,scientificName,125,Bambusicola sonorivox,台湾竹鸡,Taiwan Bamboo Partridge,Bambusicola sonorivox,Taiwan Bamboo Partridge,,
matched_exact,scientificName,126,Gallus gallus,红原鸡,Red Junglefowl,Gallus gallus,Red Junglefowl,,
matched_exact,scientificName,127,Francolinus pintadeanus,中华鹧鸪,Chinese Francolin,Francolinus pintadeanus,Chinese Francolin,,
matched_exact,scientificName,128,Tetraogallus tibetanus,藏雪鸡,Tibetan Snowcock,Tetraogallus tibetanus,Tibetan Snowcock,,
matched_exact,scientificName,129,Tetraogallus altaicus,阿尔泰雪鸡,Altai Snowcock,Tetraogallus altaicus,Altai Snowcock,,
matched_exact,scientificName,130,Tetraogallus himalayensis,暗腹雪鸡,Himalayan Snowcock,Tetraogallus himalayensis,Himalayan Snowcock,,
matched_exact,scientificName,131,Synoicus chinensis,蓝胸鹑,King Quail,Synoicus chinensis,King Quail,,
matched_exact,scientificName,132,Coturnix coturnix,西鹌鹑,Common Quail,Coturnix coturnix,Common Quail,,
matched_exact,scientificName,133,Coturnix japonica,鹌鹑,Japanese Quail,Coturnix japonica,Japanese Quail,,
matched_exact,scientificName,134,Coturnix coromandelica,黑胸鹌鹑,Rain Quail,Coturnix coromandelica,Rain Quail,,2024年8月7日，云南芒市，谢利、李世鹏、陈思桥、白冰、杜银磊、张文
matched_exact,scientificName,135,Alectoris chukar,石鸡,Chukar Partridge,Alectoris chukar,Chukar Partridge,,
matched_exact,scientificName,136,Alectoris magna,大石鸡,Rusty-necklaced Partridge,Alectoris magna,Przevalski's Partridge,,
matched_exact,scientificName,138,Gavia stellata,红喉潜鸟,Red-throated Loon,Gavia stellata,Red-throated Loon,,
matched_exact,scientificName,139,Gavia arctica,黑喉潜鸟,Black-throated Loon,Gavia arctica,Black-throated Loon,,
matched_exact,scientificName,140,Gavia pacifica,太平洋潜鸟,Pacific Loon,Gavia pacifica,Pacific Loon,,
matched_exact,scientificName,141,Gavia adamsii,黄嘴潜鸟,Yellow-billed Loon,Gavia adamsii,Yellow-billed Loon,,
matched_exact,scientificName,143,Oceanites oceanicus,黄蹼洋海燕,Wilson's Storm Petrel,Oceanites oceanicus,Wilson's Storm Petrel,,
matched_exact,scientificName,145,Phoebastria immutabilis,黑背信天翁,Laysan Albatross,Phoebastria immutabilis,Laysan Albatross,,
matched_exact,scientificName,146,Phoebastria nigripes,黑脚信天翁,Black-footed Albatross,Phoebastria nigripes,Black-footed Albatross,,
matched_exact,scientificName,147,Phoebastria albatrus,短尾信天翁,Short-tailed Albatross,Phoebastria albatrus,Short-tailed Albatross,,
matched_exact,scientificName,149,Hydrobates monorhis,黑叉尾海燕,Swinhoe's Storm Petrel,Hydrobates monorhis,Swinhoe's Storm Petrel,,
matched_exact,scientificName,150,Hydrobates leucorhous,白腰叉尾海燕,Leach's Storm Petrel,Hydrobates leucorhous,Leach's Storm Petrel,,学名由Hydrobates leucorhoa改为Hydrobates leucorhous
matched_exact,scientificName,151,Hydrobates tristrami,褐翅叉尾海燕,Tristram's Storm Petrel,Hydrobates tristrami,Tristram's Storm Petrel,,
matched_exact,scientificName,152,Hydrobates matsudairae,日本叉尾海燕,Matsudaira's Storm Petrel,Hydrobates matsudairae,Matsudaira's Storm Petrel,,
matched_exact,scientificName,154,Fulmarus glacialis,暴雪鹱,Northern Fulmar,Fulmarus glacialis,Northern Fulmar,,
matched_exact,scientificName,155,Pterodroma solandri,棕头圆尾鹱,Providence Petrel,Pterodroma solandri,Providence Petrel,,2022年3月5日，台湾基隆，蔡志伟、黄重融、洪贯捷等
matched_exact,scientificName,156,Pterodroma heraldica,信使圆尾鹱,Herald Petrel,Pterodroma heraldica,Herald Petrel,,
matched_exact,scientificName,157,Pterodroma hypoleuca,白额圆尾鹱,Bonin Petrel,Pterodroma hypoleuca,Bonin Petrel,,
matched_exact,scientificName,158,Pseudobulweria rostrata,钩嘴圆尾鹱,Tahiti Petrel,Pseudobulweria rostrata,Tahiti Petrel,,
matched_exact,scientificName,159,Calonectris leucomelas,白额鹱,Streaked Shearwater,Calonectris leucomelas,Streaked Shearwater,,
matched_exact,scientificName,160,Ardenna pacifica,楔尾鹱,Wedge-tailed Shearwater,Ardenna pacifica,Wedge-tailed Shearwater,,
matched_exact,scientificName,161,Ardenna grisea,灰鹱,Sooty Shearwater,Ardenna grisea,Sooty Shearwater,,
matched_exact,scientificName,162,Ardenna tenuirostris,短尾鹱,Short-tailed Shearwater,Ardenna tenuirostris,Short-tailed Shearwater,,
matched_exact,scientificName,163,Ardenna carneipes,淡足鹱,Flesh-footed Shearwater,Ardenna carneipes,Flesh-footed Shearwater,,
matched_exact,scientificName,164,Puffinus nativitatis,黑鹱,Christmas Shearwater,Puffinus nativitatis,Christmas Shearwater,,2022年9月14日，台湾宜兰
matched_exact,scientificName,165,Bulweria bulwerii,褐燕鹱,Bulwer's Petrel,Bulweria bulwerii,Bulwer's Petrel,,
matched_exact,scientificName,167,Tachybaptus ruficollis,小䴙䴘,Little Grebe,Tachybaptus ruficollis,Little Grebe,,
matched_exact,scientificName,168,Podiceps grisegena,赤颈䴙䴘,Red-necked Grebe,Podiceps grisegena,Red-necked Grebe,,
matched_exact,scientificName,169,Podiceps cristatus,凤头䴙䴘,Great Crested Grebe,Podiceps cristatus,Great Crested Grebe,,
matched_exact,scientificName,170,Podiceps auritus,角䴙䴘,Horned Grebe,Podiceps auritus,Horned Grebe,,
matched_exact,scientificName,171,Podiceps nigricollis,黑颈䴙䴘,Black-necked Grebe,Podiceps nigricollis,Black-necked Grebe,,
matched_exact,scientificName,173,Phoenicopterus roseus,大红鹳,Greater Flamingo,Phoenicopterus roseus,Greater Flamingo,,
matched_exact,scientificName,175,Phaethon aethereus,红嘴鹲,Red-billed Tropicbird,Phaethon aethereus,Red-billed Tropicbird,,
matched_exact,scientificName,176,Phaethon rubricauda,红尾鹲,Red-tailed Tropicbird,Phaethon rubricauda,Red-tailed Tropicbird,,
matched_exact,scientificName,177,Phaethon lepturus,白尾鹲,White-tailed Tropicbird,Phaethon lepturus,White-tailed Tropicbird,,
matched_exact,scientificName,179,Anastomus oscitans,钳嘴鹳,Asian Openbill,Anastomus oscitans,Asian Openbill,,
matched_exact,scientificName,180,Leptoptilos javanicus,秃鹳,Lesser Adjutant,Leptoptilos javanicus,Lesser Adjutant,,IUCN红色名录等级由VU降为NT
matched_exact,scientificName,181,Mycteria leucocephala,彩鹳,Painted Stork,Mycteria leucocephala,Painted Stork,,IUCN红色名录等级由NT降为LC
matched_exact,scientificName,182,Ciconia episcopus,白颈鹳,Asian Woolly-necked Stork,Ciconia episcopus,Asian Woolly-necked Stork,,英文名由Asian Woollyneck改为Asian Woolly-necked Stork
matched_exact,scientificName,183,Ciconia nigra,黑鹳,Black Stork,Ciconia nigra,Black Stork,,
matched_exact,scientificName,184,Ciconia ciconia,白鹳,White Stork,Ciconia ciconia,White Stork,,
matched_exact,scientificName,185,Ciconia boyciana,东方白鹳,Oriental Stork,Ciconia boyciana,Oriental Stork,,
matched_exact,scientificName,187,Threskiornis melanocephalus,黑头白鹮,Black-headed Ibis,Threskiornis melanocephalus,Black-headed Ibis,,IUCN红色名录等级由NT降为LC
matched_exact,scientificName,188,Pseudibis davisoni,白肩黑鹮,White-shouldered Ibis,Pseudibis davisoni,White-shouldered Ibis,,
matched_exact,scientificName,189,Nipponia nippon,朱鹮,Crested Ibis,Nipponia nippon,Crested Ibis,,
matched_exact,scientificName,190,Plegadis falcinellus,彩鹮,Glossy Ibis,Plegadis falcinellus,Glossy Ibis,,
matched_exact,scientificName,191,Platalea leucorodia,白琵鹭,Eurasian Spoonbill,Platalea leucorodia,Eurasian Spoonbill,,
matched_exact,scientificName,192,Platalea minor,黑脸琵鹭,Black-faced Spoonbill,Platalea minor,Black-faced Spoonbill,,
matched_exact,scientificName,194,Botaurus stellaris,大麻鳽,Great Bittern,Botaurus stellaris,Eurasian Bittern,,
matched_exact,scientificName,195,Botaurus flavicollis,黑鳽,Black Bittern,Botaurus flavicollis,Black Bittern,,由Ixobrychus属归入Botaurus属（Päckert et al. 2014；Hruska et al. 2023；Chesser et al. 2024）
matched_exact,scientificName,196,Botaurus cinnamomeus,栗苇鳽,Cinnamon Bittern,Botaurus cinnamomeus,Cinnamon Bittern,,由Ixobrychus属归入Botaurus属（Päckert et al. 2014；Hruska et al. 2023；Chesser et al. 2024）
matched_exact,scientificName,197,Botaurus eurhythmus,紫背苇鳽,Von Schrenck's Bittern,Botaurus eurhythmus,Von Schrenck's Bittern,,由Ixobrychus属归入Botaurus属（Päckert et al. 2014；Hruska et al. 2023；Chesser et al. 2024）
matched_exact,scientificName,198,Botaurus minutus,小苇鳽,Little Bittern,Botaurus minutus,Little Bittern,,由Ixobrychus属归入Botaurus属（Päckert et al. 2014；Hruska et al. 2023；Chesser et al. 2024）
matched_exact,scientificName,199,Botaurus sinensis,黄苇鳽,Yellow Bittern,Botaurus sinensis,Yellow Bittern,,由Ixobrychus属归入Botaurus属（Päckert et al. 2014；Hruska et al. 2023；Chesser et al. 2024）
matched_exact,scientificName,200,Nycticorax nycticorax,夜鹭,Black-crowned Night Heron,Nycticorax nycticorax,Black-crowned Night Heron,,
matched_exact,scientificName,201,Nycticorax caledonicus,棕夜鹭,Nankeen Night Heron,Nycticorax caledonicus,Nankeen Night Heron,,
matched_exact,scientificName,202,Gorsachius melanolophus,黑冠鳽,Malayan Night Heron,Gorsachius melanolophus,Malayan Night Heron,,
matched_exact,scientificName,203,Gorsachius goisagi,栗鳽,Japanese Night Heron,Gorsachius goisagi,Japanese Night Heron,,
matched_exact,scientificName,204,Egretta sacra,岩鹭,Pacific Reef Heron,Egretta sacra,Pacific Reef Heron,,
matched_exact,scientificName,205,Egretta eulophotes,黄嘴白鹭,Chinese Egret,Egretta eulophotes,Chinese Egret,,
matched_exact,scientificName,206,Egretta garzetta,白鹭,Little Egret,Egretta garzetta,Little Egret,,
matched_exact,scientificName,207,Egretta picata,斑鹭,Pied Heron,Egretta picata,Pied Heron,,
matched_exact,scientificName,208,Egretta novaehollandiae,白脸鹭,White-faced Heron,Egretta novaehollandiae,White-faced Heron,,
matched_exact,scientificName,209,Oroanassa magnifica,海南鳽,White-eared Night Heron,Oroanassa magnifica,White-eared Night Heron,,由Gorsachius属移入Oroanassa属，学名由Gorsachius magnificus改为Oroanassa magnifica（Hruska et al. 2023）
matched_exact,scientificName,210,Butorides striata,绿鹭,Striated Heron,Butorides striata,Striated Heron,,
matched_exact,scientificName,211,Ardeola grayii,印度池鹭,Indian Pond Heron,Ardeola grayii,Indian Pond Heron,,
matched_exact,scientificName,212,Ardeola bacchus,池鹭,Chinese Pond Heron,Ardeola bacchus,Chinese Pond Heron,,
matched_exact,scientificName,213,Ardeola speciosa,爪哇池鹭,Javan Pond Heron,Ardeola speciosa,Javan Pond Heron,,
matched_exact,scientificName,214,Ardea alba,大白鹭,Great Egret,Ardea alba,Great Egret,,
matched_exact,scientificName,215,Ardea intermedia,中白鹭,Intermediate Egret,Ardea intermedia,Medium Egret,,
matched_exact,scientificName,216,Ardea coromanda,牛背鹭,Eastern Cattle Egret,Ardea coromanda,Eastern Cattle Egret,,由Bubulcus属移入Ardea属，学名由Bubulcus coromandus改为Ardea coromanda（Hruska et al. 2023；Chesser et al. 2024）
matched_exact,scientificName,217,Ardea cinerea,苍鹭,Grey Heron,Ardea cinerea,Grey Heron,,
matched_exact,scientificName,218,Ardea purpurea,草鹭,Purple Heron,Ardea purpurea,Purple Heron,,
matched_exact,scientificName,219,Ardea insignis,白腹鹭,White-bellied Heron,Ardea insignis,White-bellied Heron,,
matched_exact,scientificName,221,Pelecanus onocrotalus,白鹈鹕,Great White Pelican,Pelecanus onocrotalus,Great White Pelican,,
matched_exact,scientificName,222,Pelecanus philippensis,斑嘴鹈鹕,Spot-billed Pelican,Pelecanus philippensis,Spot-billed Pelican,,
matched_exact,scientificName,223,Pelecanus crispus,卷羽鹈鹕,Dalmatian Pelican,Pelecanus crispus,Dalmatian Pelican,,
matched_exact,scientificName,225,Fregata ariel,白斑军舰鸟,Lesser Frigatebird,Fregata ariel,Lesser Frigatebird,,
matched_exact,scientificName,226,Fregata minor,黑腹军舰鸟,Great Frigatebird,Fregata minor,Great Frigatebird,,中文名由大军舰鸟改为黑腹军舰鸟
matched_exact,scientificName,227,Fregata andrewsi,白腹军舰鸟,Christmas Island Frigatebird,Fregata andrewsi,Christmas Frigatebird,,IUCN红色名录等级由CR降为VU
matched_exact,scientificName,229,Sula sula,红脚鲣鸟,Red-footed Booby,Sula sula,Red-footed Booby,,
matched_exact,scientificName,230,Sula leucogaster,褐鲣鸟,Brown Booby,Sula leucogaster,Brown Booby,,
matched_exact,scientificName,231,Sula dactylatra,蓝脸鲣鸟,Masked Booby,Sula dactylatra,Masked Booby,,
matched_exact,scientificName,233,Anhinga melanogaster,黑腹蛇鹈,Oriental Darter,Anhinga melanogaster,Oriental Darter,,IUCN红色名录等级由NT降为LC
matched_exact,scientificName,235,Microcarbo pygmaeus,侏鸬鹚,Pygmy Cormorant,Microcarbo pygmaeus,Pygmy Cormorant,,
matched_exact,scientificName,236,Microcarbo niger,黑颈鸬鹚,Little Cormorant,Microcarbo niger,Little Cormorant,,
matched_exact,scientificName,237,Urile urile,红脸鸬鹚,Red-faced Cormorant,Urile urile,Red-faced Cormorant,,
matched_exact,scientificName,238,Urile pelagicus,海鸬鹚,Pelagic Cormorant,Urile pelagicus,Pelagic Cormorant,,
matched_exact,scientificName,239,Phalacrocorax capillatus,暗绿背鸬鹚,Japanese Cormorant,Phalacrocorax capillatus,Japanese Cormorant,,
matched_exact,scientificName,240,Phalacrocorax carbo,普通鸬鹚,Great Cormorant,Phalacrocorax carbo,Great Cormorant,,
matched_exact,scientificName,242,Pandion haliaetus,鹗,Osprey,Pandion haliaetus,Osprey,,"英文名由Western Osprey改为Osprey（Monti et al. 2015; Monti et. al. 2018; HBW/BirdLife, Clements）"
matched_exact,scientificName,244,Elanus caeruleus,黑翅鸢,Black-winged Kite,Elanus caeruleus,Black-winged Kite,,
matched_exact,scientificName,245,Gypaetus barbatus,胡兀鹫,Lammergeier,Gypaetus barbatus,Bearded Vulture,,
matched_exact,scientificName,246,Neophron percnopterus,白兀鹫,Egyptian Vulture,Neophron percnopterus,Egyptian Vulture,,
matched_exact,scientificName,247,Pernis apivorus,鹃头蜂鹰,European Honey Buzzard,Pernis apivorus,European Honey Buzzard,,
matched_exact,scientificName,248,Pernis ptilorhynchus,凤头蜂鹰,Crested Honey-buzzard,Pernis ptilorhynchus,Crested Honey Buzzard,,
matched_exact,scientificName,249,Aviceda jerdoni,褐冠鹃隼,Jerdon's Baza,Aviceda jerdoni,Jerdon's Baza,,
matched_exact,scientificName,250,Aviceda leuphotes,黑冠鹃隼,Black Baza,Aviceda leuphotes,Black Baza,,
matched_exact,scientificName,251,Gyps bengalensis,白背兀鹫,White-rumped Vulture,Gyps bengalensis,White-rumped Vulture,,
matched_exact,scientificName,252,Gyps tenuirostris,细嘴兀鹫,Slender-billed Vulture,Gyps tenuirostris,Slender-billed Vulture,,
matched_exact,scientificName,253,Gyps himalayensis,高山兀鹫,Himalayan Vulture,Gyps himalayensis,Himalayan Vulture,,
matched_exact,scientificName,254,Gyps fulvus,兀鹫,Griffon Vulture,Gyps fulvus,Griffon Vulture,,
matched_exact,scientificName,255,Sarcogyps calvus,黑兀鹫,Red-headed Vulture,Sarcogyps calvus,Red-headed Vulture,,
matched_exact,scientificName,256,Aegypius monachus,秃鹫,Cinereous Vulture,Aegypius monachus,Cinereous Vulture,,
matched_exact,scientificName,257,Spilornis cheela,蛇雕,Crested Serpent Eagle,Spilornis cheela,Crested Serpent Eagle,,
matched_exact,scientificName,258,Circaetus gallicus,短趾雕,Short-toed Snake Eagle,Circaetus gallicus,Short-toed Snake Eagle,,
matched_exact,scientificName,259,Nisaetus cirrhatus,凤头鹰雕,Changeable Hawk-Eagle,Nisaetus cirrhatus,Changeable Hawk-Eagle,,
matched_exact,scientificName,260,Nisaetus nipalensis,鹰雕,Mountain Hawk-Eagle,Nisaetus nipalensis,Mountain Hawk-Eagle,,
matched_exact,scientificName,261,Lophotriorchis kienerii,棕腹隼雕,Rufous-bellied Eagle,Lophotriorchis kienerii,Rufous-bellied Eagle,,
matched_exact,scientificName,262,Ictinaetus malaiensis,林雕,Black Eagle,Ictinaetus malaiensis,Black Eagle,,
matched_exact,scientificName,263,Clanga clanga,乌雕,Greater Spotted Eagle,Clanga clanga,Greater Spotted Eagle,,
matched_exact,scientificName,264,Hieraaetus pennatus,靴隼雕,Booted Eagle,Hieraaetus pennatus,Booted Eagle,,
matched_exact,scientificName,265,Aquila nipalensis,草原雕,Steppe Eagle,Aquila nipalensis,Steppe Eagle,,
matched_exact,scientificName,266,Aquila heliaca,白肩雕,Eastern Imperial Eagle,Aquila heliaca,Eastern Imperial Eagle,,
matched_exact,scientificName,267,Aquila chrysaetos,金雕,Golden Eagle,Aquila chrysaetos,Golden Eagle,,
matched_exact,scientificName,268,Aquila fasciata,白腹隼雕,Bonelli's Eagle,Aquila fasciata,Bonelli's Eagle,,
matched_exact,scientificName,269,Lophospiza trivirgata,凤头鹰,Crested Goshawk,Lophospiza trivirgata,Crested Goshawk,,由Accipiter属移入重新恢复的Lophospiza属，学名由Accipiter trivirgatus改为Lophospiza trivirgata（Lerner & Mindell 2005；Mindell et al. 2018；Sangster et al.2021；Catanach et al.2024）
matched_exact,scientificName,270,Tachyspiza badia,褐耳鹰,Shikra,Tachyspiza badia,Shikra,,由Accipiter属移入重新恢复的Tachyspiza属，学名由Accipiter badius改为Tachyspiza badia（Lerner & Mindell 2005；Mindell et al. 2018；Catanach et al.2024）。
matched_exact,scientificName,271,Tachyspiza soloensis,赤腹鹰,Chinese Sparrowhawk,Tachyspiza soloensis,Chinese Sparrowhawk,,由Accipiter属移入重新恢复的Tachyspiza属（Lerner & Mindell 2005；Mindell et al. 2018；Catanach et al.2024）。
matched_exact,scientificName,272,Tachyspiza gularis,日本松雀鹰,Japanese Sparrowhawk,Tachyspiza gularis,Japanese Sparrowhawk,,由Accipiter属移入重新恢复的Tachyspiza属（Lerner & Mindell 2005；Mindell et al. 2018；Catanach et al.2024）。
matched_exact,scientificName,273,Tachyspiza virgata,松雀鹰,Besra,Tachyspiza virgata,Besra,,由Accipiter属移入重新恢复的Tachyspiza属，学名由Accipiter virgatus改为Tachyspiza virgata（Lerner & Mindell 2005；Mindell et al. 2018；Catanach et al.2024）。
matched_exact,scientificName,274,Accipiter nisus,雀鹰,Eurasian Sparrowhawk,Accipiter nisus,Eurasian Sparrowhawk,,
matched_exact,scientificName,275,Astur gentilis,苍鹰,Eurasian Goshawk,Astur gentilis,Eurasian Goshawk,,英文名由Northern Goshawk改为Eurasian Goshawk，由Accipiter属移入重新恢复的Astur属（Lerner & Mindell 2005；Mindell et al. 2018；Sangster et al.2021；Catanach et al.2024）
matched_exact,scientificName,276,Circus aeruginosus,白头鹞,Western Marsh Harrier,Circus aeruginosus,Western Marsh Harrier,,
matched_exact,scientificName,277,Circus spilonotus,白腹鹞,Eastern Marsh Harrier,Circus spilonotus,Eastern Marsh Harrier,,
matched_exact,scientificName,278,Circus cyaneus,白尾鹞,Hen Harrier,Circus cyaneus,Hen Harrier,,
matched_exact,scientificName,279,Circus macrourus,草原鹞,Pallid Harrier,Circus macrourus,Pallid Harrier,,
matched_exact,scientificName,280,Circus melanoleucos,鹊鹞,Pied Harrier,Circus melanoleucos,Pied Harrier,,
matched_exact,scientificName,281,Circus pygargus,乌灰鹞,Montagu's Harrier,Circus pygargus,Montagu's Harrier,,
matched_exact,scientificName,282,Milvus migrans,黑鸢,Black Kite,Milvus migrans,Black Kite,,
matched_exact,scientificName,283,Haliastur indus,栗鸢,Brahminy Kite,Haliastur indus,Brahminy Kite,,
matched_exact,scientificName,284,Haliaeetus pelagicus,虎头海雕,Steller's Sea Eagle,Haliaeetus pelagicus,Steller's Sea Eagle,,
matched_exact,scientificName,285,Haliaeetus leucoryphus,玉带海雕,Pallas's Fish Eagle,Haliaeetus leucoryphus,Pallas's Fish Eagle,,
matched_exact,scientificName,286,Haliaeetus albicilla,白尾海雕,White-tailed Eagle,Haliaeetus albicilla,White-tailed Eagle,,
matched_exact,scientificName,287,Icthyophaga leucogaster,白腹海雕,White-bellied Sea Eagle,Icthyophaga leucogaster,White-bellied Sea Eagle,,由Haliaeetus属移入重新恢复的Icthyophaga属（Mindell et al. 2018）
matched_exact,scientificName,288,Icthyophaga humilis,渔雕,Lesser Fish Eagle,Icthyophaga humilis,Lesser Fish Eagle,,由Haliaeetus属移入重新恢复的Icthyophaga属（Mindell et al. 2018）
matched_exact,scientificName,289,Butastur teesa,白眼鵟鹰,White-eyed Buzzard,Butastur teesa,White-eyed Buzzard,,
matched_exact,scientificName,290,Butastur liventer,棕翅鵟鹰,Rufous-winged Buzzard,Butastur liventer,Rufous-winged Buzzard,,
matched_exact,scientificName,291,Butastur indicus,灰脸鵟鹰,Grey-faced Buzzard,Butastur indicus,Grey-faced Buzzard,,
matched_exact,scientificName,292,Buteo lagopus,毛脚鵟,Rough-legged Buzzard,Buteo lagopus,Rough-legged Buzzard,,
matched_exact,scientificName,293,Buteo hemilasius,大鵟,Upland Buzzard,Buteo hemilasius,Upland Buzzard,,
matched_exact,scientificName,294,Buteo japonicus,普通鵟,Eastern Buzzard,Buteo japonicus,Eastern Buzzard,,
matched_exact,scientificName,295,Buteo refectus,喜山鵟,Himalayan Buzzard,Buteo refectus,Himalayan Buzzard,,
matched_exact,scientificName,296,Buteo rufinus,棕尾鵟,Long-legged Buzzard,Buteo rufinus,Long-legged Buzzard,,
matched_exact,scientificName,297,Buteo buteo,欧亚鵟,Common Buzzard,Buteo buteo,Common Buzzard,,
matched_exact,scientificName,299,Otis tarda,大鸨,Great Bustard,Otis tarda,Great Bustard,,IUCN红色名录等级由VU升为EN
matched_exact,scientificName,300,Chlamydotis macqueenii,波斑鸨,Asian Houbara,Chlamydotis macqueenii,Asian Houbara,,英文名由Macqueen's Bustard改为Asian Houbara
matched_exact,scientificName,301,Tetrax tetrax,小鸨,Little Bustard,Tetrax tetrax,Little Bustard,,
matched_exact,scientificName,303,Rallus aquaticus,西方秧鸡,Water Rail,Rallus aquaticus,Water Rail,,
matched_exact,scientificName,304,Rallus indicus,普通秧鸡,Brown-cheeked Rail,Rallus indicus,Brown-cheeked Rail,,
matched_exact,scientificName,305,Crex crex,长脚秧鸡,Corn Crake,Crex crex,Corn Crake,,
matched_exact,scientificName,306,Lewinia striata,灰胸秧鸡,Slaty-breasted Rail,Lewinia striata,Slaty-breasted Rail,,中文名由蓝胸秧鸡改为灰胸秧鸡
matched_exact,scientificName,307,Porzana porzana,斑胸田鸡,Spotted Crake,Porzana porzana,Spotted Crake,,
matched_exact,scientificName,308,Gallinula chloropus,黑水鸡,Common Moorhen,Gallinula chloropus,Common Moorhen,,
matched_exact,scientificName,309,Fulica atra,白骨顶,Eurasian Coot,Fulica atra,Eurasian Coot,,中文名由骨顶鸡改为白骨顶
unmatched,englishName,310,Porphyrio poliocephalus,紫水鸡,Grey-headed Swamphen,,,,
unmatched,englishName,311,Porphyrio indicus,黑背紫水鸡,Black-backed Swamphen,,,,
matched_exact,scientificName,312,Coturnicops exquisitus,花田鸡,Swinhoe's Rail,Coturnicops exquisitus,Swinhoe's Rail,,IUCN红色名录等级由VU降为LC
matched_exact,scientificName,313,Zapornia paykullii,斑胁田鸡,Band-bellied Crake,Zapornia paykullii,Band-bellied Crake,,
matched_exact,scientificName,314,Zapornia bicolor,棕背田鸡,Black-tailed Crake,Zapornia bicolor,Black-tailed Crake,,
matched_exact,scientificName,315,Zapornia akool,红脚田鸡,Brown Crake,Zapornia akool,Brown Crake,,中文名由红脚苦恶鸟改为红脚田鸡
matched_exact,scientificName,316,Zapornia pusilla,小田鸡,Baillon's Crake,Zapornia pusilla,Baillon's Crake,,
matched_exact,scientificName,317,Zapornia parva,姬田鸡,Little Crake,Zapornia parva,Little Crake,,
matched_exact,scientificName,318,Zapornia fusca,红胸田鸡,Ruddy-breasted Crake,Zapornia fusca,Ruddy-breasted Crake,,
matched_exact,scientificName,319,Rallina eurizonoides,白喉斑秧鸡,Slaty-legged Crake,Rallina eurizonoides,Slaty-legged Crake,,
matched_exact,scientificName,320,Rallina fasciata,红腿斑秧鸡,Red-legged Crake,Rallina fasciata,Red-legged Crake,,
matched_exact,scientificName,321,Poliolimnas cinereus,白眉田鸡,White-browed Crake,Poliolimnas cinereus,White-browed Crake,,
matched_exact,scientificName,322,Gallicrex cinerea,董鸡,Watercock,Gallicrex cinerea,Watercock,,
matched_exact,scientificName,323,Amaurornis phoenicurus,白胸苦恶鸟,White-breasted Waterhen,Amaurornis phoenicurus,White-breasted Waterhen,,
matched_exact,scientificName,325,Leucogeranus leucogeranus,白鹤,Siberian Crane,Leucogeranus leucogeranus,Siberian Crane,,
matched_exact,scientificName,326,Antigone canadensis,沙丘鹤,Sandhill Crane,Antigone canadensis,Sandhill Crane,,
matched_exact,scientificName,327,Antigone vipio,白枕鹤,White-naped Crane,Antigone vipio,White-naped Crane,,
matched_exact,scientificName,328,Antigone antigone,赤颈鹤,Sarus Crane,Antigone antigone,Sarus Crane,,
matched_exact,scientificName,329,Grus virgo,蓑羽鹤,Demoiselle Crane,Grus virgo,Demoiselle Crane,,
matched_exact,scientificName,330,Grus japonensis,丹顶鹤,Red-crowned Crane,Grus japonensis,Red-crowned Crane,,
matched_exact,scientificName,331,Grus grus,灰鹤,Common Crane,Grus grus,Common Crane,,
matched_exact,scientificName,332,Grus monacha,白头鹤,Hooded Crane,Grus monacha,Hooded Crane,,
matched_exact,scientificName,333,Grus nigricollis,黑颈鹤,Black-necked Crane,Grus nigricollis,Black-necked Crane,,
matched_exact,scientificName,335,Turnix tanki,黄脚三趾鹑,Yellow-legged Buttonquail,Turnix tanki,Yellow-legged Buttonquail,,
matched_exact,scientificName,336,Turnix suscitator,棕三趾鹑,Barred Buttonquail,Turnix suscitator,Barred Buttonquail,,
matched_exact,scientificName,337,Turnix sylvaticus,林三趾鹑,Common Buttonquail,Turnix sylvaticus,Common Buttonquail,,
matched_exact,scientificName,339,Esacus recurvirostris,大石鸻,Great Thick-knee,Esacus recurvirostris,Great Stone-curlew,,
matched_exact,scientificName,340,Burhinus oedicnemus,石鸻,Eurasian Thick-knee,Burhinus oedicnemus,Eurasian Stone-curlew,,中文名由欧石鸻恢复为传统中文名石鸻
matched_exact,scientificName,342,Haematopus ostralegus,蛎鹬,Eurasian Oystercatcher,Haematopus ostralegus,Eurasian Oystercatcher,,
matched_exact,scientificName,344,Ibidorhyncha struthersii,鹮嘴鹬,Ibisbill,Ibidorhyncha struthersii,Ibisbill,,
matched_exact,scientificName,346,Himantopus himantopus,黑翅长脚鹬,Black-winged Stilt,Himantopus himantopus,Black-winged Stilt,,
matched_exact,scientificName,347,Himantopus leucocephalus,澳洲长脚鹬,Pied Stilt,Himantopus leucocephalus,Pied Stilt,,2022年4月9日，台湾屏东，刘川
matched_exact,scientificName,348,Recurvirostra avosetta,反嘴鹬,Pied Avocet,Recurvirostra avosetta,Pied Avocet,,
matched_exact,scientificName,350,Pluvialis squatarola,灰斑鸻,Grey Plover,Pluvialis squatarola,Grey Plover,,IUCN红色名录等级由LC升为VU
matched_exact,scientificName,351,Pluvialis apricaria,欧金鸻,European Golden Plover,Pluvialis apricaria,European Golden Plover,,
matched_exact,scientificName,352,Pluvialis fulva,金斑鸻,Pacific Golden Plover,Pluvialis fulva,Pacific Golden Plover,,
matched_exact,scientificName,353,Pluvialis dominica,美洲金鸻,American Golden Plover,Pluvialis dominica,American Golden Plover,,
matched_exact,scientificName,354,Eudromias morinellus,小嘴鸻,Eurasian Dotterel,Eudromias morinellus,Eurasian Dotterel,,由Charadrius属移入Eudromias属 (dos Remedios et al. 2015; Černý & Natale 2022).
matched_exact,scientificName,355,Charadrius hiaticula,剑鸻,Common Ringed Plover,Charadrius hiaticula,Common Ringed Plover,,
matched_name_conflict_avilist_taxonomy_used,englishName,356,Charadrius dubius,金眶鸻,Little Ringed Plover,Thinornis dubius,Little Ringed Plover,Thinornis dubius,
matched_name_conflict_avilist_taxonomy_used,englishName,357,Charadrius placidus,长嘴剑鸻,Long-billed Plover,Thinornis placidus,Long-billed Plover,Thinornis placidus,
matched_exact,scientificName,358,Vanellus vanellus,凤头麦鸡,Northern Lapwing,Vanellus vanellus,Northern Lapwing,,
matched_exact,scientificName,359,Vanellus duvaucelii,距翅麦鸡,River Lapwing,Vanellus duvaucelii,River Lapwing,,
matched_exact,scientificName,360,Vanellus cinereus,灰头麦鸡,Grey-headed Lapwing,Vanellus cinereus,Grey-headed Lapwing,,
matched_exact,scientificName,361,Vanellus indicus,肉垂麦鸡,Red-wattled Lapwing,Vanellus indicus,Red-wattled Lapwing,,
matched_exact,scientificName,362,Vanellus gregarius,黄颊麦鸡,Sociable Lapwing,Vanellus gregarius,Sociable Lapwing,,
matched_exact,scientificName,363,Vanellus leucurus,白尾麦鸡,White-tailed Lapwing,Vanellus leucurus,White-tailed Lapwing,,
matched_exact,scientificName,364,Anarhynchus asiaticus,红胸鸻,Caspian Plover,Anarhynchus asiaticus,Caspian Plover,,由Charadrius属移入Anarhynchus属（dos Remedios et al. 2015; Eaton et al. 2021）
matched_exact,scientificName,365,Anarhynchus veredus,东方鸻,Oriental Plover,Anarhynchus veredus,Oriental Plover,,由Charadrius属移入Anarhynchus属（dos Remedios et al. 2015; Eaton et al. 2021）
matched_exact,scientificName,366,Anarhynchus atrifrons,青藏沙鸻,Tibetan Sand Plover,Anarhynchus atrifrons,Tibetan Sand Plover,,IUCN红色名录等级由NR调整为LC，将蒙古沙鸻的pamirensis、atrifrons、schaeferi亚种作为独立种青藏沙鸻Charadrius atrifrons（Wei et al. 2022）由Charadrius属移入Anarhynchus属（dos Remedios et al. 2015; Eaton et al. 2021）
matched_exact,scientificName,367,Anarhynchus mongolus,蒙古沙鸻,Siberian Sand Plover,Anarhynchus mongolus,Siberian Sand Plover,,IUCN红色名录等级由LC升为EN，英文名由Lesser Sand Plover为Siberian Sand Plover，由Charadrius属移入Anarhynchus属（dos Remedios et al. 2015; Eaton et al. 2021）
matched_exact,scientificName,368,Anarhynchus leschenaultii,铁嘴沙鸻,Greater Sand Plover,Anarhynchus leschenaultii,Greater Sand Plover,,由Charadrius属移入Anarhynchus属（dos Remedios et al. 2015; Eaton et al. 2021）
matched_exact,scientificName,369,Anarhynchus alexandrinus,环颈鸻,Kentish Plover,Anarhynchus alexandrinus,Kentish Plover,,由Charadrius属移入Anarhynchus属（dos Remedios et al. 2015; Eaton et al. 2021）
matched_exact,scientificName,370,Anarhynchus dealbatus,白脸鸻,White-faced Plover,Anarhynchus dealbatus,White-faced Plover,,IUCN红色名录等级由DD调整为LC，由Charadrius属移入Anarhynchus属（dos Remedios et al. 2015; Eaton et al. 2021）
matched_exact,scientificName,372,Rostratula benghalensis,彩鹬,Greater Painted Snipe,Rostratula benghalensis,Greater Painted-snipe,,
matched_exact,scientificName,374,Hydrophasianus chirurgus,水雉,Pheasant-tailed Jacana,Hydrophasianus chirurgus,Pheasant-tailed Jacana,,
matched_exact,scientificName,375,Metopidius indicus,铜翅水雉,Bronze-winged Jacana,Metopidius indicus,Bronze-winged Jacana,,
matched_exact,scientificName,377,Numenius phaeopus,中杓鹬,Eurasian Whimbrel,Numenius phaeopus,Eurasian Whimbrel,,
matched_exact,scientificName,378,Numenius minutus,小杓鹬,Little Curlew,Numenius minutus,Little Curlew,,
matched_exact,scientificName,379,Numenius madagascariensis,大杓鹬,Eastern Curlew,Numenius madagascariensis,Far Eastern Curlew,,
matched_exact,scientificName,380,Numenius arquata,白腰杓鹬,Eurasian Curlew,Numenius arquata,Eurasian Curlew,,
matched_exact,scientificName,381,Limosa lapponica,斑尾塍鹬,Bar-tailed Godwit,Limosa lapponica,Bar-tailed Godwit,,
matched_exact,scientificName,382,Limosa limosa,黑尾塍鹬,Black-tailed Godwit,Limosa limosa,Black-tailed Godwit,,
matched_exact,scientificName,383,Limnodromus semipalmatus,半蹼鹬,Asian Dowitcher,Limnodromus semipalmatus,Asian Dowitcher,,
matched_exact,scientificName,384,Limnodromus scolopaceus,长嘴半蹼鹬,Long-billed Dowitcher,Limnodromus scolopaceus,Long-billed Dowitcher,,中文名由长嘴鹬改为长嘴半蹼鹬 IUCN红色名录等级由LC升为NT
matched_exact,scientificName,385,Lymnocryptes minimus,姬鹬,Jack Snipe,Lymnocryptes minimus,Jack Snipe,,
matched_exact,scientificName,386,Scolopax rusticola,丘鹬,Eurasian Woodcock,Scolopax rusticola,Eurasian Woodcock,,
matched_exact,scientificName,387,Gallinago solitaria,孤沙锥,Solitary Snipe,Gallinago solitaria,Solitary Snipe,,
matched_exact,scientificName,388,Gallinago nemoricola,林沙锥,Wood Snipe,Gallinago nemoricola,Wood Snipe,,
matched_exact,scientificName,389,Gallinago stenura,针尾沙锥,Pin-tailed Snipe,Gallinago stenura,Pin-tailed Snipe,,
matched_exact,scientificName,390,Gallinago megala,大沙锥,Swinhoe's Snipe,Gallinago megala,Swinhoe's Snipe,,
matched_exact,scientificName,391,Gallinago hardwickii,拉氏沙锥,Latham's Snipe,Gallinago hardwickii,Latham's Snipe,,中文名由澳南沙锥改为拉氏沙锥，IUCN红色名录等级由LC升为NT
matched_exact,scientificName,392,Gallinago gallinago,扇尾沙锥,Common Snipe,Gallinago gallinago,Common Snipe,,
matched_exact,scientificName,393,Phalaropus fulicarius,灰瓣蹼鹬,Red Phalarope,Phalaropus fulicarius,Red Phalarope,,
matched_exact,scientificName,394,Phalaropus lobatus,红颈瓣蹼鹬,Red-necked Phalarope,Phalaropus lobatus,Red-necked Phalarope,,
matched_exact,scientificName,395,Xenus cinereus,翘嘴鹬,Terek Sandpiper,Xenus cinereus,Terek Sandpiper,,
matched_exact,scientificName,396,Actitis hypoleucos,矶鹬,Common Sandpiper,Actitis hypoleucos,Common Sandpiper,,
matched_exact,scientificName,397,Tringa ochropus,白腰草鹬,Green Sandpiper,Tringa ochropus,Green Sandpiper,,
matched_exact,scientificName,398,Tringa brevipes,灰尾漂鹬,Grey-tailed Tattler,Tringa brevipes,Grey-tailed Tattler,,IUCN红色名录等级由NT降为LC
matched_exact,scientificName,399,Tringa incana,漂鹬,Wandering Tattler,Tringa incana,Wandering Tattler,,
matched_exact,scientificName,400,Tringa glareola,林鹬,Wood Sandpiper,Tringa glareola,Wood Sandpiper,,
matched_exact,scientificName,401,Tringa stagnatilis,泽鹬,Marsh Sandpiper,Tringa stagnatilis,Marsh Sandpiper,,
matched_exact,scientificName,402,Tringa totanus,红脚鹬,Common Redshank,Tringa totanus,Common Redshank,,
matched_exact,scientificName,403,Tringa flavipes,小黄脚鹬,Lesser Yellowlegs,Tringa flavipes,Lesser Yellowlegs,,
matched_exact,scientificName,404,Tringa guttifer,小青脚鹬,Nordmann's Greenshank,Tringa guttifer,Nordmann's Greenshank,,
matched_exact,scientificName,405,Tringa erythropus,鹤鹬,Spotted Redshank,Tringa erythropus,Spotted Redshank,,
matched_exact,scientificName,406,Tringa nebularia,青脚鹬,Common Greenshank,Tringa nebularia,Common Greenshank,,
matched_exact,scientificName,407,Arenaria interpres,翻石鹬,Ruddy Turnstone,Arenaria interpres,Ruddy Turnstone,,IUCN红色名录等级由LC升为NT
matched_exact,scientificName,408,Calidris tenuirostris,大滨鹬,Great Knot,Calidris tenuirostris,Great Knot,,
matched_exact,scientificName,409,Calidris canutus,红腹滨鹬,Red Knot,Calidris canutus,Red Knot,,
matched_exact,scientificName,410,Calidris pugnax,流苏鹬,Ruff,Calidris pugnax,Ruff,,
matched_exact,scientificName,411,Calidris falcinellus,阔嘴鹬,Broad-billed Sandpiper,Calidris falcinellus,Broad-billed Sandpiper,,IUCN红色名录等级由LC升为VU
matched_exact,scientificName,412,Calidris acuminata,尖尾滨鹬,Sharp-tailed Sandpiper,Calidris acuminata,Sharp-tailed Sandpiper,,IUCN红色名录等级由LC升为VU
matched_exact,scientificName,413,Calidris himantopus,高跷鹬,Stilt Sandpiper,Calidris himantopus,Stilt Sandpiper,,
matched_exact,scientificName,414,Calidris ferruginea,弯嘴滨鹬,Curlew Sandpiper,Calidris ferruginea,Curlew Sandpiper,,IUCN红色名录等级由NT升为VU
matched_exact,scientificName,415,Calidris temminckii,青脚滨鹬,Temminck's Stint,Calidris temminckii,Temminck's Stint,,
matched_exact,scientificName,416,Calidris subminuta,长趾滨鹬,Long-toed Stint,Calidris subminuta,Long-toed Stint,,
matched_exact,scientificName,417,Calidris ruficollis,红颈滨鹬,Red-necked Stint,Calidris ruficollis,Red-necked Stint,,
matched_exact,scientificName,418,Calidris pygmaea,勺嘴鹬,Spoon-billed Sandpiper,Calidris pygmaea,Spoon-billed Sandpiper,,
matched_exact,scientificName,419,Calidris alba,三趾滨鹬,Sanderling,Calidris alba,Sanderling,,
matched_exact,scientificName,420,Calidris alpina,黑腹滨鹬,Dunlin,Calidris alpina,Dunlin,,IUCN红色名录等级由LC升为NT
matched_exact,scientificName,421,Calidris ptilocnemis,岩滨鹬,Rock Sandpiper,Calidris ptilocnemis,Rock Sandpiper,,
matched_exact,scientificName,422,Calidris bairdii,黑腰滨鹬,Baird's Sandpiper,Calidris bairdii,Baird's Sandpiper,,2022年9月12日，浙江温州瑞安，常惠、刘勇、庄磊隽、严志文、方明和、许莉颖、刘爱华、王晓梅、刘海、王翠（严志文等，2023）
matched_exact,scientificName,423,Calidris minuta,小滨鹬,Little Stint,Calidris minuta,Little Stint,,
matched_exact,scientificName,424,Calidris fuscicollis,白腰滨鹬,White-rumped Sandpiper,Calidris fuscicollis,White-rumped Sandpiper,,
matched_exact,scientificName,425,Calidris subruficollis,黄胸滨鹬,Buff-breasted Sandpiper,Calidris subruficollis,Buff-breasted Sandpiper,,中文名由饰胸鹬改为黄胸滨鹬IUCN红色名录等级由NT升为VU
matched_exact,scientificName,426,Calidris melanotos,斑胸滨鹬,Pectoral Sandpiper,Calidris melanotos,Pectoral Sandpiper,,
matched_exact,scientificName,427,Calidris mauri,西方滨鹬,Western Sandpiper,Calidris mauri,Western Sandpiper,,
matched_exact,scientificName,429,Glareola lactea,灰燕鸻,Small Pratincole,Glareola lactea,Small Pratincole,,
matched_exact,scientificName,430,Glareola maldivarum,普通燕鸻,Oriental Pratincole,Glareola maldivarum,Oriental Pratincole,,
matched_exact,scientificName,431,Glareola nordmanni,黑翅燕鸻,Black-winged Pratincole,Glareola nordmanni,Black-winged Pratincole,,
matched_exact,scientificName,432,Glareola pratincola,领燕鸻,Collared Pratincole,Glareola pratincola,Collared Pratincole,,
matched_exact,scientificName,434,Gygis alba,白燕鸥,White Tern,Gygis alba,Atlantic White Tern,,
matched_exact,scientificName,435,Anous stolidus,白顶玄燕鸥,Brown Noddy,Anous stolidus,Brown Noddy,,
matched_exact,scientificName,436,Anous minutus,玄燕鸥,Black Noddy,Anous minutus,Black Noddy,,
matched_exact,scientificName,437,Onychoprion aleuticus,白腰燕鸥,Aleutian Tern,Onychoprion aleuticus,Aleutian Tern,,
matched_exact,scientificName,438,Onychoprion fuscatus,乌燕鸥,Sooty Tern,Onychoprion fuscatus,Sooty Tern,,
matched_exact,scientificName,439,Onychoprion anaethetus,褐翅燕鸥,Bridled Tern,Onychoprion anaethetus,Bridled Tern,,
matched_exact,scientificName,440,Sternula albifrons,白额燕鸥,Little Tern,Sternula albifrons,Little Tern,,
matched_exact,scientificName,441,Gelochelidon nilotica,鸥嘴噪鸥,Gull-billed Tern,Gelochelidon nilotica,Gull-billed Tern,,
matched_exact,scientificName,442,Hydroprogne caspia,红嘴巨燕鸥,Caspian Tern,Hydroprogne caspia,Caspian Tern,,中文名由红嘴巨鸥改为红嘴巨燕鸥
matched_exact,scientificName,443,Chlidonias hybrida,须浮鸥,Whiskered Tern,Chlidonias hybrida,Whiskered Tern,,
matched_exact,scientificName,444,Chlidonias niger,黑浮鸥,Black Tern,Chlidonias niger,Black Tern,,
matched_exact,scientificName,445,Chlidonias leucopterus,白翅浮鸥,White-winged Tern,Chlidonias leucopterus,White-winged Tern,,
matched_exact,scientificName,446,Sterna aurantia,黄嘴河燕鸥,River Tern,Sterna aurantia,River Tern,,
matched_exact,scientificName,447,Sterna hirundo,普通燕鸥,Common Tern,Sterna hirundo,Common Tern,,
matched_exact,scientificName,448,Sterna sumatrana,黑枕燕鸥,Black-naped Tern,Sterna sumatrana,Black-naped Tern,,
matched_exact,scientificName,449,Sterna dougallii,粉红燕鸥,Roseate Tern,Sterna dougallii,Roseate Tern,,
matched_exact,scientificName,450,Sterna acuticauda,黑腹燕鸥,Black-bellied Tern,Sterna acuticauda,Black-bellied Tern,,
matched_exact,scientificName,451,Thalasseus sandvicensis,白嘴端凤头燕鸥,Sandwich Tern,Thalasseus sandvicensis,Sandwich Tern,,
matched_exact,scientificName,452,Thalasseus bengalensis,小凤头燕鸥,Lesser Crested Tern,Thalasseus bengalensis,Lesser Crested Tern,,
matched_exact,scientificName,453,Thalasseus bergii,大凤头燕鸥,Greater Crested Tern,Thalasseus bergii,Greater Crested Tern,,
matched_exact,scientificName,454,Thalasseus bernsteini,中华凤头燕鸥,Chinese Crested Tern,Thalasseus bernsteini,Chinese Crested Tern,,
matched_exact,scientificName,455,Hydrocoloeus minutus,小鸥,Little Gull,Hydrocoloeus minutus,Little Gull,,
matched_exact,scientificName,456,Rhodostethia rosea,楔尾鸥,Ross's Gull,Rhodostethia rosea,Ross's Gull,,
matched_exact,scientificName,457,Rissa tridactyla,三趾鸥,Black-legged Kittiwake,Rissa tridactyla,Black-legged Kittiwake,,
matched_exact,scientificName,458,Xema sabini,叉尾鸥,Sabine's Gull,Xema sabini,Sabine's Gull,,
matched_exact,scientificName,459,Saundersilarus saundersi,黑嘴鸥,Saunders's Gull,Saundersilarus saundersi,Saunders's Gull,,由Chroicocephalus属移入Saundersilarus属（Pons et al. 2005; Černý and Natale 2022）
matched_exact,scientificName,460,Chroicocephalus genei,细嘴鸥,Slender-billed Gull,Chroicocephalus genei,Slender-billed Gull,,
matched_exact,scientificName,461,Chroicocephalus novaehollandiae,澳洲红嘴鸥,Silver Gull,Chroicocephalus novaehollandiae,Silver Gull,,
matched_exact,scientificName,462,Chroicocephalus ridibundus,红嘴鸥,Black-headed Gull,Chroicocephalus ridibundus,Black-headed Gull,,
matched_exact,scientificName,463,Chroicocephalus brunnicephalus,棕头鸥,Brown-headed Gull,Chroicocephalus brunnicephalus,Brown-headed Gull,,
matched_exact,scientificName,464,Leucophaeus atricilla,笑鸥,Laughing Gull,Leucophaeus atricilla,Laughing Gull,,
matched_exact,scientificName,465,Leucophaeus pipixcan,弗氏鸥,Franklin's Gull,Leucophaeus pipixcan,Franklin's Gull,,
matched_exact,scientificName,466,Ichthyaetus ichthyaetus,渔鸥,Pallas's Gull,Ichthyaetus ichthyaetus,Pallas's Gull,,
matched_exact,scientificName,467,Ichthyaetus relictus,遗鸥,Relict Gull,Ichthyaetus relictus,Relict Gull,,
matched_exact,scientificName,468,Larus crassirostris,黑尾鸥,Black-tailed Gull,Larus crassirostris,Black-tailed Gull,,
matched_exact,scientificName,469,Larus canus,普通海鸥,Mew Gull,Larus canus,Common Gull,,中文名由海鸥改为普通海鸥
matched_exact,scientificName,470,Larus brachyrhynchus,美洲海鸥,Short-billed Gull,Larus brachyrhynchus,Short-billed Gull,,
matched_exact,scientificName,471,Larus delawarensis,环嘴鸥,Ring-billed Gull,Larus delawarensis,Ring-billed Gull,,
matched_exact,scientificName,472,Larus cachinnans,里海银鸥,Caspian Gull,Larus cachinnans,Caspian Gull,,中文名由黄脚银鸥改为里海银鸥
matched_exact,scientificName,473,Larus vegae,西伯利亚银鸥,Vega Gull,Larus vegae,Vega Gull,,
matched_exact,scientificName,474,Larus hyperboreus,北极鸥,Glaucous Gull,Larus hyperboreus,Glaucous Gull,,
matched_exact,scientificName,475,Larus fuscus,小黑背鸥,Lesser Black-backed Gull,Larus fuscus,Lesser Black-backed Gull,,中文名由小黑背银鸥恢复为小黑背鸥
matched_exact,scientificName,476,Larus glaucescens,灰翅鸥,Glaucous-winged Gull,Larus glaucescens,Glaucous-winged Gull,,
matched_exact,scientificName,477,Larus schistisagus,灰背鸥,Slaty-backed Gull,Larus schistisagus,Slaty-backed Gull,,
matched_exact,scientificName,479,Stercorarius longicaudus,长尾贼鸥,Long-tailed Jaeger,Stercorarius longicaudus,Long-tailed Jaeger,,
matched_exact,scientificName,480,Stercorarius parasiticus,短尾贼鸥,Parasitic Jaeger,Stercorarius parasiticus,Parasitic Jaeger,,
matched_exact,scientificName,481,Stercorarius pomarinus,中贼鸥,Pomarine Jaeger,Stercorarius pomarinus,Pomarine Jaeger,,
matched_exact,scientificName,482,Stercorarius maccormicki,南极贼鸥,South Polar Skua,Stercorarius maccormicki,South Polar Skua,,
matched_exact,scientificName,484,Cerorhinca monocerata,角嘴海雀,Rhinoceros Auklet,Cerorhinca monocerata,Rhinoceros Auklet,,
matched_exact,scientificName,485,Brachyramphus perdix,长嘴斑海雀,Long-billed Murrelet,Brachyramphus perdix,Long-billed Murrelet,,中文名由斑海雀改为长嘴斑海雀
matched_exact,scientificName,486,Uria aalge,崖海鸦,Common Murre,Uria aalge,Common Murre,,
matched_exact,scientificName,487,Synthliboramphus antiquus,扁嘴海雀,Ancient Murrelet,Synthliboramphus antiquus,Ancient Murrelet,,
matched_exact,scientificName,488,Synthliboramphus wumizusume,冠海雀,Japanese Murrelet,Synthliboramphus wumizusume,Japanese Murrelet,,
matched_exact,scientificName,490,Syrrhaptes tibetanus,西藏毛腿沙鸡,Tibetan Sandgrouse,Syrrhaptes tibetanus,Tibetan Sandgrouse,,
matched_exact,scientificName,491,Syrrhaptes paradoxus,毛腿沙鸡,Pallas's Sandgrouse,Syrrhaptes paradoxus,Pallas's Sandgrouse,,
matched_exact,scientificName,492,Pterocles orientalis,黑腹沙鸡,Black-bellied Sandgrouse,Pterocles orientalis,Black-bellied Sandgrouse,,
matched_exact,scientificName,494,Columba livia,原鸽,Rock Pigeon,Columba livia,Rock Dove,,
matched_exact,scientificName,495,Columba rupestris,岩鸽,Hill Pigeon,Columba rupestris,Hill Pigeon,,
matched_exact,scientificName,496,Columba leuconota,雪鸽,Snow Pigeon,Columba leuconota,Snow Pigeon,,
matched_exact,scientificName,497,Columba oenas,欧鸽,Stock Dove,Columba oenas,Stock Dove,,
matched_exact,scientificName,498,Columba eversmanni,中亚鸽,Yellow-eyed Pigeon,Columba eversmanni,Yellow-eyed Pigeon,,
matched_exact,scientificName,499,Columba palumbus,斑尾林鸽,Common Wood Pigeon,Columba palumbus,Common Wood Pigeon,,
matched_exact,scientificName,500,Columba hodgsonii,点斑林鸽,Speckled Wood Pigeon,Columba hodgsonii,Speckled Wood Pigeon,,
matched_exact,scientificName,501,Columba pulchricollis,灰林鸽,Ashy Wood Pigeon,Columba pulchricollis,Ashy Wood Pigeon,,
matched_exact,scientificName,502,Columba punicea,紫林鸽,Pale-capped Pigeon,Columba punicea,Pale-capped Pigeon,,
matched_exact,scientificName,503,Columba janthina,黑林鸽,Japanese Wood Pigeon,Columba janthina,Black Wood Pigeon,,IUCN红色名录等级由NT降为LC
matched_exact,scientificName,504,Columba vitiensis,白喉林鸽,Metallic Pigeon,Columba vitiensis,Metallic Pigeon,,
matched_exact,scientificName,505,Streptopelia turtur,欧斑鸠,European Turtle Dove,Streptopelia turtur,European Turtle Dove,,
matched_exact,scientificName,506,Streptopelia orientalis,山斑鸠,Oriental Turtle Dove,Streptopelia orientalis,Oriental Turtle Dove,,
matched_exact,scientificName,507,Streptopelia decaocto,灰斑鸠,Eurasian Collared Dove,Streptopelia decaocto,Eurasian Collared Dove,,
matched_exact,scientificName,508,Streptopelia tranquebarica,火斑鸠,Red Collared Dove,Streptopelia tranquebarica,Red Collared Dove,,
matched_exact,scientificName,509,Spilopelia chinensis,珠颈斑鸠,Spotted Dove,Spilopelia chinensis,Spotted Dove,,
matched_exact,scientificName,510,Spilopelia senegalensis,棕斑鸠,Laughing Dove,Spilopelia senegalensis,Laughing Dove,,
matched_exact,scientificName,511,Macropygia unchall,斑尾鹃鸠,Barred Cuckoo-Dove,Macropygia unchall,Barred Cuckoo-Dove,,
matched_exact,scientificName,512,Macropygia tenuirostris,菲律宾鹃鸠,Philippine Cuckoo-Dove,Macropygia tenuirostris,Philippine Cuckoo-Dove,,
matched_exact,scientificName,513,Macropygia ruficeps,小鹃鸠,Little Cuckoo-Dove,Macropygia ruficeps,Little Cuckoo-Dove,,
matched_exact,scientificName,514,Chalcophaps indica,绿翅金鸠,Emerald Dove,Chalcophaps indica,Common Emerald Dove,,
matched_exact,scientificName,515,Geopelia striata,斑姬地鸠,Zebra Dove,Geopelia striata,Zebra Dove,,
matched_exact,scientificName,516,Treron bicinctus,橙胸绿鸠,Orange-breasted Green Pigeon,Treron bicinctus,Orange-breasted Green Pigeon,,
matched_exact,scientificName,517,Treron phayrei,灰头绿鸠,Ashy-headed Green Pigeon,Treron phayrei,Ashy-headed Green Pigeon,,
matched_exact,scientificName,518,Treron curvirostra,厚嘴绿鸠,Thick-billed Green Pigeon,Treron curvirostra,Thick-billed Green Pigeon,,
matched_exact,scientificName,519,Treron phoenicopterus,黄脚绿鸠,Yellow-footed Green Pigeon,Treron phoenicopterus,Yellow-footed Green Pigeon,,
matched_exact,scientificName,520,Treron apicauda,针尾绿鸠,Pin-tailed Green Pigeon,Treron apicauda,Pin-tailed Green Pigeon,,
matched_exact,scientificName,521,Treron seimundi,白腹针尾绿鸠,Yellow-vented Green Pigeon,Treron seimundi,Yellow-vented Green Pigeon,,
matched_exact,scientificName,522,Treron sphenurus,楔尾绿鸠,Wedge-tailed Green Pigeon,Treron sphenurus,Wedge-tailed Green Pigeon,,
matched_exact,scientificName,523,Treron sieboldii,红翅绿鸠,White-bellied Green Pigeon,Treron sieboldii,White-bellied Green Pigeon,,
matched_exact,scientificName,524,Treron formosae,红顶绿鸠,Taiwan Green Pigeon,Treron formosae,Whistling Green Pigeon,,
matched_name_conflict_avilist_taxonomy_used,englishName,525,Ptilinopus leclancheri,黑颏果鸠,Black-chinned Fruit Dove,Ramphiculus leclancheri,Black-chinned Fruit Dove,Ramphiculus leclancheri,
matched_exact,scientificName,526,Ducula aenea,绿皇鸠,Green Imperial Pigeon,Ducula aenea,Green Imperial Pigeon,,
matched_exact,scientificName,527,Ducula badia,山皇鸠,Mountain Imperial Pigeon,Ducula badia,Mountain Imperial Pigeon,,
matched_exact,scientificName,529,Centropus sinensis,褐翅鸦鹃,Greater Coucal,Centropus sinensis,Greater Coucal,,
matched_exact,scientificName,530,Centropus bengalensis,小鸦鹃,Lesser Coucal,Centropus bengalensis,Lesser Coucal,,
matched_exact,scientificName,531,Phaenicophaeus tristis,绿嘴地鹃,Green-billed Malkoha,Phaenicophaeus tristis,Green-billed Malkoha,,
matched_exact,scientificName,532,Clamator coromandus,红翅凤头鹃,Chestnut-winged Cuckoo,Clamator coromandus,Chestnut-winged Cuckoo,,
matched_exact,scientificName,533,Clamator jacobinus,斑翅凤头鹃,Pied Cuckoo,Clamator jacobinus,Jacobin Cuckoo,,
matched_exact,scientificName,534,Eudynamys scolopaceus,噪鹃,Asian Koel,Eudynamys scolopaceus,Asian Koel,,
matched_exact,scientificName,535,Chrysococcyx maculatus,翠金鹃,Asian Emerald Cuckoo,Chrysococcyx maculatus,Asian Emerald Cuckoo,,
matched_exact,scientificName,536,Chrysococcyx xanthorhynchus,紫金鹃,Violet Cuckoo,Chrysococcyx xanthorhynchus,Violet Cuckoo,,
matched_exact,scientificName,537,Cacomantis sonneratii,栗斑杜鹃,Banded Bay Cuckoo,Cacomantis sonneratii,Banded Bay Cuckoo,,
matched_exact,scientificName,538,Cacomantis merulinus,八声杜鹃,Plaintive Cuckoo,Cacomantis merulinus,Plaintive Cuckoo,,
matched_exact,scientificName,539,Surniculus lugubris,乌鹃,Square-tailed Drongo-Cuckoo,Surniculus lugubris,Square-tailed Drongo-Cuckoo,,
matched_exact,scientificName,540,Hierococcyx sparverioides,大鹰鹃,Large Hawk-Cuckoo,Hierococcyx sparverioides,Large Hawk-Cuckoo,,中文名由鹰鹃改为大鹰鹃
matched_exact,scientificName,541,Hierococcyx varius,普通鹰鹃,Common Hawk-Cuckoo,Hierococcyx varius,Common Hawk-Cuckoo,,
matched_exact,scientificName,542,Hierococcyx hyperythrus,北棕腹鹰鹃,Northern Hawk-Cuckoo,Hierococcyx hyperythrus,Northern Hawk-Cuckoo,,中文名由北鹰鹃改为北棕腹鹰鹃
matched_exact,scientificName,543,Hierococcyx nisicolor,棕腹鹰鹃,Hodgson's Hawk-Cuckoo,Hierococcyx nisicolor,Hodgson's Hawk-Cuckoo,,中文名由霍氏鹰鹃改为棕腹鹰鹃
matched_exact,scientificName,544,Cuculus poliocephalus,小杜鹃,Asian Lesser Cuckoo,Cuculus poliocephalus,Lesser Cuckoo,,
matched_exact,scientificName,545,Cuculus micropterus,四声杜鹃,Indian Cuckoo,Cuculus micropterus,Indian Cuckoo,,
matched_exact,scientificName,546,Cuculus saturatus,中杜鹃,Himalayan Cuckoo,Cuculus saturatus,Himalayan Cuckoo,,
matched_exact,scientificName,547,Cuculus optatus,东方中杜鹃,Oriental Cuckoo,Cuculus optatus,Oriental Cuckoo,,中文名由北方中杜鹃改为东方中杜鹃，IUCN红色名录等级改为LC
matched_exact,scientificName,548,Cuculus canorus,大杜鹃,Common Cuckoo,Cuculus canorus,Common Cuckoo,,
matched_exact,scientificName,550,Tyto javanica,仓鸮,Barn Owl,Tyto javanica,Eastern Barn Owl,,
matched_exact,scientificName,551,Tyto longimembris,草鸮,Eastern Grass Owl,Tyto longimembris,Eastern Grass Owl,,
matched_exact,scientificName,552,Phodilus badius,栗鸮,Oriental Bay Owl,Phodilus badius,Oriental Bay Owl,,
matched_exact,scientificName,554,Ninox japonica,北鹰鸮,Northern Boobook,Ninox japonica,Northern Boobook,,
matched_exact,scientificName,555,Ninox scutulata,鹰鸮,Brown Hawk-Owl,Ninox scutulata,Brown Boobook,,
matched_exact,scientificName,556,Taenioptynx brodiei,领鸺鹠,Collared Owlet,Taenioptynx brodiei,Collared Owlet,,
matched_exact,scientificName,557,Aegolius funereus,鬼鸮,Boreal Owl,Aegolius funereus,Boreal Owl,,
matched_exact,scientificName,558,Athene brama,横斑腹小鸮,Spotted Owlet,Athene brama,Spotted Owlet,,
matched_exact,scientificName,559,Athene noctua,纵纹腹小鸮,Little Owl,Athene noctua,Little Owl,,
matched_exact,scientificName,560,Surnia ulula,猛鸮,Northern Hawk-Owl,Surnia ulula,Northern Hawk-Owl,,
matched_exact,scientificName,561,Glaucidium passerinum,花头鸺鹠,Eurasian Pygmy Owlet,Glaucidium passerinum,Eurasian Pygmy Owl,,
matched_exact,scientificName,562,Glaucidium cuculoides,斑头鸺鹠,Asian Barred Owlet,Glaucidium cuculoides,Asian Barred Owlet,,
matched_exact,scientificName,563,Otus spilocephalus,黄嘴角鸮,Mountain Scops Owl,Otus spilocephalus,Mountain Scops Owl,,
matched_exact,scientificName,564,Otus scops,西红角鸮,Eurasian Scops Owl,Otus scops,Eurasian Scops Owl,,
matched_exact,scientificName,565,Otus brucei,纵纹角鸮,Pallid Scops Owl,Otus brucei,Pallid Scops Owl,,
matched_exact,scientificName,566,Otus sunia,红角鸮,Oriental Scops Owl,Otus sunia,Oriental Scops Owl,,
matched_exact,scientificName,567,Otus elegans,琉球角鸮,Elegant Scops Owl,Otus elegans,Ryukyu Scops Owl,,
matched_exact,scientificName,568,Otus lettia,领角鸮,Collared Scops Owl,Otus lettia,Collared Scops Owl,,
matched_exact,scientificName,569,Otus semitorques,北领角鸮,Japanese Scops Owl,Otus semitorques,Japanese Scops Owl,,
matched_exact,scientificName,570,Asio otus,长耳鸮,Long-eared Owl,Asio otus,Long-eared Owl,,
matched_exact,scientificName,571,Asio flammeus,短耳鸮,Short-eared Owl,Asio flammeus,Short-eared Owl,,
matched_exact,scientificName,572,Bubo scandiacus,雪鸮,Snowy Owl,Bubo scandiacus,Snowy Owl,,
matched_exact,scientificName,573,Bubo bubo,雕鸮,Eurasian Eagle-Owl,Bubo bubo,Eurasian Eagle-Owl,,
matched_exact,scientificName,574,Ketupa nipalensis,林雕鸮,Spot-bellied Eagle-Owl,Ketupa nipalensis,Spot-bellied Eagle-Owl,,"由Bubo属移入Ketupa属（WGAC and Clements, 2022）"
matched_exact,scientificName,575,Ketupa coromanda,乌雕鸮,Dusky Eagle-Owl,Ketupa coromanda,Dusky Eagle-Owl,,"由Bubo属移入Ketupa属（WGAC and Clements, 2022），其学名由Bubo coromandus修订为Ketupa coromanda"
matched_exact,scientificName,576,Ketupa blakistoni,毛腿雕鸮,Blakiston's Fish Owl,Ketupa blakistoni,Blakiston's Fish Owl,,"由Bubo属再回到Ketupa属（WGAC and Clements,  2022），中文名由毛腿渔鸮改为毛腿雕鸮"
matched_exact,scientificName,577,Ketupa zeylonensis,褐渔鸮,Brown Fish Owl,Ketupa zeylonensis,Brown Fish Owl,,
matched_exact,scientificName,578,Ketupa flavipes,黄腿渔鸮,Tawny Fish Owl,Ketupa flavipes,Tawny Fish Owl,,
matched_exact,scientificName,579,Strix leptogrammica,褐林鸮,Brown Wood Owl,Strix leptogrammica,Brown Wood Owl,,
matched_exact,scientificName,580,Strix nivicolum,灰林鸮,Himalayan Owl,Strix nivicolum,Himalayan Owl,,
matched_exact,scientificName,581,Strix uralensis,长尾林鸮,Ural Owl,Strix uralensis,Ural Owl,,
matched_exact,scientificName,582,Strix nebulosa,乌林鸮,Great Grey Owl,Strix nebulosa,Great Grey Owl,,
matched_exact,scientificName,584,Batrachostomus hodgsoni,黑顶蟆口鸱,Hodgson's Frogmouth,Batrachostomus hodgsoni,Hodgson's Frogmouth,,
matched_exact,scientificName,586,Lyncornis macrotis,毛腿耳夜鹰,Great Eared Nightjar,Lyncornis macrotis,Great Eared Nightjar,,
matched_exact,scientificName,587,Caprimulgus jotaka,普通夜鹰,Grey Nightjar,Caprimulgus jotaka,Grey Nightjar,,
matched_exact,scientificName,588,Caprimulgus europaeus,欧夜鹰,European Nightjar,Caprimulgus europaeus,European Nightjar,,
matched_exact,scientificName,589,Caprimulgus aegyptius,埃及夜鹰,Egyptian Nightjar,Caprimulgus aegyptius,Egyptian Nightjar,,
matched_exact,scientificName,590,Caprimulgus macrurus,长尾夜鹰,Large-tailed Nightjar,Caprimulgus macrurus,Large-tailed Nightjar,,
matched_exact,scientificName,591,Caprimulgus affinis,林夜鹰,Savanna Nightjar,Caprimulgus affinis,Savanna Nightjar,,
matched_exact,scientificName,593,Hemiprocne coronata,凤头雨燕,Crested Treeswift,Hemiprocne coronata,Crested Treeswift,,中文名由凤头树燕改为凤头雨燕
matched_exact,scientificName,595,Aerodramus brevirostris,短嘴金丝燕,Himalayan Swiftlet,Aerodramus brevirostris,Himalayan Swiftlet,,
matched_exact,scientificName,596,Aerodramus fuciphagus,爪哇金丝燕,Edible-nest Swiftlet,Aerodramus fuciphagus,Edible-nest Swiftlet,,爪哇金丝燕Aerodramus fuciphagus和戈氏金丝燕A.germani合并为一种A. fuciphagus，学名由Aerodramus germani改为Aerodramus fuciphagus，中文名由戈氏金丝燕改为爪哇金丝燕，应该文明由Germain's Swiftlet改为Edible-nest Swiftlet（Dickinson & Remsen 2013; del Hoyo & Collar 2014）
matched_exact,scientificName,597,Hirundapus caudacutus,白喉针尾雨燕,White-throated Needletail,Hirundapus caudacutus,White-throated Needletail,,
matched_exact,scientificName,598,Hirundapus cochinchinensis,灰喉针尾雨燕,Silver-backed Needletail,Hirundapus cochinchinensis,Silver-backed Needletail,,
matched_exact,scientificName,599,Hirundapus giganteus,褐背针尾雨燕,Brown-backed Needletail,Hirundapus giganteus,Brown-backed Needletail,,
matched_exact,scientificName,600,Hirundapus celebensis,紫针尾雨燕,Purple Needletail,Hirundapus celebensis,Purple Needletail,,
matched_exact,scientificName,601,Cypsiurus balasiensis,棕雨燕,Asian Palm Swift,Cypsiurus balasiensis,Asian Palm Swift,,
matched_exact,scientificName,602,Tachymarptis melba,高山雨燕,Alpine Swift,Tachymarptis melba,Alpine Swift,,
matched_exact,scientificName,603,Apus apus,普通雨燕,Common Swift,Apus apus,Common Swift,,
matched_exact,scientificName,604,Apus pacificus,白腰雨燕,Pacific Swift,Apus pacificus,Fork-tailed Swift,,
unmatched,englishName,605,Apus salimalii,华西白腰雨燕,Salim Ali's Swift,,,,中文名由青藏白腰雨燕改为华西白腰雨燕
unmatched,englishName,606,Apus cooki,印支白腰雨燕,Cook's Swift,,,,
matched_exact,scientificName,607,Apus acuticauda,暗背雨燕,Dark-rumped Swift,Apus acuticauda,Dark-rumped Swift,,IUCN红色名录等级由VU降为NT
matched_exact,scientificName,608,Apus nipalensis,小白腰雨燕,House Swift,Apus nipalensis,House Swift,,
matched_exact,scientificName,610,Harpactes oreskios,橙胸咬鹃,Orange-breasted Trogon,Harpactes oreskios,Orange-breasted Trogon,,
matched_exact,scientificName,611,Harpactes erythrocephalus,红头咬鹃,Red-headed Trogon,Harpactes erythrocephalus,Red-headed Trogon,,
matched_exact,scientificName,612,Harpactes wardi,红腹咬鹃,Ward's Trogon,Harpactes wardi,Ward's Trogon,,IUCN红色名录等级由NT降为LC
matched_exact,scientificName,614,Coracias affinis,棕胸佛法僧,Indochinese Roller,Coracias affinis,Indochinese Roller,,
matched_exact,scientificName,615,Coracias garrulus,蓝胸佛法僧,European Roller,Coracias garrulus,European Roller,,
matched_exact,scientificName,616,Eurystomus orientalis,三宝鸟,Oriental Dollarbird,Eurystomus orientalis,Oriental Dollarbird,,
matched_exact,scientificName,618,Pelargopsis capensis,鹳嘴翡翠,Stork-billed Kingfisher,Pelargopsis capensis,Stork-billed Kingfisher,,
matched_exact,scientificName,619,Halcyon coromanda,赤翡翠,Ruddy Kingfisher,Halcyon coromanda,Ruddy Kingfisher,,
matched_exact,scientificName,620,Halcyon smyrnensis,白胸翡翠,White-throated Kingfisher,Halcyon smyrnensis,White-throated Kingfisher,,
matched_exact,scientificName,621,Halcyon pileata,蓝翡翠,Black-capped Kingfisher,Halcyon pileata,Black-capped Kingfisher,,IUCN红色名录等级由LC升为VU
matched_exact,scientificName,622,Todiramphus chloris,白领翡翠,Collared Kingfisher,Todiramphus chloris,Collared Kingfisher,,
matched_exact,scientificName,623,Alcedo meninting,蓝耳翠鸟,Blue-eared Kingfisher,Alcedo meninting,Blue-eared Kingfisher,,
matched_exact,scientificName,624,Alcedo atthis,普通翠鸟,Common Kingfisher,Alcedo atthis,Common Kingfisher,,
matched_exact,scientificName,625,Alcedo hercules,斑头大翠鸟,Blyth's Kingfisher,Alcedo hercules,Blyth's Kingfisher,,
matched_exact,scientificName,626,Ceyx erithaca,三趾翠鸟,Black-backed Dwarf Kingfisher,Ceyx erithaca,Black-backed Dwarf Kingfisher,,IUCN红色名录等级由LC升为NT 英文名由Oriental Dwarf Kingfisher修改为Black-backed Dwarf Kingfisher
matched_exact,scientificName,627,Megaceryle lugubris,冠鱼狗,Crested Kingfisher,Megaceryle lugubris,Crested Kingfisher,,
matched_exact,scientificName,628,Ceryle rudis,斑鱼狗,Pied Kingfisher,Ceryle rudis,Pied Kingfisher,,
matched_exact,scientificName,630,Nyctyornis athertoni,蓝须夜蜂虎,Blue-bearded Bee-eater,Nyctyornis athertoni,Blue-bearded Bee-eater,,
matched_exact,scientificName,631,Merops orientalis,绿喉蜂虎,Asian Green Bee-eater,Merops orientalis,Asian Green Bee-eater,,
matched_exact,scientificName,632,Merops persicus,蓝颊蜂虎,Blue-cheeked Bee-eater,Merops persicus,Blue-cheeked Bee-eater,,
matched_exact,scientificName,633,Merops philippinus,栗喉蜂虎,Blue-tailed Bee-eater,Merops philippinus,Blue-tailed Bee-eater,,
matched_exact,scientificName,634,Merops ornatus,彩虹蜂虎,Rainbow Bee-eater,Merops ornatus,Rainbow Bee-eater,,
matched_exact,scientificName,635,Merops viridis,蓝喉蜂虎,Blue-throated Bee-eater,Merops viridis,Blue-throated Bee-eater,,
matched_exact,scientificName,636,Merops leschenaulti,栗头蜂虎,Chestnut-headed Bee-eater,Merops leschenaulti,Chestnut-headed Bee-eater,,
matched_exact,scientificName,637,Merops apiaster,黄喉蜂虎,European Bee-eater,Merops apiaster,European Bee-eater,,
matched_exact,scientificName,639,Upupa epops,戴胜,Common Hoopoe,Upupa epops,Common Hoopoe,,
matched_exact,scientificName,641,Buceros bicornis,双角犀鸟,Great Hornbill,Buceros bicornis,Great Hornbill,,
matched_exact,scientificName,642,Anthracoceros albirostris,冠斑犀鸟,Oriental Pied Hornbill,Anthracoceros albirostris,Oriental Pied Hornbill,,
matched_exact,scientificName,643,Anorrhinus austeni,白喉犀鸟,White-throated Brown Hornbill,Anorrhinus austeni,Austen's Brown Hornbill,,
matched_exact,scientificName,644,Aceros nipalensis,棕颈犀鸟,Rufous-necked Hornbill,Aceros nipalensis,Rufous-necked Hornbill,,
matched_exact,scientificName,645,Rhyticeros undulatus,花冠皱盔犀鸟,Wreathed Hornbill,Rhyticeros undulatus,Wreathed Hornbill,,
matched_exact,scientificName,647,Psilopogon virens,大拟啄木鸟,Great Barbet,Psilopogon virens,Great Barbet,,
matched_exact,scientificName,648,Psilopogon lineatus,斑头绿拟啄木鸟,Lineated Barbet,Psilopogon lineatus,Lineated Barbet,,
matched_exact,scientificName,649,Psilopogon faiostrictus,黄纹拟啄木鸟,Green-eared Barbet,Psilopogon faiostrictus,Green-eared Barbet,,
matched_exact,scientificName,650,Psilopogon franklinii,金喉拟啄木鸟,Golden-throated Barbet,Psilopogon franklinii,Golden-throated Barbet,,
matched_exact,scientificName,651,Psilopogon faber,黑眉拟啄木鸟,Chinese Barbet,Psilopogon faber,Chinese Barbet,,
matched_exact,scientificName,652,Psilopogon nuchalis,台湾拟啄木鸟,Taiwan Barbet,Psilopogon nuchalis,Taiwan Barbet,,
matched_exact,scientificName,653,Psilopogon asiaticus,蓝喉拟啄木鸟,Blue-throated Barbet,Psilopogon asiaticus,Blue-throated Barbet,,
matched_exact,scientificName,654,Psilopogon cyanotis,蓝耳拟啄木鸟,Blue-eared Barbet,Psilopogon cyanotis,Blue-eared Barbet,,学名由Psilopogon duvaucelii改为Psilopogon cyanotis（del Hoyo & Collar 2014）
matched_exact,scientificName,655,Psilopogon haemacephalus,赤胸拟啄木鸟,Coppersmith Barbet,Psilopogon haemacephalus,Coppersmith Barbet,,
matched_exact,scientificName,657,Indicator xanthonotus,黄腰响蜜䴕,Yellow-rumped Honeyguide,Indicator xanthonotus,Yellow-rumped Honeyguide,,IUCN红色名录等级由NT降为LC
matched_exact,scientificName,659,Jynx torquilla,蚁䴕,Eurasian Wryneck,Jynx torquilla,Eurasian Wryneck,,
matched_exact,scientificName,660,Picumnus innominatus,斑姬啄木鸟,Speckled Piculet,Picumnus innominatus,Speckled Piculet,,
matched_exact,scientificName,661,Sasia ochracea,白眉棕啄木鸟,White-browed Piculet,Sasia ochracea,White-browed Piculet,,
matched_exact,scientificName,662,Yungipicus canicapillus,星头啄木鸟,Grey-capped Pygmy Woodpecker,Yungipicus canicapillus,Grey-capped Pygmy Woodpecker,,
matched_exact,scientificName,663,Yungipicus kizuki,小星头啄木鸟,Japanese Pygmy Woodpecker,Yungipicus kizuki,Japanese Pygmy Woodpecker,,
matched_exact,scientificName,664,Picoides tridactylus,三趾啄木鸟,Eurasian Three-toed Woodpecker,Picoides tridactylus,Eurasian Three-toed Woodpecker,,
matched_exact,scientificName,665,Dendrocoptes auriceps,褐额啄木鸟,Brown-fronted Woodpecker,Dendrocoptes auriceps,Brown-fronted Woodpecker,,
matched_exact,scientificName,666,Dryobates cathpharius,红枕啄木鸟,Crimson-naped Woodpecker,Dryobates cathpharius,Crimson-naped Woodpecker,,中文名由赤胸啄木鸟改为红枕啄木鸟，英文名由Crimson-breasted Woodpecker改为Crimson-naped Woodpecker
matched_exact,scientificName,667,Dryobates pernyii,赤胸啄木鸟,Necklaced Woodpecker,Dryobates pernyii,Necklaced Woodpecker,,将赤胸啄木鸟的pernyii、tenebrosus和innixus亚种提升为独立种Dryobates pernyii（del Hoyo & Collar 2014）
matched_exact,scientificName,668,Dryobates minor,小斑啄木鸟,Lesser Spotted Woodpecker,Dryobates minor,Lesser Spotted Woodpecker,,
matched_exact,scientificName,669,Dendrocopos hyperythrus,棕腹啄木鸟,Rufous-bellied Woodpecker,Dendrocopos hyperythrus,Rufous-bellied Woodpecker,,
matched_exact,scientificName,670,Dendrocopos macei,茶胸斑啄木鸟,Fulvous-breasted Woodpecker,Dendrocopos macei,Fulvous-breasted Woodpecker,,
matched_exact,scientificName,671,Dendrocopos atratus,纹胸啄木鸟,Stripe-breasted Woodpecker,Dendrocopos atratus,Stripe-breasted Woodpecker,,
matched_exact,scientificName,672,Dendrocopos darjellensis,黄颈啄木鸟,Darjeeling Woodpecker,Dendrocopos darjellensis,Darjeeling Woodpecker,,
matched_exact,scientificName,673,Dendrocopos leucopterus,白翅啄木鸟,White-winged Woodpecker,Dendrocopos leucopterus,White-winged Woodpecker,,
matched_exact,scientificName,674,Dendrocopos major,大斑啄木鸟,Great Spotted Woodpecker,Dendrocopos major,Great Spotted Woodpecker,,
matched_exact,scientificName,675,Dendrocopos leucotos,白背啄木鸟,White-backed Woodpecker,Dendrocopos leucotos,White-backed Woodpecker,,
matched_exact,scientificName,676,Dryocopus javensis,白腹黑啄木鸟,White-bellied Woodpecker,Dryocopus javensis,White-bellied Woodpecker,,
matched_exact,scientificName,677,Dryocopus martius,黑啄木鸟,Black Woodpecker,Dryocopus martius,Black Woodpecker,,
matched_exact,scientificName,678,Chrysophlegma flavinucha,大黄冠啄木鸟,Greater Yellownape,Chrysophlegma flavinucha,Greater Yellownape,,
matched_exact,scientificName,679,Picus chlorolophus,黄冠啄木鸟,Lesser Yellownape,Picus chlorolophus,Lesser Yellownape,,
matched_exact,scientificName,680,Picus vittatus,花腹绿啄木鸟,Laced Woodpecker,Picus vittatus,Laced Woodpecker,,
matched_exact,scientificName,681,Picus xanthopygaeus,鳞喉绿啄木鸟,Streak-throated Woodpecker,Picus xanthopygaeus,Streak-throated Woodpecker,,
matched_exact,scientificName,682,Picus squamatus,鳞腹绿啄木鸟,Scaly-bellied Woodpecker,Picus squamatus,Scaly-bellied Woodpecker,,
matched_exact,scientificName,683,Picus rabieri,红颈绿啄木鸟,Red-collared Woodpecker,Picus rabieri,Red-collared Woodpecker,,
matched_exact,scientificName,684,Picus canus,灰头绿啄木鸟,Grey-headed Woodpecker,Picus canus,Grey-headed Woodpecker,,
matched_exact,scientificName,685,Dinopium javanense,金背三趾啄木鸟,Common Flameback,Dinopium javanense,Common Flameback,,
matched_exact,scientificName,686,Chrysocolaptes guttacristatus,大金背啄木鸟,Greater Flameback,Chrysocolaptes guttacristatus,Greater Flameback,,
matched_exact,scientificName,687,Gecinulus grantia,竹啄木鸟,Pale-headed Woodpecker,Gecinulus grantia,Pale-headed Woodpecker,,
matched_exact,scientificName,688,Blythipicus pyrrhotis,黄嘴栗啄木鸟,Bay Woodpecker,Blythipicus pyrrhotis,Bay Woodpecker,,
matched_exact,scientificName,689,Micropternus brachyurus,栗啄木鸟,Rufous Woodpecker,Micropternus brachyurus,Rufous Woodpecker,,
matched_exact,scientificName,690,Mulleripicus pulverulentus,大灰啄木鸟,Great Slaty Woodpecker,Mulleripicus pulverulentus,Great Slaty Woodpecker,,
matched_exact,scientificName,692,Microhierax caerulescens,红腿小隼,Collared Falconet,Microhierax caerulescens,Collared Falconet,,
matched_exact,scientificName,693,Microhierax melanoleucos,白腿小隼,Pied Falconet,Microhierax melanoleucos,Pied Falconet,,
matched_exact,scientificName,694,Falco naumanni,黄爪隼,Lesser Kestrel,Falco naumanni,Lesser Kestrel,,
matched_exact,scientificName,695,Falco tinnunculus,红隼,Common Kestrel,Falco tinnunculus,Common Kestrel,,
matched_exact,scientificName,696,Falco vespertinus,西红脚隼,Red-footed Falcon,Falco vespertinus,Red-footed Falcon,,
matched_exact,scientificName,697,Falco amurensis,红脚隼,Amur Falcon,Falco amurensis,Amur Falcon,,
matched_exact,scientificName,698,Falco columbarius,灰背隼,Merlin,Falco columbarius,Merlin,,
matched_exact,scientificName,699,Falco subbuteo,燕隼,Eurasian Hobby,Falco subbuteo,Eurasian Hobby,,
matched_exact,scientificName,700,Falco severus,猛隼,Oriental Hobby,Falco severus,Oriental Hobby,,
matched_exact,scientificName,701,Falco cherrug,猎隼,Saker Falcon,Falco cherrug,Saker Falcon,,
matched_exact,scientificName,702,Falco rusticolus,矛隼,Gyrfalcon,Falco rusticolus,Gyrfalcon,,
matched_exact,scientificName,703,Falco peregrinus,游隼,Peregrine Falcon,Falco peregrinus,Peregrine Falcon,,
matched_exact,scientificName,705,Psittinus cyanurus,蓝腰鹦鹉,Blue-rumped Parrot,Psittinus cyanurus,Blue-rumped Parrot,,中文名由蓝腰短尾鹦鹉改为蓝腰鹦鹉
matched_exact,scientificName,706,Psittacula finschii,灰头鹦鹉,Grey-headed Parakeet,Psittacula finschii,Grey-headed Parakeet,,
matched_exact,scientificName,707,Psittacula himalayana,青头鹦鹉,Slaty-headed Parakeet,Psittacula himalayana,Slaty-headed Parakeet,,
matched_exact,scientificName,708,Psittacula roseata,花头鹦鹉,Blossom-headed Parakeet,Psittacula roseata,Blossom-headed Parakeet,,
matched_exact,scientificName,709,Psittacula alexandri,绯胸鹦鹉,Red-breasted Parakeet,Psittacula alexandri,Red-breasted Parakeet,,
matched_exact,scientificName,710,Psittacula derbiana,大紫胸鹦鹉,Derbyan Parakeet,Psittacula derbiana,Lord Derby's Parakeet,,IUCN红色名录等级由NT降为LC
matched_exact,scientificName,711,Psittacula eupatria,亚历山大鹦鹉,Alexandrine Parakeet,Psittacula eupatria,Alexandrine Parakeet,,
matched_exact,scientificName,712,Psittacula krameri,红领绿鹦鹉,Rose-ringed Parakeet,Psittacula krameri,Rose-ringed Parakeet,,
matched_exact,scientificName,713,Loriculus vernalis,短尾鹦鹉,Vernal Hanging Parrot,Loriculus vernalis,Vernal Hanging Parrot,,
matched_exact,scientificName,715,Psarisomus dalhousiae,长尾阔嘴鸟,Long-tailed Broadbill,Psarisomus dalhousiae,Long-tailed Broadbill,,
matched_exact,scientificName,716,Serilophus rubropygius,灰眼先丝冠鸟,Grey-lored Broadbill,Serilophus rubropygius,Grey-lored Broadbill,,将银胸丝冠鸟的rubropygius亚种提升为独立种Serilophus rubropygius（Dekker & Dickinson 2000; del Hoyo & Collar 2016; HBW/BirdLife）
matched_exact,scientificName,717,Serilophus lunatus,银胸丝冠鸟,Silver-breasted Broadbill,Serilophus lunatus,Silver-breasted Broadbill,,
matched_exact,scientificName,719,Hydrornis phayrei,双辫八色鸫,Eared Pitta,Hydrornis phayrei,Eared Pitta,,
matched_exact,scientificName,720,Hydrornis oatesi,栗头八色鸫,Rusty-naped Pitta,Hydrornis oatesi,Rusty-naped Pitta,,
matched_exact,scientificName,721,Hydrornis nipalensis,蓝枕八色鸫,Blue-naped Pitta,Hydrornis nipalensis,Blue-naped Pitta,,
matched_exact,scientificName,722,Hydrornis soror,蓝背八色鸫,Blue-rumped Pitta,Hydrornis soror,Blue-rumped Pitta,,
matched_exact,scientificName,723,Hydrornis cyaneus,蓝八色鸫,Blue Pitta,Hydrornis cyaneus,Blue Pitta,,
matched_exact,scientificName,724,Pitta brachyura,印度八色鸫,Indian Pitta,Pitta brachyura,Indian Pitta,,2023年6月15日，四川雅安，殷后盛、刘祯祥、任永红（阙品甲等，2023）
matched_exact,scientificName,725,Pitta moluccensis,蓝翅八色鸫,Blue-winged Pitta,Pitta moluccensis,Blue-winged Pitta,,
matched_exact,scientificName,726,Pitta sordida,绿胸八色鸫,Hooded Pitta,Pitta sordida,Western Hooded Pitta,,
matched_exact,scientificName,727,Pitta nympha,仙八色鸫,Fairy Pitta,Pitta nympha,Fairy Pitta,,
matched_exact,scientificName,729,Hemipus picatus,褐背鹟鵙,Bar-winged Flycatcher-shrike,Hemipus picatus,Bar-winged Flycatcher-shrike,,
matched_exact,scientificName,730,Tephrodornis virgatus,钩嘴林鵙,Large Woodshrike,Tephrodornis virgatus,Large Woodshrike,,
matched_exact,scientificName,732,Artamus fuscus,灰燕鵙,Ashy Woodswallow,Artamus fuscus,Ashy Woodswallow,,
matched_exact,scientificName,734,Aegithina tiphia,黑翅雀鹎,Common Iora,Aegithina tiphia,Common Iora,,
matched_exact,scientificName,735,Aegithina lafresnayei,大绿雀鹎,Great Iora,Aegithina lafresnayei,Great Iora,,
matched_exact,scientificName,737,Pericrocotus solaris,灰喉山椒鸟,Grey-chinned Minivet,Pericrocotus solaris,Grey-chinned Minivet,,
matched_exact,scientificName,738,Pericrocotus brevirostris,短嘴山椒鸟,Short-billed Minivet,Pericrocotus brevirostris,Short-billed Minivet,,
matched_exact,scientificName,739,Pericrocotus ethologus,长尾山椒鸟,Long-tailed Minivet,Pericrocotus ethologus,Long-tailed Minivet,,
matched_name_conflict_avilist_taxonomy_used,englishName,740,Pericrocotus speciosus,赤红山椒鸟,Scarlet Minivet,Pericrocotus flammeus,Scarlet Minivet,Pericrocotus flammeus,
matched_exact,scientificName,741,Pericrocotus divaricatus,灰山椒鸟,Ashy Minivet,Pericrocotus divaricatus,Ashy Minivet,,
matched_exact,scientificName,742,Pericrocotus tegimae,琉球山椒鸟,Ryukyu Minivet,Pericrocotus tegimae,Ryukyu Minivet,,
matched_exact,scientificName,743,Pericrocotus cantonensis,小灰山椒鸟,Swinhoe's Minivet,Pericrocotus cantonensis,Swinhoe's Minivet,,
matched_exact,scientificName,744,Pericrocotus roseus,粉红山椒鸟,Rosy Minivet,Pericrocotus roseus,Rosy Minivet,,
matched_exact,scientificName,745,Coracina javensis,大鹃鵙,Oriental Cuckooshrike,Coracina javensis,Oriental Cuckooshrike,,学名由Coracina macei改为Coracina javensis ，英文名由Large Cuckooshrike改为Oriental Cuckooshrike
matched_exact,scientificName,746,Lalage nigra,黑鸣鹃鵙,Pied Triller,Lalage nigra,Pied Triller,,
matched_exact,scientificName,747,Lalage melaschistos,暗灰鹃鵙,Black-winged Cuckooshrike,Lalage melaschistos,Black-winged Cuckooshrike,,
matched_exact,scientificName,749,Lanius excubitor,西方灰伯劳,Great Grey Shrike,Lanius excubitor,Great Grey Shrike,,
matched_name_conflict_avilist_taxonomy_used,englishName,750,Lanius giganteu,青藏楔尾伯劳,Giant Grey Shrike,Lanius giganteus,Giant Grey Shrike,Lanius giganteus,
matched_exact,scientificName,751,Lanius sphenocercus,楔尾伯劳,Chinese Grey Shrike,Lanius sphenocercus,Chinese Grey Shrike,,
matched_exact,scientificName,752,Lanius borealis,灰伯劳,Northern Shrike,Lanius borealis,Northern Shrike,,
matched_exact,scientificName,753,Lanius minor,黑额伯劳,Lesser Grey Shrike,Lanius minor,Lesser Grey Shrike,,
matched_exact,scientificName,754,Lanius collurioides,栗背伯劳,Burmese Shrike,Lanius collurioides,Burmese Shrike,,
matched_exact,scientificName,755,Lanius tigrinus,虎纹伯劳,Tiger Shrike,Lanius tigrinus,Tiger Shrike,,
matched_exact,scientificName,756,Lanius vittatus,褐背伯劳,Bay-backed Shrike,Lanius vittatus,Bay-backed Shrike,,
matched_exact,scientificName,757,Lanius isabellinus,荒漠伯劳,Isabelline Shrike,Lanius isabellinus,Isabelline Shrike,,
matched_exact,scientificName,758,Lanius collurio,红背伯劳,Red-backed Shrike,Lanius collurio,Red-backed Shrike,,
matched_exact,scientificName,759,Lanius phoenicuroides,棕尾伯劳,Rufous-tailed Shrike,Lanius phoenicuroides,Red-tailed Shrike,,
matched_exact,scientificName,760,Lanius bucephalus,牛头伯劳,Bull-headed Shrike,Lanius bucephalus,Bull-headed Shrike,,
matched_exact,scientificName,761,Lanius cristatus,红尾伯劳,Brown Shrike,Lanius cristatus,Brown Shrike,,
matched_exact,scientificName,762,Lanius schach,棕背伯劳,Long-tailed Shrike,Lanius schach,Long-tailed Shrike,,
matched_exact,scientificName,763,Lanius tephronotus,灰背伯劳,Grey-backed Shrike,Lanius tephronotus,Grey-backed Shrike,,
matched_exact,scientificName,765,Pteruthius xanthochlorus,淡绿鵙鹛,Green Shrike Babbler,Pteruthius xanthochlorus,Green Shrike-babbler,,
matched_exact,scientificName,766,Pteruthius melanotis,栗喉鵙鹛,Black-eared Shrike Babbler,Pteruthius melanotis,Black-eared Shrike-babbler,,
matched_exact,scientificName,767,Pteruthius rufiventer,棕腹鵙鹛,Black-headed Shrike Babbler,Pteruthius rufiventer,Black-headed Shrike-babbler,,
matched_exact,scientificName,768,Pteruthius aeralatus,红翅鵙鹛,White-browed Shrike-babbler,Pteruthius aeralatus,White-browed Shrike-babbler,,英文名由Blyth's Shrike Babbler改为White-browed Shrike-babbler
matched_exact,scientificName,769,Pteruthius intermedius,栗额鵙鹛,Clicking Shrike Babbler,Pteruthius intermedius,Clicking Shrike-babbler,,
matched_exact,scientificName,770,Erpornis zantholeuca,白腹凤鹛,White-bellied Erpornis,Erpornis zantholeuca,White-bellied Erpornis,,
matched_exact,scientificName,772,Oriolus traillii,朱鹂,Maroon Oriole,Oriolus traillii,Maroon Oriole,,
matched_exact,scientificName,773,Oriolus mellianus,鹊色鹂,Silver Oriole,Oriolus mellianus,Silver Oriole,,
matched_exact,scientificName,774,Oriolus xanthornus,黑头黄鹂,Black-hooded Oriole,Oriolus xanthornus,Black-hooded Oriole,,
matched_exact,scientificName,775,Oriolus kundoo,印度金黄鹂,Indian Golden Oriole,Oriolus kundoo,Indian Golden Oriole,,
matched_exact,scientificName,776,Oriolus oriolus,金黄鹂,Eurasian Golden Oriole,Oriolus oriolus,Eurasian Golden Oriole,,
matched_exact,scientificName,777,Oriolus chinensis,黑枕黄鹂,Black-naped Oriole,Oriolus chinensis,Black-naped Oriole,,
matched_exact,scientificName,778,Oriolus tenuirostris,细嘴黄鹂,Slender-billed Oriole,Oriolus tenuirostris,Slender-billed Oriole,,
matched_exact,scientificName,780,Dicrurus aeneus,古铜色卷尾,Bronzed Drongo,Dicrurus aeneus,Bronzed Drongo,,
matched_exact,scientificName,781,Dicrurus remifer,小盘尾,Lesser Racket-tailed Drongo,Dicrurus remifer,Lesser Racket-tailed Drongo,,
matched_exact,scientificName,782,Dicrurus annectens,鸦嘴卷尾,Crow-billed Drongo,Dicrurus annectens,Crow-billed Drongo,,
matched_exact,scientificName,783,Dicrurus paradiseus,大盘尾,Greater Racket-tailed Drongo,Dicrurus paradiseus,Greater Racket-tailed Drongo,,
matched_exact,scientificName,784,Dicrurus hottentottus,发冠卷尾,Hair-crested Drongo,Dicrurus hottentottus,Hair-crested Drongo,,
matched_exact,scientificName,785,Dicrurus leucophaeus,灰卷尾,Ashy Drongo,Dicrurus leucophaeus,Ashy Drongo,,
matched_exact,scientificName,786,Dicrurus macrocercus,黑卷尾,Black Drongo,Dicrurus macrocercus,Black Drongo,,
matched_exact,scientificName,788,Rhipidura albicollis,白喉扇尾鹟,White-throated Fantail,Rhipidura albicollis,White-throated Fantail,,
matched_exact,scientificName,789,Rhipidura aureola,白眉扇尾鹟,White-browed Fantail,Rhipidura aureola,White-browed Fantail,,
matched_exact,scientificName,790,Rhipidura nigritorquis,菲律宾斑扇尾鹟,Philippine Pied Fantail,Rhipidura nigritorquis,Philippine Pied Fantail,,
matched_exact,scientificName,792,Hypothymis azurea,黑枕王鹟,Black-naped Monarch,Hypothymis azurea,Black-naped Monarch,,
matched_exact,scientificName,793,Terpsiphone paradisi,印度寿带,Indian Paradise Flycatcher,Terpsiphone paradisi,Indian Paradise Flycatcher,,中文名由印缅寿带改为印度寿带
matched_exact,scientificName,794,Terpsiphone affinis,中南寿带,Blyth's Paradise Flycatcher,Terpsiphone affinis,Blyth's Paradise Flycatcher,,
matched_exact,scientificName,795,Terpsiphone incei,寿带,Amur Paradise Flycatcher,Terpsiphone incei,Amur Paradise Flycatcher,,
matched_exact,scientificName,796,Terpsiphone atrocaudata,紫寿带,Japanese Paradise-flycatcher,Terpsiphone atrocaudata,Black Paradise Flycatcher,,IUCN红色名录等级由NT降为LC
matched_exact,scientificName,798,Perisoreus infaustus,北噪鸦,Siberian Jay,Perisoreus infaustus,Siberian Jay,,
matched_exact,scientificName,799,Perisoreus internigrans,黑头噪鸦,Sichuan Jay,Perisoreus internigrans,Sichuan Jay,,IUCN红色名录等级由VU降为NT
matched_exact,scientificName,800,Garrulus glandarius,松鸦,Eurasian Jay,Garrulus glandarius,Eurasian Jay,,
matched_exact,scientificName,801,Cyanopica cyanus,灰喜鹊,Azure-winged Magpie,Cyanopica cyanus,Azure-winged Magpie,,
matched_exact,scientificName,802,Urocissa caerulea,台湾蓝鹊,Taiwan Blue Magpie,Urocissa caerulea,Taiwan Blue Magpie,,
matched_exact,scientificName,803,Urocissa flavirostris,黄嘴蓝鹊,Yellow-billed Blue Magpie,Urocissa flavirostris,Yellow-billed Blue Magpie,,
matched_exact,scientificName,804,Urocissa erythroryncha,红嘴蓝鹊,Red-billed Blue Magpie,Urocissa erythroryncha,Red-billed Blue Magpie,,
matched_exact,scientificName,805,Urocissa whiteheadi,白翅蓝鹊,White-winged Magpie,Urocissa whiteheadi,White-winged Magpie,,
matched_exact,scientificName,806,Cissa chinensis,蓝绿鹊,Common Green Magpie,Cissa chinensis,Common Green Magpie,,
matched_exact,scientificName,807,Cissa hypoleuca,印支绿鹊,Indochinese Green Magpie,Cissa hypoleuca,Indochinese Green Magpie,,
matched_exact,scientificName,808,Dendrocitta vagabunda,棕腹树鹊,Rufous Treepie,Dendrocitta vagabunda,Rufous Treepie,,
matched_exact,scientificName,809,Dendrocitta formosae,灰树鹊,Grey Treepie,Dendrocitta formosae,Grey Treepie,,
matched_exact,scientificName,810,Dendrocitta frontalis,黑额树鹊,Collared Treepie,Dendrocitta frontalis,Collared Treepie,,
matched_exact,scientificName,811,Temnurus temnurus,塔尾树鹊,Ratchet-tailed Treepie,Temnurus temnurus,Ratchet-tailed Treepie,,
matched_exact,scientificName,812,Pica pica,欧亚喜鹊,Eurasian Magpie,Pica pica,Eurasian Magpie,,
matched_exact,scientificName,813,Pica bottanensis,青藏喜鹊,Black-rumped Magpie,Pica bottanensis,Black-rumped Magpie,,
matched_exact,scientificName,814,Pica serica,喜鹊,Oriental Magpie,Pica serica,Oriental Magpie,,
matched_exact,scientificName,815,Podoces hendersoni,黑尾地鸦,Mongolian Ground Jay,Podoces hendersoni,Mongolian Ground Jay,,
matched_exact,scientificName,816,Podoces biddulphi,白尾地鸦,Xinjiang Ground Jay,Podoces biddulphi,Xinjiang Ground Jay,,
matched_exact,scientificName,817,Nucifraga caryocatactes,北星鸦,Northern Nutcracker,Nucifraga caryocatactes,Northern Nutcracker,,中文名由星鸦改为北星鸦，英文名由Spotted Nutcracker改为Northern Nutcracker
matched_exact,scientificName,818,Nucifraga hemispila,星鸦,Southern Nutcracker,Nucifraga hemispila,Southern Nutcracker,,"将星鸦的hemispila、macella, interdicta 和 owstoni亚种提升为独立种Nucifraga hemispila（del Hoyo & Collar 2016; de Raad et al. 2022），中文名保留星鸦，英文名为Southern Nutcracker"
matched_exact,scientificName,819,Nucifraga multipunctata,大斑星鸦,Large-spotted Nutcracker,Nucifraga multipunctata,Kashmir Nutcracker,,
matched_exact,scientificName,820,Pyrrhocorax pyrrhocorax,红嘴山鸦,Red-billed Chough,Pyrrhocorax pyrrhocorax,Red-billed Chough,,
matched_exact,scientificName,821,Pyrrhocorax graculus,黄嘴山鸦,Alpine Chough,Pyrrhocorax graculus,Alpine Chough,,
matched_exact,scientificName,822,Coloeus monedula,寒鸦,Eurasian Jackdaw,Coloeus monedula,Western Jackdaw,,
matched_exact,scientificName,823,Coloeus dauuricus,达乌里寒鸦,Daurian Jackdaw,Coloeus dauuricus,Daurian Jackdaw,,
matched_exact,scientificName,824,Corvus splendens,家鸦,House Crow,Corvus splendens,House Crow,,
matched_exact,scientificName,825,Corvus frugilegus,秃鼻乌鸦,Rook,Corvus frugilegus,Rook,,
matched_exact,scientificName,826,Corvus corone,小嘴乌鸦,Carrion Crow,Corvus corone,Carrion Crow,,
unmatched,englishName,827,Corvus cornix,冠小嘴乌鸦,Hooded Crow,,,,
matched_exact,scientificName,828,Corvus torquatus,白颈鸦,Collared Crow,Corvus torquatus,Collared Crow,,
matched_exact,scientificName,829,Corvus macrorhynchos,大嘴乌鸦,Large-billed Crow,Corvus macrorhynchos,Large-billed Crow,,
unmatched,englishName,830,Corvus levaillantii,丛林鸦,Jungle Crow,,,,
matched_exact,scientificName,831,Corvus corax,渡鸦,Common Raven,Corvus corax,Northern Raven,,
matched_exact,scientificName,833,Bombycilla garrulus,太平鸟,Bohemian Waxwing,Bombycilla garrulus,Bohemian Waxwing,,
matched_exact,scientificName,834,Bombycilla japonica,小太平鸟,Japanese Waxwing,Bombycilla japonica,Japanese Waxwing,,
matched_exact,scientificName,836,Chelidorhynx hypoxanthus,黄腹扇尾鹟,Yellow-bellied Fantail,Chelidorhynx hypoxanthus,Yellow-bellied Fantail,,
matched_exact,scientificName,837,Culicicapa ceylonensis,方尾鹟,Grey-headed Canary Flycatcher,Culicicapa ceylonensis,Grey-headed Canary-flycatcher,,
matched_exact,scientificName,839,Cephalopyrus flammiceps,火冠雀,Fire-capped Tit,Cephalopyrus flammiceps,Fire-capped Tit,,
matched_exact,scientificName,840,Sylviparus modestus,黄眉林雀,Yellow-browed Tit,Sylviparus modestus,Yellow-browed Tit,,
matched_exact,scientificName,841,Melanochlora sultanea,冕雀,Sultan Tit,Melanochlora sultanea,Sultan Tit,,
matched_exact,scientificName,842,Periparus rufonuchalis,棕枕山雀,Rufous-naped Tit,Periparus rufonuchalis,Rufous-naped Tit,,
matched_exact,scientificName,843,Periparus rubidiventris,黑冠山雀,Rufous-vented Tit,Periparus rubidiventris,Rufous-vented Tit,,
matched_exact,scientificName,844,Periparus ater,煤山雀,Coal Tit,Periparus ater,Coal Tit,,
matched_name_conflict_avilist_taxonomy_used,englishName,845,Pardaliparus venustulus,黄腹山雀,Yellow-bellied Tit,Periparus venustulus,Yellow-bellied Tit,Periparus venustulus,
matched_exact,scientificName,846,Lophophanes dichrous,褐冠山雀,Grey-crested Tit,Lophophanes dichrous,Grey-crested Tit,,
matched_exact,scientificName,847,Sittiparus varius,杂色山雀,Varied Tit,Sittiparus varius,Varied Tit,,
matched_exact,scientificName,848,Sittiparus castaneoventris,台湾杂色山雀,Chestnut-bellied Tit,Sittiparus castaneoventris,Chestnut-bellied Tit,,
matched_exact,scientificName,849,Poecile superciliosus,白眉山雀,White-browed Tit,Poecile superciliosus,White-browed Tit,,
matched_exact,scientificName,850,Poecile davidi,红腹山雀,Rusty-breasted Tit,Poecile davidi,Pere David's Tit,,
matched_exact,scientificName,851,Poecile palustris,沼泽山雀,Marsh Tit,Poecile palustris,Marsh Tit,,
matched_exact,scientificName,852,Poecile hypermelaenus,黑喉山雀,Black-bibbed Tit,Poecile hypermelaenus,Black-bibbed Tit,,
matched_exact,scientificName,853,Poecile montanus,褐头山雀,Willow Tit,Poecile montanus,Willow Tit,,
matched_exact,scientificName,854,Poecile weigoldicus,川褐头山雀,Sichuan Tit,Poecile weigoldicus,Sichuan Tit,,
matched_exact,scientificName,855,Cyanistes cyanus,灰蓝山雀,Azure Tit,Cyanistes cyanus,Azure Tit,,
matched_exact,scientificName,856,Pseudopodoces humilis,地山雀,Ground Tit,Pseudopodoces humilis,Ground Tit,,
matched_exact,scientificName,857,Parus major,欧亚大山雀,Great Tit,Parus major,Great Tit,,中文名由大山雀改为欧亚大山雀
matched_exact,scientificName,858,Parus cinereus,大山雀,Cinereous Tit,Parus cinereus,Cinereous Tit,,中文名由远东山雀恢复为大山雀，学名由Parus minor改为Parus cinereus
matched_exact,scientificName,859,Parus monticolus,绿背山雀,Green-backed Tit,Parus monticolus,Green-backed Tit,,
matched_exact,scientificName,860,Machlolophus holsti,台湾黄山雀,Yellow Tit,Machlolophus holsti,Yellow Tit,,IUCN红色名录等级由NT降为LC
matched_exact,scientificName,861,Machlolophus xanthogenys,眼纹黄山雀,Himalayan Black-lored Tit,Machlolophus xanthogenys,Himalayan Black-lored Tit,,
matched_exact,scientificName,862,Machlolophus spilonotus,黄颊山雀,Yellow-cheeked Tit,Machlolophus spilonotus,Yellow-cheeked Tit,,
matched_exact,scientificName,864,Remiz pendulinus,欧亚攀雀,Eurasian Penduline Tit,Remiz pendulinus,Eurasian Penduline Tit,,2024年1月27日，新疆艾比湖，汪卉、蒋文妮、克德尔汗·巴亚肯、吐尔洪江·吐尔逊、阙品甲、雷维蟠、张正旺、陈德（汪卉等，2024）
matched_exact,scientificName,865,Remiz macronyx,黑头攀雀,Black-headed Penduline Tit,Remiz macronyx,Black-headed Penduline Tit,,2020年11月1日，新疆伊犁，黄培新（江晓珩等，2023）
matched_exact,scientificName,866,Remiz coronatus,白冠攀雀,White-crowned Penduline Tit,Remiz coronatus,White-crowned Penduline Tit,,
matched_exact,scientificName,867,Remiz consobrinus,中华攀雀,Chinese Penduline Tit,Remiz consobrinus,Chinese Penduline Tit,,
matched_exact,scientificName,869,Panurus biarmicus,文须雀,Bearded Reedling,Panurus biarmicus,Bearded Reedling,,
matched_exact,scientificName,871,Mirafra javanica,歌百灵,Singing Bush Lark,Mirafra javanica,Singing Bush Lark,,英文名由Horsfield's Bush Lark改为Singing Bush Lark
matched_exact,scientificName,872,Alauda leucoptera,白翅云雀,White-winged Lark,Alauda leucoptera,White-winged Lark,,中文名由白翅百灵改为白翅云雀
matched_exact,scientificName,873,Alauda gulgula,小云雀,Oriental Skylark,Alauda gulgula,Oriental Skylark,,
matched_exact,scientificName,874,Alauda arvensis,云雀,Eurasian Skylark,Alauda arvensis,Eurasian Skylark,,
unmatched,englishName,875,Alauda japonica,日本云雀,Japanese Skylark,,,,
matched_exact,scientificName,876,Galerida cristata,凤头百灵,Crested Lark,Galerida cristata,Crested Lark,,
matched_exact,scientificName,877,Eremophila alpestris,角百灵,Horned Lark,Eremophila alpestris,Horned Lark,,
matched_exact,scientificName,878,Calandrella acutirostris,细嘴短趾百灵,Hume's Short-toed Lark,Calandrella acutirostris,Hume's Short-toed Lark,,
matched_exact,scientificName,879,Calandrella dukhunensis,蒙古短趾百灵,Mongolian Short-toed Lark,Calandrella dukhunensis,Mongolian Short-toed Lark,,
matched_exact,scientificName,880,Calandrella brachydactyla,大短趾百灵,Greater Short-toed Lark,Calandrella brachydactyla,Greater Short-toed Lark,,
matched_exact,scientificName,881,Melanocorypha bimaculata,双斑百灵,Bimaculated Lark,Melanocorypha bimaculata,Bimaculated Lark,,中文名由二斑百灵改为双斑百灵
matched_exact,scientificName,882,Melanocorypha calandra,草原百灵,Calandra Lark,Melanocorypha calandra,Calandra Lark,,
matched_exact,scientificName,883,Melanocorypha yeltoniensis,黑百灵,Black Lark,Melanocorypha yeltoniensis,Black Lark,,
matched_exact,scientificName,884,Melanocorypha mongolica,蒙古百灵,Mongolian Lark,Melanocorypha mongolica,Mongolian Lark,,
matched_exact,scientificName,885,Melanocorypha maxima,长嘴百灵,Tibetan Lark,Melanocorypha maxima,Tibetan Lark,,
matched_exact,scientificName,886,Alaudala cheleensis,亚洲短趾百灵,Asian Short-toed Lark,Alaudala cheleensis,Asian Short-toed Lark,,
matched_exact,scientificName,887,Alaudala heinei,中亚短趾百灵,Turkestan Short-toed Lark,Alaudala heinei,Turkestan Short-toed Lark,,
matched_exact,scientificName,889,Alophoixus flaveolus,黄腹冠鹎,White-throated Bulbul,Alophoixus flaveolus,White-throated Bulbul,,
matched_exact,scientificName,890,Alophoixus pallidus,白喉冠鹎,Puff-throated Bulbul,Alophoixus pallidus,Puff-throated Bulbul,,
matched_exact,scientificName,891,Alcurus striatus,纵纹绿鹎,Striated Bulbul,Alcurus striatus,Striated Bulbul,,
matched_exact,scientificName,892,Iole propinqua,灰眼短脚鹎,Grey-eyed Bulbul,Iole propinqua,Grey-eyed Bulbul,,
matched_exact,scientificName,893,Hemixos flavala,灰短脚鹎,Ashy Bulbul,Hemixos flavala,Ashy Bulbul,,
matched_exact,scientificName,894,Hemixos castanonotus,栗背短脚鹎,Chestnut Bulbul,Hemixos castanonotus,Chestnut Bulbul,,
matched_exact,scientificName,895,Ixos mcclellandii,绿翅短脚鹎,Mountain Bulbul,Ixos mcclellandii,Mountain Bulbul,,
matched_exact,scientificName,896,Hypsipetes amaurotis,栗耳短脚鹎,Brown-eared Bulbul,Hypsipetes amaurotis,Brown-eared Bulbul,,
matched_exact,scientificName,897,Hypsipetes leucocephalus,黑短脚鹎,Black Bulbul,Hypsipetes leucocephalus,Black Bulbul,,
matched_name_conflict_avilist_taxonomy_used,englishName,898,Brachypodius melanocephalos,黑头鹎,Black-headed Bulbul,Microtarsus melanocephalos,Black-headed Bulbul,Microtarsus melanocephalos,
matched_exact,scientificName,899,Rubigula flaviventris,黑冠黄鹎,Black-crested Bulbul,Rubigula flaviventris,Black-crested Bulbul,,
matched_exact,scientificName,900,Spizixos canifrons,凤头雀嘴鹎,Crested Finchbill,Spizixos canifrons,Crested Finchbill,,
matched_exact,scientificName,901,Spizixos semitorques,领雀嘴鹎,Collared Finchbill,Spizixos semitorques,Collared Finchbill,,
matched_exact,scientificName,902,Pycnonotus conradi,条耳鹎,Streak-eared Bulbul,Pycnonotus conradi,Streak-eared Bulbul,,2022年12月28日，云南西双版纳，莫国巍、范仕祥、李炯超（莫国巍等，2023）
matched_exact,scientificName,903,Pycnonotus finlaysoni,纹喉鹎,Stripe-throated Bulbul,Pycnonotus finlaysoni,Stripe-throated Bulbul,,
matched_exact,scientificName,904,Pycnonotus flavescens,黄绿鹎,Flavescent Bulbul,Pycnonotus flavescens,Flavescent Bulbul,,
matched_exact,scientificName,905,Pycnonotus xanthorrhous,黄臀鹎,Brown-breasted Bulbul,Pycnonotus xanthorrhous,Brown-breasted Bulbul,,
matched_exact,scientificName,906,Pycnonotus sinensis,白头鹎,Light-vented Bulbul,Pycnonotus sinensis,Light-vented Bulbul,,
matched_exact,scientificName,907,Pycnonotus taivanus,台湾鹎,Styan's Bulbul,Pycnonotus taivanus,Styan's Bulbul,,
matched_exact,scientificName,908,Pycnonotus jocosus,红耳鹎,Red-whiskered Bulbul,Pycnonotus jocosus,Red-whiskered Bulbul,,
matched_exact,scientificName,909,Pycnonotus goiavier,白眉黄臀鹎,Yellow-vented Bulbul,Pycnonotus goiavier,Yellow-vented Bulbul,,
matched_exact,scientificName,910,Pycnonotus cafer,黑喉红臀鹎,Red-vented Bulbul,Pycnonotus cafer,Red-vented Bulbul,,
matched_exact,scientificName,911,Pycnonotus aurigaster,白喉红臀鹎,Sooty-headed Bulbul,Pycnonotus aurigaster,Sooty-headed Bulbul,,
matched_exact,scientificName,912,Pycnonotus leucogenys,白颊鹎,Himalayan Bulbul,Pycnonotus leucogenys,Himalayan Bulbul,,
matched_exact,scientificName,914,Riparia chinensis,灰喉沙燕,Grey-throated Martin,Riparia chinensis,Grey-throated Martin,,中文名由褐喉沙燕改为灰喉沙燕
matched_exact,scientificName,915,Riparia riparia,崖沙燕,Sand Martin,Riparia riparia,Sand Martin,,
matched_exact,scientificName,916,Riparia diluta,淡色沙燕,Pale Martin,Riparia diluta,Pale Martin,,
matched_exact,scientificName,917,Ptyonoprogne rupestris,岩燕,Eurasian Crag Martin,Ptyonoprogne rupestris,Eurasian Crag Martin,,
matched_exact,scientificName,918,Ptyonoprogne concolor,纯色岩燕,Dusky Crag Martin,Ptyonoprogne concolor,Dusky Crag Martin,,
matched_exact,scientificName,919,Hirundo javanica,洋燕,Pacific Swallow,Hirundo javanica,Pacific Swallow,,中文名由洋斑燕改为洋燕，学名由Hirundo tahitica改为Hirundo javanica
matched_exact,scientificName,920,Hirundo rustica,家燕,Barn Swallow,Hirundo rustica,Barn Swallow,,
matched_exact,scientificName,921,Hirundo smithii,线尾燕,Wire-tailed Swallow,Hirundo smithii,Wire-tailed Swallow,,
matched_exact,scientificName,922,Delichon urbicum,西方毛脚燕,Common House Martin,Delichon urbicum,Western House Martin,,
matched_exact,scientificName,923,Delichon lagopodum,白腹毛脚燕,Siberian House Martin,Delichon lagopodum,Siberian House Martin,,
matched_exact,scientificName,924,Delichon dasypus,烟腹毛脚燕,Asian House Martin,Delichon dasypus,Asian House Martin,,
matched_exact,scientificName,925,Delichon nipalense,黑喉毛脚燕,Nepal House Martin,Delichon nipalense,Nepal House Martin,,
matched_exact,scientificName,926,Cecropis daurica,金腰燕,Red-rumped Swallow,Cecropis daurica,Eastern Red-rumped Swallow,,
matched_exact,scientificName,927,Petrochelidon fluvicola,黄额燕,Streak-throated Swallow,Petrochelidon fluvicola,Streak-throated Swallow,,
matched_exact,scientificName,929,Pnoepyga albiventer,鳞胸鹪鹛,Scaly-breasted Cupwing,Pnoepyga albiventer,Scaly-breasted Cupwing,,
matched_exact,scientificName,930,Pnoepyga formosana,台湾鹪鹛,Taiwan Cupwing,Pnoepyga formosana,Taiwan Cupwing,,
matched_exact,scientificName,931,Pnoepyga immaculata,尼泊尔鹪鹛,Nepal Cupwing,Pnoepyga immaculata,Nepal Cupwing,,
matched_exact,scientificName,932,Pnoepyga pusilla,小鳞胸鹪鹛,Pygmy Cupwing,Pnoepyga pusilla,Pygmy Cupwing,,
matched_exact,scientificName,934,Abroscopus superciliaris,黄腹鹟莺,Yellow-bellied Warbler,Abroscopus superciliaris,Yellow-bellied Warbler,,
matched_exact,scientificName,935,Abroscopus albogularis,棕脸鹟莺,Rufous-faced Warbler,Abroscopus albogularis,Rufous-faced Warbler,,
matched_exact,scientificName,936,Abroscopus schisticeps,黑脸鹟莺,Black-faced Warbler,Abroscopus schisticeps,Black-faced Warbler,,
matched_exact,scientificName,937,Phyllergates cucullatus,金头拟缝叶莺,Mountain Tailorbird,Phyllergates cucullatus,Mountain Tailorbird,,中文名由金头缝叶莺改为金头拟缝叶莺
matched_exact,scientificName,938,Tickellia hodgsoni,宽嘴鹟莺,Broad-billed Warbler,Tickellia hodgsoni,Broad-billed Warbler,,
matched_exact,scientificName,939,Horornis diphone,日本树莺,Japanese Bush Warbler,Horornis diphone,Japanese Bush Warbler,,
matched_exact,scientificName,940,Horornis canturians,远东树莺,Manchurian Bush Warbler,Horornis canturians,Manchurian Bush Warbler,,
matched_exact,scientificName,941,Horornis fortipes,强脚树莺,Brownish-flanked Bush Warbler,Horornis fortipes,Brown-flanked Bush Warbler,,
matched_exact,scientificName,942,Horornis brunnescens,喜山黄腹树莺,Hume's Bush Warbler,Horornis brunnescens,Hume's Bush Warbler,,中文名由休氏树莺改为喜山黄腹树莺
matched_exact,scientificName,943,Horornis acanthizoides,黄腹树莺,Yellowish-bellied Bush Warbler,Horornis acanthizoides,Yellow-bellied Bush Warbler,,
matched_exact,scientificName,944,Horornis flavolivaceus,异色树莺,Aberrant Bush Warbler,Horornis flavolivaceus,Aberrant Bush Warbler,,
matched_exact,scientificName,945,Tesia cyaniventer,灰腹地莺,Grey-bellied Tesia,Tesia cyaniventer,Grey-bellied Tesia,,
matched_exact,scientificName,946,Tesia olivea,金冠地莺,Slaty-bellied Tesia,Tesia olivea,Slaty-bellied Tesia,,
matched_exact,scientificName,947,Cettia cetti,宽尾树莺,Cetti's Warbler,Cettia cetti,Cetti's Warbler,,
matched_exact,scientificName,948,Cettia major,大树莺,Chestnut-crowned Bush Warbler,Cettia major,Chestnut-crowned Bush Warbler,,
matched_exact,scientificName,949,Cettia brunnifrons,棕顶树莺,Grey-sided Bush Warbler,Cettia brunnifrons,Grey-sided Bush Warbler,,
matched_exact,scientificName,950,Cettia castaneocoronata,栗头地莺,Chestnut-headed Tesia,Cettia castaneocoronata,Chestnut-headed Tesia,,
matched_exact,scientificName,951,Urosphena squameiceps,鳞头树莺,Asian Stubtail,Urosphena squameiceps,Asian Stubtail,,
matched_exact,scientificName,952,Hemitesia pallidipes,淡脚树莺,Pale-footed Bush Warbler,Hemitesia pallidipes,Pale-footed Bush Warbler,,由Urosphena属移入Hemitesia属（Alström et al. 2011）
matched_exact,scientificName,954,Leptopoecile sophiae,花彩雀莺,White-browed Tit Warbler,Leptopoecile sophiae,White-browed Tit-warbler,,
matched_exact,scientificName,955,Leptopoecile elegans,凤头雀莺,Crested Tit Warbler,Leptopoecile elegans,Crested Tit-warbler,,
matched_exact,scientificName,956,Aegithalos caudatus,北长尾山雀,Long-tailed Tit,Aegithalos caudatus,Long-tailed Tit,,
matched_exact,scientificName,957,Aegithalos glaucogularis,银喉长尾山雀,Silver-throated Bushtit,Aegithalos glaucogularis,Silver-throated Bushtit,,
matched_exact,scientificName,958,Aegithalos concinnus,红头长尾山雀,Black-throated Bushtit,Aegithalos concinnus,Black-throated Bushtit,,
matched_exact,scientificName,959,Aegithalos iouschistos,棕额长尾山雀,Rufous-fronted Bushtit,Aegithalos iouschistos,Black-browed Bushtit,,
matched_name_conflict_avilist_taxonomy_used,englishName,960,Aegithalos bonvaloti,黑眉长尾山雀,Black-browed Bushtit,Aegithalos iouschistos,Black-browed Bushtit,Aegithalos iouschistos,
matched_exact,scientificName,961,Aegithalos fuliginosus,银脸长尾山雀,Sooty Bushtit,Aegithalos fuliginosus,Sooty Bushtit,,
matched_exact,scientificName,963,Phylloscopus sibilatrix,林柳莺,Wood Warbler,Phylloscopus sibilatrix,Wood Warbler,,
matched_exact,scientificName,964,Phylloscopus pulcher,橙斑翅柳莺,Buff-barred Warbler,Phylloscopus pulcher,Buff-barred Warbler,,
matched_exact,scientificName,965,Phylloscopus maculipennis,灰喉柳莺,Ashy-throated Warbler,Phylloscopus maculipennis,Ashy-throated Warbler,,
matched_exact,scientificName,966,Phylloscopus humei,淡眉柳莺,Hume's Leaf Warbler,Phylloscopus humei,Hume's Leaf Warbler,,
matched_exact,scientificName,967,Phylloscopus inornatus,黄眉柳莺,Yellow-browed Warbler,Phylloscopus inornatus,Yellow-browed Warbler,,
matched_exact,scientificName,968,Phylloscopus yunnanensis,云南柳莺,Chinese Leaf Warbler,Phylloscopus yunnanensis,Chinese Leaf Warbler,,
matched_exact,scientificName,969,Phylloscopus chloronotus,淡黄腰柳莺,Lemon-rumped Warbler,Phylloscopus chloronotus,Lemon-rumped Warbler,,
matched_exact,scientificName,970,Phylloscopus forresti,四川柳莺,Sichuan Leaf Warbler,Phylloscopus forresti,Sichuan Leaf Warbler,,
matched_exact,scientificName,971,Phylloscopus kansuensis,甘肃柳莺,Gansu Leaf Warbler,Phylloscopus kansuensis,Gansu Leaf Warbler,,
matched_exact,scientificName,972,Phylloscopus proregulus,黄腰柳莺,Pallas's Leaf Warbler,Phylloscopus proregulus,Pallas's Leaf Warbler,,
matched_exact,scientificName,973,Phylloscopus armandii,棕眉柳莺,Yellow-streaked Warbler,Phylloscopus armandii,Yellow-streaked Warbler,,
matched_exact,scientificName,974,Phylloscopus schwarzi,巨嘴柳莺,Radde's Warbler,Phylloscopus schwarzi,Radde's Warbler,,
matched_exact,scientificName,975,Phylloscopus griseolus,灰柳莺,Sulphur-bellied Warbler,Phylloscopus griseolus,Sulphur-bellied Warbler,,
matched_exact,scientificName,976,Phylloscopus affinis,黄腹柳莺,Tickell's Leaf Warbler,Phylloscopus affinis,Tickell's Leaf Warbler,,
unmatched,englishName,977,Phylloscopus occisinensis,华西柳莺,Alpine Leaf Warbler,,,,
matched_exact,scientificName,978,Phylloscopus fuligiventer,烟柳莺,Smoky Warbler,Phylloscopus fuligiventer,Smoky Warbler,,
matched_exact,scientificName,979,Phylloscopus fuscatus,褐柳莺,Dusky Warbler,Phylloscopus fuscatus,Dusky Warbler,,
matched_exact,scientificName,980,Phylloscopus subaffinis,棕腹柳莺,Buff-throated Warbler,Phylloscopus subaffinis,Buff-throated Warbler,,
matched_exact,scientificName,981,Phylloscopus trochilus,欧柳莺,Willow Warbler,Phylloscopus trochilus,Willow Warbler,,
matched_exact,scientificName,982,Phylloscopus sindianus,东方叽喳柳莺,Mountain Chiffchaff,Phylloscopus sindianus,Mountain Chiffchaff,,
matched_exact,scientificName,983,Phylloscopus collybita,叽喳柳莺,Common Chiffchaff,Phylloscopus collybita,Common Chiffchaff,,
matched_exact,scientificName,984,Phylloscopus coronatus,冕柳莺,Eastern Crowned Warbler,Phylloscopus coronatus,Eastern Crowned Warbler,,
matched_exact,scientificName,985,Phylloscopus ijimae,饭岛柳莺,Ijima's Leaf Warbler,Phylloscopus ijimae,Ijima's Leaf Warbler,,
matched_exact,scientificName,986,Phylloscopus intermedius,白眶鹟莺,White-spectacled Warbler,Phylloscopus intermedius,White-spectacled Warbler,,
matched_exact,scientificName,987,Phylloscopus poliogenys,灰脸鹟莺,Grey-cheeked Warbler,Phylloscopus poliogenys,Grey-cheeked Warbler,,
matched_exact,scientificName,988,Phylloscopus burkii,金眶鹟莺,Green-crowned Warbler,Phylloscopus burkii,Green-crowned Warbler,,
matched_exact,scientificName,989,Phylloscopus tephrocephalus,灰冠鹟莺,Grey-crowned Warbler,Phylloscopus tephrocephalus,Grey-crowned Warbler,,
matched_exact,scientificName,990,Phylloscopus whistleri,韦氏鹟莺,Whistler's Warbler,Phylloscopus whistleri,Whistler's Warbler,,
matched_exact,scientificName,991,Phylloscopus valentini,比氏鹟莺,Bianchi's Warbler,Phylloscopus valentini,Bianchi's Warbler,,
matched_exact,scientificName,992,Phylloscopus soror,淡尾鹟莺,Plain-tailed Warbler,Phylloscopus soror,Alström's Warbler,,
matched_exact,scientificName,993,Phylloscopus omeiensis,峨眉鹟莺,Martens's Warbler,Phylloscopus omeiensis,Martens's Warbler,,
matched_exact,scientificName,994,Phylloscopus plumbeitarsus,双斑绿柳莺,Two-barred Warbler,Phylloscopus plumbeitarsus,Two-barred Warbler,,
matched_exact,scientificName,995,Phylloscopus trochiloides,暗绿柳莺,Greenish Warbler,Phylloscopus trochiloides,Greenish Warbler,,
matched_exact,scientificName,996,Phylloscopus emeiensis,峨眉柳莺,Emei Leaf Warbler,Phylloscopus emeiensis,Emei Leaf Warbler,,
matched_exact,scientificName,997,Phylloscopus magnirostris,乌嘴柳莺,Large-billed Leaf Warbler,Phylloscopus magnirostris,Large-billed Leaf Warbler,,
matched_exact,scientificName,998,Phylloscopus borealoides,库页岛柳莺,Sakhalin Leaf Warbler,Phylloscopus borealoides,Sakhalin Leaf Warbler,,
matched_exact,scientificName,999,Phylloscopus tenellipes,淡脚柳莺,Pale-legged Leaf Warbler,Phylloscopus tenellipes,Pale-legged Leaf Warbler,,英文名由Pale-legged Warbler改为Pale-legged Leaf Warbler
matched_exact,scientificName,1000,Phylloscopus xanthodryas,日本柳莺,Japanese Leaf Warbler,Phylloscopus xanthodryas,Japanese Leaf Warbler,,
matched_exact,scientificName,1001,Phylloscopus examinandus,堪察加柳莺,Kamchatka Leaf Warbler,Phylloscopus examinandus,Kamchatka Leaf Warbler,,
matched_exact,scientificName,1002,Phylloscopus borealis,极北柳莺,Arctic Warbler,Phylloscopus borealis,Arctic Warbler,,
matched_exact,scientificName,1003,Phylloscopus castaniceps,栗头鹟莺,Chestnut-crowned Warbler,Phylloscopus castaniceps,Chestnut-crowned Warbler,,
matched_exact,scientificName,1004,Phylloscopus calciatilis,灰岩柳莺,Limestone Leaf Warbler,Phylloscopus calciatilis,Limestone Leaf Warbler,,
matched_exact,scientificName,1005,Phylloscopus ricketti,黑眉柳莺,Sulphur-breasted Warbler,Phylloscopus ricketti,Sulphur-breasted Warbler,,
matched_exact,scientificName,1006,Phylloscopus cantator,黄胸柳莺,Yellow-vented Warbler,Phylloscopus cantator,Yellow-vented Warbler,,
matched_exact,scientificName,1007,Phylloscopus reguloides,西南冠纹柳莺,Blyth's Leaf Warbler,Phylloscopus reguloides,Blyth's Leaf Warbler,,
matched_exact,scientificName,1008,Phylloscopus claudiae,冠纹柳莺,Claudia's Leaf Warbler,Phylloscopus claudiae,Claudia's Leaf Warbler,,
matched_exact,scientificName,1009,Phylloscopus goodsoni,华南冠纹柳莺,Hartert's Leaf Warbler,Phylloscopus goodsoni,Hartert's Leaf Warbler,,
matched_exact,scientificName,1010,Phylloscopus ogilviegranti,白斑尾柳莺,Kloss's Leaf Warbler,Phylloscopus ogilviegranti,Kloss's Leaf Warbler,,
matched_exact,scientificName,1011,Phylloscopus hainanus,海南柳莺,Hainan Leaf Warbler,Phylloscopus hainanus,Hainan Leaf Warbler,,
matched_exact,scientificName,1012,Phylloscopus intensior,云南白斑尾柳莺,Davison's Leaf Warbler,Phylloscopus intensior,Davison's Leaf Warbler,,
matched_exact,scientificName,1013,Phylloscopus xanthoschistos,灰头柳莺,Grey-hooded Warbler,Phylloscopus xanthoschistos,Grey-hooded Warbler,,
matched_exact,scientificName,1015,Acrocephalus arundinaceus,大苇莺,Great Reed Warbler,Acrocephalus arundinaceus,Great Reed Warbler,,
matched_exact,scientificName,1016,Acrocephalus orientalis,东方大苇莺,Oriental Reed Warbler,Acrocephalus orientalis,Oriental Reed Warbler,,
matched_exact,scientificName,1017,Acrocephalus stentoreus,噪大苇莺,Clamorous Reed Warbler,Acrocephalus stentoreus,Clamorous Reed Warbler,,
matched_exact,scientificName,1018,Acrocephalus bistrigiceps,黑眉苇莺,Black-browed Reed Warbler,Acrocephalus bistrigiceps,Black-browed Reed Warbler,,
matched_exact,scientificName,1019,Acrocephalus melanopogon,须苇莺,Moustached Warbler,Acrocephalus melanopogon,Moustached Warbler,,
matched_exact,scientificName,1020,Acrocephalus schoenobaenus,水蒲苇莺,Sedge Warbler,Acrocephalus schoenobaenus,Sedge Warbler,,
matched_exact,scientificName,1021,Acrocephalus sorghophilus,细纹苇莺,Streaked Reed Warbler,Acrocephalus sorghophilus,Speckled Reed Warbler,,IUCN红色名录等级由EN升为CR
matched_exact,scientificName,1022,Acrocephalus concinens,钝翅苇莺,Blunt-winged Warbler,Acrocephalus concinens,Blunt-winged Warbler,,
matched_exact,scientificName,1023,Acrocephalus tangorum,远东苇莺,Manchurian Reed Warbler,Acrocephalus tangorum,Manchurian Reed Warbler,,
matched_exact,scientificName,1024,Acrocephalus agricola,稻田苇莺,Paddyfield Warbler,Acrocephalus agricola,Paddyfield Warbler,,
matched_exact,scientificName,1025,Acrocephalus dumetorum,布氏苇莺,Blyth's Reed Warbler,Acrocephalus dumetorum,Blyth's Reed Warbler,,
matched_exact,scientificName,1026,Acrocephalus scirpaceus,芦苇莺,Common Reed Warbler,Acrocephalus scirpaceus,Common Reed Warbler,,英文名由Eurasian Reed Warbler修改为Common Reed Warbler
matched_exact,scientificName,1027,Arundinax aedon,厚嘴苇莺,Thick-billed Warbler,Arundinax aedon,Thick-billed Warbler,,
matched_exact,scientificName,1028,Iduna caligata,靴篱莺,Booted Warbler,Iduna caligata,Booted Warbler,,
matched_exact,scientificName,1029,Iduna rama,赛氏篱莺,Sykes's Warbler,Iduna rama,Sykes's Warbler,,
matched_exact,scientificName,1030,Iduna pallida,草绿篱莺,Eastern Olivaceous Warbler,Iduna pallida,Eastern Olivaceous Warbler,,
matched_exact,scientificName,1032,Helopsaltes amnicola,库页岛蝗莺,Sakhalin Grasshopper Warbler,Helopsaltes amnicola,Sakhalin Grasshopper Warbler,,
matched_exact,scientificName,1033,Helopsaltes fasciolatus,苍眉蝗莺,Gray's Grasshopper Warbler,Helopsaltes fasciolatus,Gray's Grasshopper Warbler,,
matched_exact,scientificName,1034,Helopsaltes pryeri,斑背大尾莺,Marsh Grassbird,Helopsaltes pryeri,Marsh Grassbird,,
matched_exact,scientificName,1035,Helopsaltes certhiola,小蝗莺,Pallas's Grasshopper Warbler,Helopsaltes certhiola,Pallas's Grasshopper Warbler,,
matched_exact,scientificName,1036,Helopsaltes pleskei,东亚蝗莺,Styan's Grasshopper Warbler,Helopsaltes pleskei,Styan's Grasshopper Warbler,,
matched_exact,scientificName,1037,Helopsaltes ochotensis,北蝗莺,Middendorff's Grasshopper Warbler,Helopsaltes ochotensis,Middendorff's Grasshopper Warbler,,
matched_exact,scientificName,1038,Locustella lanceolata,矛斑蝗莺,Lanceolated Warbler,Locustella lanceolata,Lanceolated Warbler,,
matched_exact,scientificName,1039,Locustella luteoventris,棕褐短翅蝗莺,Brown Bush Warbler,Locustella luteoventris,Brown Bush Warbler,,中文名由棕褐短翅莺改为棕褐短翅蝗莺
matched_exact,scientificName,1040,Locustella major,巨嘴短翅蝗莺,Long-billed Bush Warbler,Locustella major,Long-billed Bush Warbler,,中文名由巨嘴短翅莺改为巨嘴短翅蝗莺
matched_exact,scientificName,1041,Locustella naevia,黑斑蝗莺,Common Grasshopper Warbler,Locustella naevia,Common Grasshopper Warbler,,
matched_exact,scientificName,1042,Locustella tacsanowskia,中华短翅蝗莺,Chinese Bush Warbler,Locustella tacsanowskia,Chinese Bush Warbler,,中文名由中华短翅莺改为中华短翅蝗莺
matched_exact,scientificName,1043,Locustella luscinioides,鸲蝗莺,Savi's Warbler,Locustella luscinioides,Savi's Warbler,,
matched_exact,scientificName,1044,Locustella davidi,北短翅蝗莺,Baikal Bush Warbler,Locustella davidi,Baikal Bush Warbler,,中文名由北短翅莺改为北短翅蝗莺
matched_exact,scientificName,1045,Locustella thoracica,斑胸短翅蝗莺,Spotted Bush Warbler,Locustella thoracica,Spotted Bush Warbler,,中文名由斑胸短翅莺改为斑胸短翅蝗莺
matched_exact,scientificName,1046,Locustella alishanensis,台湾短翅蝗莺,Taiwan Bush Warbler,Locustella alishanensis,Taiwan Bush Warbler,,中文名由台湾短翅莺改为台湾短翅蝗莺
matched_exact,scientificName,1047,Locustella mandelli,高山短翅蝗莺,Russet Bush Warbler,Locustella mandelli,Russet Bush Warbler,,中文名由高山短翅莺改为高山短翅蝗莺
matched_exact,scientificName,1048,Locustella chengi,四川短翅蝗莺,Sichuan Bush Warbler,Locustella chengi,Sichuan Bush Warbler,,中文名由四川短翅莺改为四川短翅蝗莺
matched_exact,scientificName,1049,Megalurus palustris,沼泽大尾莺,Striated Grassbird,Megalurus palustris,Striated Grassbird,,
matched_exact,scientificName,1051,Cisticola juncidis,棕扇尾莺,Zitting Cisticola,Cisticola juncidis,Zitting Cisticola,,
matched_exact,scientificName,1052,Cisticola exilis,金头扇尾莺,Golden-headed Cisticola,Cisticola exilis,Golden-headed Cisticola,,
matched_exact,scientificName,1053,Prinia crinigera,喜山山鹪莺,Striated Prinia,Prinia crinigera,Himalayan Prinia,,
matched_exact,scientificName,1054,Prinia striata,山鹪莺,Striped Prinia,Prinia striata,Striped Prinia,,
matched_exact,scientificName,1055,Prinia atrogularis,黑胸山鹪莺,Black-throated Prinia,Prinia atrogularis,Black-throated Prinia,,
matched_exact,scientificName,1056,Prinia superciliaris,黑喉山鹪莺,Hill Prinia,Prinia superciliaris,Hill Prinia,,
matched_exact,scientificName,1057,Prinia rufescens,暗冕山鹪莺,Rufescent Prinia,Prinia rufescens,Rufescent Prinia,,
matched_exact,scientificName,1058,Prinia hodgsonii,灰胸山鹪莺,Grey-breasted Prinia,Prinia hodgsonii,Grey-breasted Prinia,,
matched_exact,scientificName,1059,Prinia flaviventris,黄腹山鹪莺,Yellow-bellied Prinia,Prinia flaviventris,Yellow-bellied Prinia,,
matched_exact,scientificName,1060,Prinia inornata,纯色山鹪莺,Plain Prinia,Prinia inornata,Plain Prinia,,
matched_exact,scientificName,1061,Orthotomus sutorius,长尾缝叶莺,Common Tailorbird,Orthotomus sutorius,Common Tailorbird,,
matched_exact,scientificName,1062,Orthotomus atrogularis,黑喉缝叶莺,Dark-necked Tailorbird,Orthotomus atrogularis,Dark-necked Tailorbird,,
matched_exact,scientificName,1064,Timalia pileata,红顶鹛,Chestnut-capped Babbler,Timalia pileata,Chestnut-capped Babbler,,
matched_exact,scientificName,1065,Mixornis gularis,纹胸鹛,Striped Tit-Babbler,Mixornis gularis,Pin-striped Tit-Babbler,,中文名由纹胸巨鹛改为纹胸鹛
matched_exact,scientificName,1066,Cyanoderma chrysaeum,金头穗鹛,Golden Babbler,Cyanoderma chrysaeum,Golden Babbler,,
matched_exact,scientificName,1067,Cyanoderma pyrrhops,黑颏穗鹛,Black-chinned Babbler,Cyanoderma pyrrhops,Black-chinned Babbler,,
matched_exact,scientificName,1068,Cyanoderma ruficeps,红头穗鹛,Rufous-capped Babbler,Cyanoderma ruficeps,Rufous-capped Babbler,,
matched_exact,scientificName,1069,Cyanoderma rufifrons,红额穗鹛,Rufous-fronted Babbler,Cyanoderma rufifrons,Rufous-fronted Babbler,,黄喉穗鹛Buff-chested Babbler Cyanoderma ambiguum重新合并至红额穗鹛Rufous-fronted Babbler C. rufifrons（del Hoyo & Collar 2016），名录中做相应调整
matched_exact,scientificName,1070,Spelaeornis badeigularis,锈喉鹩鹛,Rusty-throated Wren Babbler,Spelaeornis badeigularis,Mishmi Wren-Babbler,,IUCN红色名录等级由VU降为NT，2022年4月13日，西藏墨脱，陈阳阳
matched_exact,scientificName,1071,Spelaeornis troglodytoides,斑翅鹩鹛,Bar-winged Wren-Babbler,Spelaeornis troglodytoides,Bar-winged Wren-Babbler,,
matched_exact,scientificName,1072,Spelaeornis kinneari,淡喉鹩鹛,Pale-throated Wren-Babbler,Spelaeornis kinneari,Pale-throated Wren-Babbler,,
matched_exact,scientificName,1073,Spelaeornis reptatus,灰腹鹩鹛,Long-tailed Wren-Babbler,Spelaeornis reptatus,Grey-bellied Wren-Babbler,,中文名由长尾鹩鹛改为灰腹鹩鹛
matched_exact,scientificName,1074,Pomatorhinus ferruginosus,黑冠钩嘴鹛,Black-crowned Scimitar Babbler,Pomatorhinus ferruginosus,Black-crowned Scimitar Babbler,,将红嘴钩嘴鹛的ferruginosus亚种提升为独立种Pomatorhinus ferruginosus（Rasmussen & Anderton 2012; del Hoyo & Collar 2016; HBW/BirdLife），中文名为黑冠钩嘴鹛，英文名为Black-crowned Scimitar Babbler
matched_exact,scientificName,1075,Pomatorhinus phayrei,红嘴钩嘴鹛,Brown-crowned Scimitar Babbler,Pomatorhinus phayrei,Brown-crowned Scimitar Babbler,,学名由Pomatorhinus ferruginosus改为Pomatorhinus phayrei，英文名由Coral-billed Scimitar Babbler改为Brown-crowned Scimitar Babbler
matched_exact,scientificName,1076,Pomatorhinus ochraceiceps,棕头钩嘴鹛,Red-billed Scimitar Babbler,Pomatorhinus ochraceiceps,Red-billed Scimitar Babbler,,
matched_exact,scientificName,1077,Pomatorhinus superciliaris,剑嘴鹛,Slender-billed Scimitar Babbler,Pomatorhinus superciliaris,Slender-billed Scimitar Babbler,,
matched_exact,scientificName,1078,Pomatorhinus ruficollis,棕颈钩嘴鹛,Streak-breasted Scimitar Babbler,Pomatorhinus ruficollis,Streak-breasted Scimitar Babbler,,
matched_exact,scientificName,1079,Pomatorhinus musicus,台湾棕颈钩嘴鹛,Taiwan Scimitar Babbler,Pomatorhinus musicus,Taiwan Scimitar Babbler,,
matched_exact,scientificName,1080,Pomatorhinus schisticeps,灰头钩嘴鹛,White-browed Scimitar Babbler,Pomatorhinus schisticeps,White-browed Scimitar Babbler,,
matched_exact,scientificName,1081,Erythrogenys hypoleucos,长嘴钩嘴鹛,Large Scimitar Babbler,Erythrogenys hypoleucos,Large Scimitar Babbler,,
matched_exact,scientificName,1082,Erythrogenys erythrogenys,锈脸钩嘴鹛,Rusty-cheeked Scimitar Babbler,Erythrogenys erythrogenys,Rusty-cheeked Scimitar Babbler,,
matched_exact,scientificName,1083,Erythrogenys gravivox,斑胸钩嘴鹛,Black-streaked Scimitar Babbler,Erythrogenys gravivox,Black-streaked Scimitar Babbler,,
matched_exact,scientificName,1084,Erythrogenys swinhoei,华南斑胸钩嘴鹛,Grey-sided Scimitar Babbler,Erythrogenys swinhoei,Grey-sided Scimitar Babbler,,
matched_exact,scientificName,1085,Erythrogenys erythrocnemis,台湾斑胸钩嘴鹛,Black-necklaced Scimitar Babbler,Erythrogenys erythrocnemis,Black-necklaced Scimitar Babbler,,
matched_exact,scientificName,1086,Stachyris nigriceps,黑头穗鹛,Grey-throated Babbler,Stachyris nigriceps,Grey-throated Babbler,,
matched_exact,scientificName,1087,Stachyris nonggangensis,弄岗穗鹛,Nonggang Babbler,Stachyris nonggangensis,Nonggang Babbler,,
matched_exact,scientificName,1088,Stachyris humei,黑胸楔嘴穗鹛,Sikkim Wedge-billed Babbler,Stachyris humei,Sikkim Wedge-billed Babbler,,中文名由黑胸楔嘴鹩鹛改为黑胸楔嘴穗鹛
matched_exact,scientificName,1089,Stachyris roberti,楔嘴穗鹛,Cachar Wedge-billed Wren-Babbler,Stachyris roberti,Cachar Wedge-billed Babbler,,中文名由楔嘴鹩鹛改为楔嘴穗鹛
matched_exact,scientificName,1090,Stachyris strialata,斑颈穗鹛,Spot-necked Babbler,Stachyris strialata,Spot-necked Babbler,,
matched_exact,scientificName,1092,Graminicola striatus,中华草鹛,Chinese Grassbird,Graminicola striatus,Chinese Grassbird,,中文名由大草莺改为中华草鹛
matched_exact,scientificName,1093,Gampsorhynchus rufulus,白头鵙鹛,White-hooded Babbler,Gampsorhynchus rufulus,White-hooded Babbler,,
matched_exact,scientificName,1094,Gampsorhynchus torquatus,领鵙鹛,Collared Babbler,Gampsorhynchus torquatus,Collared Babbler,,
matched_exact,scientificName,1095,Schoeniparus cinereus,黄喉雀鹛,Yellow-throated Fulvetta,Schoeniparus cinereus,Yellow-throated Fulvetta,,
matched_exact,scientificName,1096,Schoeniparus castaneceps,栗头雀鹛,Rufous-winged Fulvetta,Schoeniparus castaneceps,Rufous-winged Fulvetta,,
matched_exact,scientificName,1097,Schoeniparus variegaticeps,金额雀鹛,Golden-fronted Fulvetta,Schoeniparus variegaticeps,Golden-fronted Fulvetta,,IUCN红色名录等级由VU降为LC
matched_exact,scientificName,1098,Schoeniparus rufogularis,棕喉雀鹛,Rufous-throated Fulvetta,Schoeniparus rufogularis,Rufous-throated Fulvetta,,
matched_exact,scientificName,1099,Schoeniparus dubius,褐胁雀鹛,Rusty-capped Fulvetta,Schoeniparus dubius,Rusty-capped Fulvetta,,
matched_exact,scientificName,1100,Schoeniparus brunneus,褐顶雀鹛,Dusky Fulvetta,Schoeniparus brunneus,Dusky Fulvetta,,
matched_exact,scientificName,1101,Pellorneum ruficeps,棕头幽鹛,Puff-throated Babbler,Pellorneum ruficeps,Puff-throated Babbler,,
matched_exact,scientificName,1102,Pellorneum albiventre,白腹幽鹛,Spot-throated Babbler,Pellorneum albiventre,Spot-throated Babbler,,
matched_exact,scientificName,1103,Pellorneum tickelli,棕胸雅鹛,Buff-breasted Babbler,Pellorneum tickelli,Buff-breasted Babbler,,
matched_exact,scientificName,1104,Gypsophila brevicaudata,短尾鹪鹛,Streaked Wren-Babbler,Gypsophila brevicaudata,Streaked Wren-Babbler,,
matched_exact,scientificName,1105,Gypsophila annamensis,灰岩鹪鹛,Annam Limestone Babbler,Gypsophila annamensis,Annam Limestone Babbler,,
matched_exact,scientificName,1106,Napothera epilepidota,纹胸鹪鹛,Eyebrowed Wren-Babbler,Napothera epilepidota,Eyebrowed Wren-Babbler,,
matched_exact,scientificName,1107,Napothera malacoptila,长嘴鹩鹛,Long-billed Wren-Babbler,Napothera malacoptila,Long-billed Wren-Babbler,,
matched_exact,scientificName,1108,Napothera naungmungensis,瑙蒙短尾鹛,Naung Mung Scimitar Babbler,Napothera naungmungensis,Naung Mung Scimitar Babbler,,
matched_exact,scientificName,1110,Alcippe poioicephala,褐脸雀鹛,Brown-cheeked Fulvetta,Alcippe poioicephala,Brown-cheeked Fulvetta,,
matched_exact,scientificName,1111,Alcippe morrisonia,台湾雀鹛,Grey-cheeked Fulvetta,Alcippe morrisonia,Grey-cheeked Fulvetta,,
matched_exact,scientificName,1112,Alcippe davidi,灰眶雀鹛,David's Fulvetta,Alcippe davidi,David's Fulvetta,,
matched_exact,scientificName,1113,Alcippe fratercula,云南雀鹛,Yunnan Fulvetta,Alcippe fratercula,Yunnan Fulvetta,,
matched_exact,scientificName,1114,Alcippe hueti,淡眉雀鹛,Huet's Fulvetta,Alcippe hueti,Huet's Fulvetta,,
matched_exact,scientificName,1115,Alcippe nipalensis,白眶雀鹛,Nepal Fulvetta,Alcippe nipalensis,Nepal Fulvetta,,
matched_exact,scientificName,1117,Grammatoptila striata,条纹噪鹛,Striated Laughingthrush,Grammatoptila striata,Striated Laughingthrush,,
matched_exact,scientificName,1118,Cutia nipalensis,斑胁姬鹛,Himalayan Cutia,Cutia nipalensis,Himalayan Cutia,,
matched_exact,scientificName,1119,Trochalopteron subunicolor,纯色噪鹛,Scaly Laughingthrush,Trochalopteron subunicolor,Scaly Laughingthrush,,
matched_exact,scientificName,1120,Trochalopteron squamatum,蓝翅噪鹛,Blue-winged Laughingthrush,Trochalopteron squamatum,Blue-winged Laughingthrush,,
matched_exact,scientificName,1121,Trochalopteron lineatum,细纹噪鹛,Streaked Laughingthrush,Trochalopteron lineatum,Streaked Laughingthrush,,
matched_exact,scientificName,1122,Trochalopteron imbricatum,丽星噪鹛,Bhutan Laughingthrush,Trochalopteron imbricatum,Bhutan Laughingthrush,,
matched_exact,scientificName,1123,Trochalopteron variegatum,杂色噪鹛,Variegated Laughingthrush,Trochalopteron variegatum,Variegated Laughingthrush,,
matched_exact,scientificName,1124,Trochalopteron affine,黑顶噪鹛,Black-faced Laughingthrush,Trochalopteron affine,Black-faced Laughingthrush,,
matched_exact,scientificName,1125,Trochalopteron morrisonianum,玉山噪鹛,White-whiskered Laughingthrush,Trochalopteron morrisonianum,White-whiskered Laughingthrush,,
matched_exact,scientificName,1126,Trochalopteron henrici,灰腹噪鹛,Brown-cheeked Laughingthrush,Trochalopteron henrici,Brown-cheeked Laughingthrush,,
matched_exact,scientificName,1127,Trochalopteron elliotii,橙翅噪鹛,Elliot's Laughingthrush,Trochalopteron elliotii,Elliot's Laughingthrush,,
matched_exact,scientificName,1128,Trochalopteron milnei,赤尾噪鹛,Red-tailed Laughingthrush,Trochalopteron milnei,Red-tailed Laughingthrush,,
matched_exact,scientificName,1129,Trochalopteron erythrocephalum,红头噪鹛,Chestnut-crowned Laughingthrush,Trochalopteron erythrocephalum,Chestnut-crowned Laughingthrush,,
matched_exact,scientificName,1130,Trochalopteron chrysopterum,金翅噪鹛,Assam Laughingthrush,Trochalopteron chrysopterum,Assam Laughingthrush,,
matched_exact,scientificName,1131,Trochalopteron formosum,丽色噪鹛,Red-winged Laughingthrush,Trochalopteron formosum,Red-winged Laughingthrush,,
matched_exact,scientificName,1132,Trochalopteron melanostigma,银耳噪鹛,Silver-eared Laughingthrush,Trochalopteron melanostigma,Silver-eared Laughingthrush,,
matched_exact,scientificName,1133,Heterophasia picaoides,长尾奇鹛,Long-tailed Sibia,Heterophasia picaoides,Long-tailed Sibia,,
matched_exact,scientificName,1134,Heterophasia auricularis,白耳奇鹛,White-eared Sibia,Heterophasia auricularis,White-eared Sibia,,
matched_exact,scientificName,1135,Heterophasia capistrata,黑顶奇鹛,Rufous Sibia,Heterophasia capistrata,Rufous Sibia,,
matched_exact,scientificName,1136,Heterophasia pulchella,丽色奇鹛,Beautiful Sibia,Heterophasia pulchella,Beautiful Sibia,,
matched_exact,scientificName,1137,Heterophasia gracilis,灰奇鹛,Grey Sibia,Heterophasia gracilis,Grey Sibia,,
matched_exact,scientificName,1138,Heterophasia desgodinsi,黑头奇鹛,Black-headed Sibia,Heterophasia desgodinsi,Black-headed Sibia,,
matched_exact,scientificName,1139,Actinodura nipalensis,纹头斑翅鹛,Hoary-throated Barwing,Actinodura nipalensis,Hoary-throated Barwing,,
matched_exact,scientificName,1140,Actinodura morrisoniana,台湾斑翅鹛,Taiwan Barwing,Actinodura morrisoniana,Taiwan Barwing,,
matched_exact,scientificName,1141,Actinodura waldeni,纹胸斑翅鹛,Streak-throated Barwing,Actinodura waldeni,Streak-throated Barwing,,
matched_exact,scientificName,1142,Actinodura souliei,灰头斑翅鹛,Streaked Barwing,Actinodura souliei,Streaked Barwing,,
matched_exact,scientificName,1143,Actinodura cyanouroptera,蓝翅希鹛,Blue-winged Minla,Actinodura cyanouroptera,Blue-winged Minla,,
matched_exact,scientificName,1144,Actinodura strigula,斑喉希鹛,Bar-throated Minla,Actinodura strigula,Bar-throated Minla,,
matched_exact,scientificName,1145,Actinodura egertoni,锈额斑翅鹛,Rusty-fronted Barwing,Actinodura egertoni,Rusty-fronted Barwing,,
matched_exact,scientificName,1146,Actinodura ramsayi,白眶斑翅鹛,Spectacled Barwing,Actinodura ramsayi,Spectacled Barwing,,
matched_exact,scientificName,1147,Leiothrix lutea,红嘴相思鸟,Red-billed Leiothrix,Leiothrix lutea,Red-billed Leiothrix,,
matched_exact,scientificName,1148,Leiothrix argentauris,银耳相思鸟,Silver-eared Mesia,Leiothrix argentauris,Silver-eared Mesia,,
matched_exact,scientificName,1149,Minla ignotincta,火尾希鹛,Red-tailed Minla,Minla ignotincta,Red-tailed Minla,,
matched_exact,scientificName,1150,Leioptila annectens,栗背奇鹛,Rufous-backed Sibia,Leioptila annectens,Rufous-backed Sibia,,
matched_exact,scientificName,1151,Liocichla omeiensis,灰胸薮鹛,Emei Shan Liocichla,Liocichla omeiensis,Emei Shan Liocichla,,
matched_exact,scientificName,1152,Liocichla steerii,黄痣薮鹛,Taiwan Liocichla,Liocichla steerii,Taiwan Liocichla,,英文名由Steere's Liocichla改为Taiwan Liocichla
matched_exact,scientificName,1153,Liocichla phoenicea,灰头薮鹛,Red-faced Liocichla,Liocichla phoenicea,Red-faced Liocichla,,中文名由赤脸薮鹛改为灰头薮鹛
matched_exact,scientificName,1154,Liocichla ripponi,红翅薮鹛,Scarlet-faced Liocichla,Liocichla ripponi,Scarlet-faced Liocichla,,
matched_exact,scientificName,1155,Garrulax merulinus,斑胸噪鹛,Spot-breasted Laughingthrush,Garrulax merulinus,Spot-breasted Laughingthrush,,
matched_exact,scientificName,1156,Garrulax canorus,画眉,Hwamei,Garrulax canorus,Chinese Hwamei,,
matched_exact,scientificName,1157,Garrulax taewanus,台湾画眉,Taiwan Hwamei,Garrulax taewanus,Taiwan Hwamei,,
matched_exact,scientificName,1158,Garrulax monileger,小黑领噪鹛,Lesser Necklaced Laughingthrush,Garrulax monileger,Lesser Necklaced Laughingthrush,,
matched_exact,scientificName,1159,Garrulax leucolophus,白冠噪鹛,White-crested Laughingthrush,Garrulax leucolophus,White-crested Laughingthrush,,
matched_exact,scientificName,1160,Garrulax strepitans,白颈噪鹛,White-necked Laughingthrush,Garrulax strepitans,White-necked Laughingthrush,,
matched_exact,scientificName,1161,Garrulax maesi,褐胸噪鹛,Grey Laughingthrush,Garrulax maesi,Grey Laughingthrush,,
matched_exact,scientificName,1162,Garrulax castanotis,栗颊噪鹛,Rufous-cheeked Laughingthrush,Garrulax castanotis,Rufous-cheeked Laughingthrush,,
matched_exact,scientificName,1163,Ianthocincla sukatschewi,黑额山噪鹛,Snowy-cheeked Laughingthrush,Ianthocincla sukatschewi,Snowy-cheeked Laughingthrush,,
matched_exact,scientificName,1164,Ianthocincla rufogularis,棕颏噪鹛,Rufous-chinned Laughingthrush,Ianthocincla rufogularis,Rufous-chinned Laughingthrush,,
matched_exact,scientificName,1165,Ianthocincla cineracea,灰翅噪鹛,Moustached Laughingthrush,Ianthocincla cineracea,Moustached Laughingthrush,,
matched_exact,scientificName,1166,Ianthocincla ocellata,眼纹噪鹛,Spotted Laughingthrush,Ianthocincla ocellata,Spotted Laughingthrush,,
matched_exact,scientificName,1167,Ianthocincla maxima,大噪鹛,Giant Laughingthrush,Ianthocincla maxima,Giant Laughingthrush,,
matched_exact,scientificName,1168,Ianthocincla bieti,白点噪鹛,White-speckled Laughingthrush,Ianthocincla bieti,White-speckled Laughingthrush,,
matched_exact,scientificName,1169,Ianthocincla lunulata,斑背噪鹛,Barred Laughingthrush,Ianthocincla lunulata,Barred Laughingthrush,,
matched_exact,scientificName,1170,Pterorhinus gularis,棕臀噪鹛,Rufous-vented Laughingthrush,Pterorhinus gularis,Rufous-vented Laughingthrush,,
matched_exact,scientificName,1171,Pterorhinus galbanus,黄喉噪鹛,Yellow-throated Laughingthrush,Pterorhinus galbanus,Yellow-throated Laughingthrush,,
matched_exact,scientificName,1172,Pterorhinus courtoisi,靛冠噪鹛,Blue-crowned Laughingthrush,Pterorhinus courtoisi,Blue-crowned Laughingthrush,,
matched_exact,scientificName,1173,Pterorhinus ruficollis,栗颈噪鹛,Rufous-necked Laughingthrush,Pterorhinus ruficollis,Rufous-necked Laughingthrush,,
matched_exact,scientificName,1174,Pterorhinus chinensis,黑喉噪鹛,Black-throated Laughingthrush,Pterorhinus chinensis,Black-throated Laughingthrush,,
matched_exact,scientificName,1175,Pterorhinus sannio,白颊噪鹛,White-browed Laughingthrush,Pterorhinus sannio,White-browed Laughingthrush,,
matched_exact,scientificName,1176,Pterorhinus perspicillatus,黑脸噪鹛,Masked Laughingthrush,Pterorhinus perspicillatus,Masked Laughingthrush,,
matched_exact,scientificName,1177,Pterorhinus pectoralis,黑领噪鹛,Greater Necklaced Laughingthrush,Pterorhinus pectoralis,Greater Necklaced Laughingthrush,,
matched_exact,scientificName,1178,Pterorhinus davidi,山噪鹛,Plain Laughingthrush,Pterorhinus davidi,Plain Laughingthrush,,
matched_exact,scientificName,1179,Pterorhinus lanceolatus,矛纹草鹛,Chinese Babax,Pterorhinus lanceolatus,Chinese Babax,,
matched_exact,scientificName,1180,Pterorhinus waddelli,大草鹛,Giant Babax,Pterorhinus waddelli,Giant Babax,,IUCN红色名录等级由NT降为LC
matched_exact,scientificName,1181,Pterorhinus koslowi,棕草鹛,Tibetan Babax,Pterorhinus koslowi,Tibetan Babax,,IUCN红色名录等级由NT降为LC
matched_exact,scientificName,1182,Pterorhinus albogularis,白喉噪鹛,White-throated Laughingthrush,Pterorhinus albogularis,White-throated Laughingthrush,,
matched_exact,scientificName,1183,Pterorhinus ruficeps,台湾白喉噪鹛,Rufous-crowned Laughingthrush,Pterorhinus ruficeps,Rufous-crowned Laughingthrush,,
matched_exact,scientificName,1184,Pterorhinus caerulatus,灰胁噪鹛,Grey-sided Laughingthrush,Pterorhinus caerulatus,Grey-sided Laughingthrush,,
matched_exact,scientificName,1185,Pterorhinus berthemyi,棕噪鹛,Buffy Laughingthrush,Pterorhinus berthemyi,Buffy Laughingthrush,,
matched_exact,scientificName,1186,Pterorhinus poecilorhynchus,台湾棕噪鹛,Rusty Laughingthrush,Pterorhinus poecilorhynchus,Rusty Laughingthrush,,
matched_exact,scientificName,1188,Sylvia atricapilla,黑顶林莺,Eurasian Blackcap,Sylvia atricapilla,Eurasian Blackcap,,
matched_exact,scientificName,1189,Curruca nisoria,横斑林莺,Barred Warbler,Curruca nisoria,Barred Warbler,,
unmatched,englishName,1190,Curruca minula,沙白喉林莺,Desert Whitethroat,,,,
matched_exact,scientificName,1191,Curruca curruca,白喉林莺,Lesser Whitethroat,Curruca curruca,Lesser Whitethroat,,
unmatched,englishName,1192,Curruca althaea,休氏白喉林莺,Hume's Whitethroat,,,,
matched_exact,scientificName,1193,Curruca crassirostris,东歌林莺,Eastern Orphean Warbler,Curruca crassirostris,Eastern Orphean Warbler,,
matched_exact,scientificName,1194,Curruca nana,亚洲漠地林莺,Asian Desert Warbler,Curruca nana,Asian Desert Warbler,,
matched_exact,scientificName,1195,Curruca communis,灰白喉林莺,Common Whitethroat,Curruca communis,Common Whitethroat,,
matched_exact,scientificName,1197,Myzornis pyrrhoura,火尾绿鹛,Fire-tailed Myzornis,Myzornis pyrrhoura,Fire-tailed Myzornis,,
matched_exact,scientificName,1198,Lioparus chrysotis,金胸雀鹛,Golden-breasted Fulvetta,Lioparus chrysotis,Golden-breasted Fulvetta,,
matched_exact,scientificName,1199,Moupinia poecilotis,宝兴鹛雀,Rufous-tailed Babbler,Moupinia poecilotis,Rufous-tailed Babbler,,
matched_exact,scientificName,1200,Fulvetta vinipectus,白眉雀鹛,White-browed Fulvetta,Fulvetta vinipectus,White-browed Fulvetta,,
matched_exact,scientificName,1201,Fulvetta striaticollis,中华雀鹛,Chinese Fulvetta,Fulvetta striaticollis,Chinese Fulvetta,,中文名由高山雀鹛改为中华雀鹛
matched_exact,scientificName,1202,Fulvetta ruficapilla,棕头雀鹛,Spectacled Fulvetta,Fulvetta ruficapilla,Spectacled Fulvetta,,
matched_exact,scientificName,1203,Fulvetta danisi,中南雀鹛,Indochinese Fulvetta,Fulvetta danisi,Indochinese Fulvetta,,中文名由印支雀鹛改为中南雀鹛
matched_exact,scientificName,1204,Fulvetta ludlowi,路德雀鹛,Ludlow's Fulvetta,Fulvetta ludlowi,Brown-throated Fulvetta,,
matched_exact,scientificName,1205,Fulvetta cinereiceps,灰头雀鹛,Grey-hooded Fulvetta,Fulvetta cinereiceps,Grey-hooded Fulvetta,,
matched_exact,scientificName,1206,Fulvetta manipurensis,褐头雀鹛,Streak-throated Fulvetta,Fulvetta manipurensis,Manipur Fulvetta,,
matched_exact,scientificName,1207,Fulvetta formosana,玉山雀鹛,Taiwan Fulvetta,Fulvetta formosana,Taiwan Fulvetta,,
matched_exact,scientificName,1208,Chrysomma sinense,金眼鹛雀,Yellow-eyed Babbler,Chrysomma sinense,Yellow-eyed Babbler,,
matched_exact,scientificName,1209,Rhopophilus pekinensis,山鹛,Beijing Hill Babbler,Rhopophilus pekinensis,Beijing Babbler,,
matched_exact,scientificName,1210,Rhopophilus albosuperciliaris,西域山鹛,Tarim Babbler,Rhopophilus albosuperciliaris,Tarim Babbler,,
matched_exact,scientificName,1211,Paradoxornis aemodius,红嘴鸦雀,Great Parrotbill,Paradoxornis aemodius,Great Parrotbill,,由Conostoma属移入Paradoxornis属（Cai et al. 2019），其学名由Conostoma aemodium修订为Paradoxornis aemodius
matched_exact,scientificName,1212,Paradoxornis paradoxus,三趾鸦雀,Three-toed Parrotbill,Paradoxornis paradoxus,Three-toed Parrotbill,,由Cholornis属移入Paradoxornis属（Cai et al. 2019）
matched_exact,scientificName,1213,Paradoxornis unicolor,褐鸦雀,Brown Parrotbill,Paradoxornis unicolor,Brown Parrotbill,,由Cholornis属移入Paradoxornis属（Cai et al. 2019）
matched_exact,scientificName,1214,Suthora conspicillata,白眶鸦雀,Spectacled Parrotbill,Suthora conspicillata,Spectacled Parrotbill,,由Sinosuthora属移入Suthora属（Cai et al. 2019）
matched_exact,scientificName,1215,Suthora webbiana,棕头鸦雀,Vinous-throated Parrotbill,Suthora webbiana,Vinous-throated Parrotbill,,由Sinosuthora属移入Suthora属（Cai et al. 2019）
matched_exact,scientificName,1216,Suthora alphonsiana,灰喉鸦雀,Ashy-throated Parrotbill,Suthora alphonsiana,Ashy-throated Parrotbill,,由Sinosuthora属移入Suthora属（Cai et al. 2019）
matched_exact,scientificName,1217,Suthora brunnea,褐翅鸦雀,Brown-winged Parrotbill,Suthora brunnea,Brown-winged Parrotbill,,由Sinosuthora属移入Suthora属（Cai et al. 2019）
matched_exact,scientificName,1218,Suthora ricketti,云南鸦雀,Eye-ringed Parrotbill,Suthora ricketti,Eye-ringed Parrotbill,,将褐翅鸦雀的ricketti亚种提升为独立种Suthora ricketti（Deignan 1964; Robson 2007; Penhallurick & Robson 2009; Yeung et al. 2011; del Hoyo & Collar 2016），中文名为云南鸦雀，英文名为Eye-ringed Parrotbill
matched_exact,scientificName,1219,Suthora zappeyi,暗色鸦雀,Grey-hooded Parrotbill,Suthora zappeyi,Grey-hooded Parrotbill,,由Sinosuthora属移入Suthora属（Cai et al. 2019）
matched_exact,scientificName,1220,Suthora przewalskii,灰冠鸦雀,Rusty-throated Parrotbill,Suthora przewalskii,Przevalski's Parrotbill,,由Sinosuthora属移入Suthora属（Cai et al. 2019），IUCN红色名录等级由VU降为LC
matched_exact,scientificName,1221,Suthora fulvifrons,黄额鸦雀,Fulvous Parrotbill,Suthora fulvifrons,Fulvous Parrotbill,,
matched_exact,scientificName,1222,Suthora nipalensis,橙额鸦雀,Black-throated Parrotbill,Suthora nipalensis,Black-throated Parrotbill,,
matched_exact,scientificName,1223,Suthora verreauxi,金色鸦雀,Golden Parrotbill,Suthora verreauxi,Golden Parrotbill,,
matched_exact,scientificName,1224,Suthora davidiana,短尾鸦雀,Short-tailed Parrotbill,Suthora davidiana,Short-tailed Parrotbill,,由Neosuthora属移入Suthora属（Cai et al. 2019）
matched_exact,scientificName,1225,Suthora atrosuperciliaris,黑眉鸦雀,Lesser Rufous-headed Parrotbill,Suthora atrosuperciliaris,Pale-billed Parrotbill,,由Chleuasicus属移入Suthora属（Cai et al. 2019）
matched_exact,scientificName,1226,Paradoxornis ruficeps,白胸鸦雀,White-breasted Parrotbill,Paradoxornis ruficeps,White-breasted Parrotbill,,由Psittiparus属移入Paradoxornis属（Cai et al. 2019）
matched_exact,scientificName,1227,Paradoxornis bakeri,红头鸦雀,Rufous-headed Parrotbill,Paradoxornis bakeri,Rufous-headed Parrotbill,,由Psittiparus属移入Paradoxornis属（Cai et al. 2019）
matched_exact,scientificName,1228,Paradoxornis gularis,灰头鸦雀,Grey-headed Parrotbill,Paradoxornis gularis,Grey-headed Parrotbill,,由Psittiparus属移入Paradoxornis属（Cai et al. 2019）
matched_exact,scientificName,1229,Paradoxornis guttaticollis,点胸鸦雀,Spot-breasted Parrotbill,Paradoxornis guttaticollis,Spot-breasted Parrotbill,,
matched_exact,scientificName,1230,Paradoxornis heudei,震旦鸦雀,Reed Parrotbill,Paradoxornis heudei,Reed Parrotbill,,由Calamornis属移入Paradoxornis属（Cai et al. 2019）
matched_exact,scientificName,1232,Parayuhina diademata,白领凤鹛,White-collared Yuhina,Parayuhina diademata,White-collared Yuhina,,
matched_exact,scientificName,1233,Staphida castaniceps,栗耳凤鹛,Striated Yuhina,Staphida castaniceps,Striated Yuhina,,
matched_exact,scientificName,1234,Staphida torqueola,栗颈凤鹛,Chestnut-collared Yuhina,Staphida torqueola,Indochinese Yuhina,,
matched_exact,scientificName,1235,Yuhina nigrimenta,黑颏凤鹛,Black-chinned Yuhina,Yuhina nigrimenta,Black-chinned Yuhina,,
matched_exact,scientificName,1236,Yuhina brunneiceps,褐头凤鹛,Taiwan Yuhina,Yuhina brunneiceps,Taiwan Yuhina,,
matched_exact,scientificName,1237,Yuhina flavicollis,黄颈凤鹛,Whiskered Yuhina,Yuhina flavicollis,Whiskered Yuhina,,
matched_exact,scientificName,1238,Yuhina bakeri,白项凤鹛,White-naped Yuhina,Yuhina bakeri,White-naped Yuhina,,
matched_exact,scientificName,1239,Yuhina gularis,纹喉凤鹛,Stripe-throated Yuhina,Yuhina gularis,Stripe-throated Yuhina,,
matched_exact,scientificName,1240,Yuhina occipitalis,棕臀凤鹛,Rufous-vented Yuhina,Yuhina occipitalis,Rufous-vented Yuhina,,
matched_exact,scientificName,1241,Zosterops erythropleurus,红胁绣眼鸟,Chestnut-flanked White-eye,Zosterops erythropleurus,Chestnut-flanked White-eye,,
matched_exact,scientificName,1242,Zosterops simplex,暗绿绣眼鸟,Swinhoe's White-eye,Zosterops simplex,Swinhoe's White-eye,,
matched_exact,scientificName,1243,Zosterops japonicus,日本绣眼鸟,Japanese White-eye,Zosterops japonicus,Warbling White-eye,,
matched_exact,scientificName,1244,Zosterops palpebrosus,灰腹绣眼鸟,Indian White-eye,Zosterops palpebrosus,Indian White-eye,,
matched_exact,scientificName,1245,Zosterops meyeni,低地绣眼鸟,Lowland White-eye,Zosterops meyeni,Lowland White-eye,,
matched_exact,scientificName,1247,Irena puella,和平鸟,Asian Fairy Bluebird,Irena puella,Asian Fairy-bluebird,,
matched_exact,scientificName,1249,Regulus goodfellowi,台湾戴菊,Flamecrest,Regulus goodfellowi,Flamecrest,,
matched_exact,scientificName,1250,Regulus regulus,戴菊,Goldcrest,Regulus regulus,Goldcrest,,
matched_exact,scientificName,1252,Elachura formosa,丽星鹩鹛,Spotted Elachura,Elachura formosa,Spotted Elachura,,
matched_exact,scientificName,1254,Troglodytes troglodytes,鹪鹩,Eurasian Wren,Troglodytes troglodytes,Eurasian Wren,,
matched_exact,scientificName,1256,Sitta europaea,普通䴓,Eurasian Nuthatch,Sitta europaea,Eurasian Nuthatch,,
matched_exact,scientificName,1257,Sitta nagaensis,栗臀䴓,Chestnut-vented Nuthatch,Sitta nagaensis,Chestnut-vented Nuthatch,,
matched_exact,scientificName,1258,Sitta cinnamoventris,栗腹䴓,Chestnut-bellied Nuthatch,Sitta cinnamoventris,Chestnut-bellied Nuthatch,,
matched_exact,scientificName,1259,Sitta himalayensis,白尾䴓,White-tailed Nuthatch,Sitta himalayensis,White-tailed Nuthatch,,
matched_exact,scientificName,1260,Sitta yunnanensis,滇䴓,Yunnan Nuthatch,Sitta yunnanensis,Yunnan Nuthatch,,IUCN红色名录等级由NT降为LC
matched_exact,scientificName,1261,Sitta villosa,黑头䴓,Chinese Nuthatch,Sitta villosa,Chinese Nuthatch,,
matched_exact,scientificName,1262,Sitta przewalskii,白脸䴓,Przevalski's Nuthatch,Sitta przewalskii,Przevalski's Nuthatch,,
matched_exact,scientificName,1263,Sitta frontalis,绒额䴓,Velvet-fronted Nuthatch,Sitta frontalis,Velvet-fronted Nuthatch,,
matched_exact,scientificName,1264,Sitta solangiae,淡紫䴓,Yellow-billed Nuthatch,Sitta solangiae,Yellow-billed Nuthatch,,
matched_exact,scientificName,1265,Sitta magna,巨䴓,Giant Nuthatch,Sitta magna,Giant Nuthatch,,
matched_exact,scientificName,1266,Sitta formosa,丽䴓,Beautiful Nuthatch,Sitta formosa,Beautiful Nuthatch,,
matched_exact,scientificName,1268,Tichodroma muraria,红翅旋壁雀,Wallcreeper,Tichodroma muraria,Wallcreeper,,
matched_exact,scientificName,1270,Certhia familiaris,旋木雀,Eurasian Treecreeper,Certhia familiaris,Eurasian Treecreeper,,
matched_exact,scientificName,1271,Certhia hodgsoni,霍氏旋木雀,Hodgson's Treecreeper,Certhia hodgsoni,Hodgson's Treecreeper,,
matched_exact,scientificName,1272,Certhia himalayana,高山旋木雀,Bar-tailed Treecreeper,Certhia himalayana,Bar-tailed Treecreeper,,
matched_exact,scientificName,1273,Certhia nipalensis,锈红腹旋木雀,Rusty-flanked Treecreeper,Certhia nipalensis,Rusty-flanked Treecreeper,,
matched_exact,scientificName,1274,Certhia discolor,褐喉旋木雀,Brown-throated Treecreeper,Certhia discolor,Sikkim Treecreeper,,
matched_exact,scientificName,1275,Certhia manipurensis,休氏旋木雀,Hume's Treecreeper,Certhia manipurensis,Hume's Treecreeper,,
matched_exact,scientificName,1276,Certhia tianquanensis,四川旋木雀,Sichuan Treecreeper,Certhia tianquanensis,Sichuan Treecreeper,,
matched_exact,scientificName,1278,Aplonis panayensis,亚洲辉椋鸟,Asian Glossy Starling,Aplonis panayensis,Asian Glossy Starling,,2022年2月26日，海南海口，钟忠柱
matched_exact,scientificName,1279,Saroglossa spilopterus,斑翅椋鸟,Spot-winged Starling,Saroglossa spilopterus,Spot-winged Starling,,
matched_exact,scientificName,1280,Ampeliceps coronatus,金冠树八哥,Golden-crested Myna,Ampeliceps coronatus,Golden-crested Myna,,
matched_exact,scientificName,1281,Gracula religiosa,鹩哥,Hill Myna,Gracula religiosa,Common Hill Myna,,
matched_exact,scientificName,1282,Acridotheres grandis,林八哥,Great Myna,Acridotheres grandis,Great Myna,,
matched_exact,scientificName,1283,Acridotheres cristatellus,八哥,Crested Myna,Acridotheres cristatellus,Crested Myna,,
matched_exact,scientificName,1284,Acridotheres albocinctus,白领八哥,Collared Myna,Acridotheres albocinctus,Collared Myna,,
matched_exact,scientificName,1285,Acridotheres tristis,家八哥,Common Myna,Acridotheres tristis,Common Myna,,
matched_exact,scientificName,1286,Acridotheres burmannicus,红嘴椋鸟,Vinous-breasted Starling,Acridotheres burmannicus,Burmese Myna,,
matched_exact,scientificName,1287,Spodiopsar sericeus,丝光椋鸟,Red-billed Starling,Spodiopsar sericeus,Red-billed Starling,,
matched_exact,scientificName,1288,Spodiopsar cineraceus,灰椋鸟,White-cheeked Starling,Spodiopsar cineraceus,White-cheeked Starling,,
matched_exact,scientificName,1289,Gracupica nigricollis,黑领椋鸟,Black-collared Starling,Gracupica nigricollis,Black-collared Starling,,
matched_exact,scientificName,1290,Gracupica contra,斑椋鸟,Indian Pied Myna,Gracupica contra,Indian Pied Myna,,
matched_exact,scientificName,1291,Gracupica floweri,暹罗斑椋鸟,Siamese Pied Myna,Gracupica floweri,Siamese Pied Myna,,
matched_exact,scientificName,1292,Agropsar sturninus,北椋鸟,Daurian Starling,Agropsar sturninus,Daurian Starling,,
matched_exact,scientificName,1293,Agropsar philippensis,紫背椋鸟,Chestnut-cheeked Starling,Agropsar philippensis,Chestnut-cheeked Starling,,
matched_exact,scientificName,1294,Sturnia sinensis,灰背椋鸟,White-shouldered Starling,Sturnia sinensis,White-shouldered Starling,,
matched_exact,scientificName,1295,Sturnia malabarica,灰头椋鸟,Chestnut-tailed Starling,Sturnia malabarica,Chestnut-tailed Starling,,
matched_exact,scientificName,1296,Sturnia pagodarum,黑冠椋鸟,Brahminy Starling,Sturnia pagodarum,Brahminy Starling,,
matched_exact,scientificName,1297,Pastor roseus,粉红椋鸟,Rosy Starling,Pastor roseus,Rosy Starling,,
matched_exact,scientificName,1298,Sturnus vulgaris,紫翅椋鸟,Common Starling,Sturnus vulgaris,Common Starling,,
matched_exact,scientificName,1300,Grandala coelicolor,蓝大翅鸲,Grandala,Grandala coelicolor,Grandala,,
matched_exact,scientificName,1301,Cochoa purpurea,紫宽嘴鸫,Purple Cochoa,Cochoa purpurea,Purple Cochoa,,
matched_exact,scientificName,1302,Cochoa viridis,绿宽嘴鸫,Green Cochoa,Cochoa viridis,Green Cochoa,,
matched_exact,scientificName,1303,Zoothera dixoni,长尾地鸫,Long-tailed Thrush,Zoothera dixoni,Long-tailed Thrush,,
matched_exact,scientificName,1304,Zoothera mollissima,淡背地鸫,Alpine Thrush,Zoothera mollissima,Alpine Thrush,,中文名由光背地鸫改为淡背地鸫
matched_exact,scientificName,1305,Zoothera salimalii,喜山淡背地鸫,Himalayan Thrush,Zoothera salimalii,Himalayan Thrush,,中文名由喜山光背地鸫改为喜山淡背地鸫
matched_exact,scientificName,1306,Zoothera griseiceps,四川淡背地鸫,Sichuan Thrush,Zoothera griseiceps,Sichuan Thrush,,中文名由四川光背地鸫改为四川淡背地鸫
matched_exact,scientificName,1307,Zoothera monticola,大长嘴地鸫,Long-billed Thrush,Zoothera monticola,Long-billed Thrush,,
matched_exact,scientificName,1308,Zoothera marginata,长嘴地鸫,Dark-sided Thrush,Zoothera marginata,Dark-sided Thrush,,
matched_exact,scientificName,1309,Zoothera aurea,虎斑地鸫,White's Thrush,Zoothera aurea,White's Thrush,,中文名由怀氏虎斑地鸫改为虎斑地鸫
matched_exact,scientificName,1310,Zoothera dauma,小虎斑地鸫,Scaly Thrush,Zoothera dauma,Scaly Thrush,,中文名由虎斑地鸫改为小虎斑地鸫
matched_exact,scientificName,1311,Geokichla sibirica,白眉地鸫,Siberian Thrush,Geokichla sibirica,Siberian Thrush,,
matched_exact,scientificName,1312,Geokichla wardii,杂色地鸫,Pied Thrush,Geokichla wardii,Pied Thrush,,2024年5月4日，西藏吉隆，廖之锴、邱湧涛、宣夏良、石兴学、范仕祥、宋刚、罗旭（廖之锴等，2024）
matched_exact,scientificName,1313,Geokichla citrina,橙头地鸫,Orange-headed Thrush,Geokichla citrina,Orange-headed Thrush,,
matched_exact,scientificName,1314,Turdus mupinensis,宝兴歌鸫,Chinese Thrush,Turdus mupinensis,Chinese Thrush,,
matched_exact,scientificName,1315,Turdus philomelos,欧歌鸫,Song Thrush,Turdus philomelos,Song Thrush,,
matched_exact,scientificName,1316,Turdus viscivorus,槲鸫,Mistle Thrush,Turdus viscivorus,Mistle Thrush,,
matched_exact,scientificName,1317,Turdus mandarinus,乌鸫,Chinese Blackbird,Turdus mandarinus,Chinese Blackbird,,
matched_exact,scientificName,1318,Turdus iliacus,白眉歌鸫,Redwing,Turdus iliacus,Redwing,,
matched_exact,scientificName,1319,Turdus merula,欧乌鸫,Common Blackbird,Turdus merula,Common Blackbird,,
matched_exact,scientificName,1320,Turdus niveiceps,白头鸫,Taiwan Thrush,Turdus niveiceps,Taiwan Thrush,,
matched_exact,scientificName,1321,Turdus boulboul,灰翅鸫,Grey-winged Blackbird,Turdus boulboul,Grey-winged Blackbird,,
matched_exact,scientificName,1322,Turdus unicolor,蒂氏鸫,Tickell's Thrush,Turdus unicolor,Tickell's Thrush,,中文名由梯氏鸫改为蒂氏鸫
matched_exact,scientificName,1323,Turdus dissimilis,黑胸鸫,Black-breasted Thrush,Turdus dissimilis,Black-breasted Thrush,,
matched_exact,scientificName,1324,Turdus cardis,乌灰鸫,Japanese Thrush,Turdus cardis,Japanese Thrush,,
matched_exact,scientificName,1325,Turdus hortulorum,灰背鸫,Grey-backed Thrush,Turdus hortulorum,Grey-backed Thrush,,
matched_exact,scientificName,1326,Turdus obscurus,白眉鸫,Eyebrowed Thrush,Turdus obscurus,Eyebrowed Thrush,,
matched_exact,scientificName,1327,Turdus pallidus,白腹鸫,Pale Thrush,Turdus pallidus,Pale Thrush,,
matched_exact,scientificName,1328,Turdus feae,褐头鸫,Grey-sided Thrush,Turdus feae,Grey-sided Thrush,,
matched_exact,scientificName,1329,Turdus chrysolaus,赤胸鸫,Brown-headed Thrush,Turdus chrysolaus,Brown-headed Thrush,,
matched_exact,scientificName,1330,Turdus maximus,藏乌鸫,Tibetan Blackbird,Turdus maximus,Tibetan Blackbird,,
matched_exact,scientificName,1331,Turdus kessleri,棕背黑头鸫,Kessler's Thrush,Turdus kessleri,White-backed Thrush,,
matched_exact,scientificName,1332,Turdus pilaris,田鸫,Fieldfare,Turdus pilaris,Fieldfare,,
matched_exact,scientificName,1333,Turdus atrogularis,黑喉鸫,Black-throated Thrush,Turdus atrogularis,Black-throated Thrush,,中文名由黑颈鸫改为黑喉鸫
matched_exact,scientificName,1334,Turdus ruficollis,赤颈鸫,Red-throated Thrush,Turdus ruficollis,Red-throated Thrush,,
matched_exact,scientificName,1335,Turdus eunomus,斑鸫,Dusky Thrush,Turdus eunomus,Dusky Thrush,,
matched_exact,scientificName,1336,Turdus naumanni,红尾斑鸫,Naumann's Thrush,Turdus naumanni,Naumann's Thrush,,中文名由红尾鸫改为红尾斑鸫
matched_exact,scientificName,1337,Turdus rubrocanus,灰头鸫,Chestnut Thrush,Turdus rubrocanus,Chestnut Thrush,,
matched_exact,scientificName,1338,Turdus albocinctus,白颈鸫,White-collared Blackbird,Turdus albocinctus,White-collared Blackbird,,
matched_exact,scientificName,1339,Turdus migratorius,旅鸫,American Robin,Turdus migratorius,American Robin,,2024年10月30日，黑龙江哈尔滨，哈尔滨鸟友
matched_exact,scientificName,1341,Cercotrichas galactotes,棕薮鸲,Rufous-tailed Scrub Robin,Cercotrichas galactotes,Rufous-tailed Scrub Robin,,
matched_exact,scientificName,1342,Copsychus saularis,鹊鸲,Oriental Magpie Robin,Copsychus saularis,Oriental Magpie-Robin,,
matched_exact,scientificName,1343,Copsychus malabaricus,白腰鹊鸲,White-rumped Shama,Copsychus malabaricus,White-rumped Shama,,
matched_exact,scientificName,1344,Muscicapa griseisticta,灰纹鹟,Grey-streaked Flycatcher,Muscicapa griseisticta,Grey-streaked Flycatcher,,
matched_exact,scientificName,1345,Muscicapa sibirica,乌鹟,Dark-sided Flycatcher,Muscicapa sibirica,Dark-sided Flycatcher,,
matched_exact,scientificName,1346,Muscicapa ferruginea,棕尾褐鹟,Ferruginous Flycatcher,Muscicapa ferruginea,Ferruginous Flycatcher,,
matched_exact,scientificName,1347,Muscicapa muttui,褐胸鹟,Brown-breasted Flycatcher,Muscicapa muttui,Brown-breasted Flycatcher,,
matched_exact,scientificName,1348,Muscicapa dauurica,北灰鹟,Asian Brown Flycatcher,Muscicapa dauurica,Asian Brown Flycatcher,,
matched_exact,scientificName,1349,Muscicapa striata,斑鹟,Spotted Flycatcher,Muscicapa striata,Spotted Flycatcher,,
matched_exact,scientificName,1350,Leucoptilon concretum,白尾蓝仙鹟,White-tailed Flycatcher,Leucoptilon concretum,White-tailed Flycatcher,,学名由Cyornis concretum改为Leucoptilon concretum（Sangster et al. 2021）
matched_exact,scientificName,1351,Niltava davidi,棕腹大仙鹟,Fujian Niltava,Niltava davidi,Fujian Niltava,,
matched_exact,scientificName,1352,Niltava sundara,棕腹仙鹟,Rufous-bellied Niltava,Niltava sundara,Rufous-bellied Niltava,,
matched_exact,scientificName,1353,Niltava oatesi,棕腹蓝仙鹟,Chinese Vivid Niltava,Niltava oatesi,Chinese Vivid Niltava,,"将棕腹蓝仙鹟的oatesi亚种提升为独立种Niltava oatesi（Rasmussen & Anderton 2005, 2012; HBW/BirdLife, Boesman in HBW），中文名保留棕腹蓝仙鹟，英文名为Chinese Vivid Niltava"
matched_exact,scientificName,1354,Niltava vivida,台湾蓝仙鹟,Taiwan Vivid Niltava,Niltava vivida,Taiwan Vivid Niltava,,中文名由棕腹蓝仙鹟改为台湾蓝仙鹟，英文名由Vivid Niltava改为Taiwan Vivid Niltava
matched_exact,scientificName,1355,Niltava grandis,大仙鹟,Large Niltava,Niltava grandis,Large Niltava,,
matched_exact,scientificName,1356,Niltava macgrigoriae,小仙鹟,Small Niltava,Niltava macgrigoriae,Small Niltava,,
matched_exact,scientificName,1357,Cyanoptila cyanomelana,白腹蓝鹟,Blue-and-white Flycatcher,Cyanoptila cyanomelana,Blue-and-white Flycatcher,,
matched_exact,scientificName,1358,Cyanoptila cumatilis,琉璃蓝鹟,Zappey's Flycatcher,Cyanoptila cumatilis,Zappey's Flycatcher,,
matched_exact,scientificName,1359,Eumyias thalassinus,铜蓝鹟,Verditer Flycatcher,Eumyias thalassinus,Verditer Flycatcher,,
matched_exact,scientificName,1360,Anthipes monileger,白喉姬鹟,White-gorgeted Flycatcher,Anthipes monileger,White-gorgeted Flycatcher,,
matched_exact,scientificName,1361,Cyornis unicolor,纯蓝仙鹟,Pale Blue Flycatcher,Cyornis unicolor,Pale Blue Flycatcher,,
matched_exact,scientificName,1362,Cyornis glaucicomans,中华仙鹟,Chinese Blue Flycatcher,Cyornis glaucicomans,Chinese Blue Flycatcher,,
matched_exact,scientificName,1363,Cyornis rubeculoides,蓝喉仙鹟,Blue-throated Flycatcher,Cyornis rubeculoides,Blue-throated Blue Flycatcher,,
matched_exact,scientificName,1364,Cyornis hainanus,海南蓝仙鹟,Hainan Blue Flycatcher,Cyornis hainanus,Hainan Blue Flycatcher,,
matched_exact,scientificName,1365,Cyornis brunneatus,白喉林鹟,Brown-chested Jungle Flycatcher,Cyornis brunneatus,Brown-chested Jungle Flycatcher,,
matched_exact,scientificName,1366,Cyornis magnirostris,大蓝仙鹟,Large Blue Flycatcher,Cyornis magnirostris,Large Blue Flycatcher,,2021年中国（西藏）新纪录（岩道等  2022）
matched_exact,scientificName,1367,Cyornis whitei,山蓝仙鹟,Hill Blue Flycatcher,Cyornis whitei,Hill Blue Flycatcher,,
matched_exact,scientificName,1368,Cyornis poliogenys,灰颊仙鹟,Pale-chinned Flycatcher,Cyornis poliogenys,Pale-chinned Flycatcher,,
matched_exact,scientificName,1369,Erithacus rubecula,欧亚鸲,European Robin,Erithacus rubecula,European Robin,,
matched_exact,scientificName,1370,Luscinia megarhynchos,新疆歌鸲,Common Nightingale,Luscinia megarhynchos,Common Nightingale,,
matched_exact,scientificName,1371,Luscinia svecica,蓝喉歌鸲,Bluethroat,Luscinia svecica,Bluethroat,,
matched_exact,scientificName,1372,Luscinia phaenicuroides,白腹短翅鸲,White-bellied Redstart,Luscinia phaenicuroides,White-bellied Redstart,,
matched_exact,scientificName,1373,Myiomela leucura,白尾蓝地鸲,White-tailed Robin,Myiomela leucura,White-tailed Robin,,
matched_exact,scientificName,1374,Calliope obscura,黑喉歌鸲,Blackthroat,Calliope obscura,Blackthroat,,
matched_exact,scientificName,1375,Calliope pectardens,金胸歌鸲,Firethroat,Calliope pectardens,Firethroat,,
matched_exact,scientificName,1376,Calliope calliope,红喉歌鸲,Siberian Rubythroat,Calliope calliope,Siberian Rubythroat,,
matched_exact,scientificName,1377,Calliope pectoralis,黑胸歌鸲,White-tailed Rubythroat,Calliope pectoralis,Himalayan Rubythroat,,
matched_exact,scientificName,1378,Calliope tschebaiewi,白须黑胸歌鸲,Chinese Rubythroat,Calliope tschebaiewi,Chinese Rubythroat,,
matched_exact,scientificName,1379,Enicurus scouleri,小燕尾,Little Forktail,Enicurus scouleri,Little Forktail,,
matched_exact,scientificName,1380,Enicurus immaculatus,黑背燕尾,Black-backed Forktail,Enicurus immaculatus,Black-backed Forktail,,
matched_exact,scientificName,1381,Enicurus schistaceus,灰背燕尾,Slaty-backed Forktail,Enicurus schistaceus,Slaty-backed Forktail,,
matched_exact,scientificName,1382,Enicurus maculatus,斑背燕尾,Spotted Forktail,Enicurus maculatus,Spotted Forktail,,
matched_exact,scientificName,1383,Enicurus leschenaulti,白冠燕尾,White-crowned Forktail,Enicurus leschenaulti,White-crowned Forktail,,
matched_exact,scientificName,1384,Cinclidium frontale,蓝额长脚地鸲,Blue-fronted Robin,Cinclidium frontale,Blue-fronted Robin,,
matched_exact,scientificName,1385,Myophonus insularis,台湾紫啸鸫,Taiwan Whistling Thrush,Myophonus insularis,Taiwan Whistling Thrush,,
matched_exact,scientificName,1386,Myophonus caeruleus,紫啸鸫,Blue Whistling Thrush,Myophonus caeruleus,Blue Whistling Thrush,,
matched_exact,scientificName,1387,Brachypteryx cruralis,喜山短翅鸫,Himalayan Shortwing,Brachypteryx cruralis,Himalayan Shortwing,,IUCN红色名录等级改为LC
matched_exact,scientificName,1388,Brachypteryx sinensis,中华短翅鸫,Chinese Shortwing,Brachypteryx sinensis,Chinese Shortwing,,IUCN红色名录等级改为LC
matched_exact,scientificName,1389,Brachypteryx goodfellowi,台湾短翅鸫,Taiwan Shortwing,Brachypteryx goodfellowi,Taiwan Shortwing,,IUCN红色名录等级改为LC
matched_exact,scientificName,1390,Brachypteryx hyperythra,锈腹短翅鸫,Rusty-bellied Shortwing,Brachypteryx hyperythra,Rusty-bellied Shortwing,,
matched_exact,scientificName,1391,Brachypteryx leucophris,白喉短翅鸫,Lesser Shortwing,Brachypteryx leucophris,Lesser Shortwing,,
matched_exact,scientificName,1392,Larvivora cyane,蓝歌鸲,Siberian Blue Robin,Larvivora cyane,Siberian Blue Robin,,
matched_exact,scientificName,1393,Larvivora brunnea,栗腹歌鸲,Indian Blue Robin,Larvivora brunnea,Indian Blue Robin,,
matched_exact,scientificName,1394,Larvivora akahige,日本歌鸲,Japanese Robin,Larvivora akahige,Japanese Robin,,
matched_exact,scientificName,1395,Larvivora komadori,琉球歌鸲,Ryukyu Robin,Larvivora komadori,Ryukyu Robin,,
matched_exact,scientificName,1396,Larvivora sibilans,红尾歌鸲,Rufous-tailed Robin,Larvivora sibilans,Rufous-tailed Robin,,
matched_exact,scientificName,1397,Larvivora ruficeps,棕头歌鸲,Rufous-headed Robin,Larvivora ruficeps,Rufous-headed Robin,,
matched_exact,scientificName,1398,Ficedula zanthopygia,白眉姬鹟,Yellow-rumped Flycatcher,Ficedula zanthopygia,Yellow-rumped Flycatcher,,
matched_exact,scientificName,1399,Ficedula elisae,绿背姬鹟,Green-backed Flycatcher,Ficedula elisae,Green-backed Flycatcher,,
matched_exact,scientificName,1400,Ficedula narcissina,黄眉姬鹟,Narcissus Flycatcher,Ficedula narcissina,Narcissus Flycatcher,,
matched_exact,scientificName,1401,Ficedula owstoni,琉球姬鹟,Ryukyu Flycatcher,Ficedula owstoni,Ryukyu Flycatcher,,
matched_exact,scientificName,1402,Ficedula tricolor,灰蓝姬鹟,Slaty-blue Flycatcher,Ficedula tricolor,Slaty-blue Flycatcher,,
matched_exact,scientificName,1403,Ficedula hyperythra,棕胸蓝姬鹟,Snowy-browed Flycatcher,Ficedula hyperythra,Snowy-browed Flycatcher,,
matched_exact,scientificName,1404,Ficedula mugimaki,鸲姬鹟,Mugimaki Flycatcher,Ficedula mugimaki,Mugimaki Flycatcher,,
matched_exact,scientificName,1405,Ficedula erithacus,锈胸蓝姬鹟,Slaty-backed Flycatcher,Ficedula erithacus,Slaty-backed Flycatcher,,
matched_exact,scientificName,1406,Ficedula hodgsoni,侏蓝姬鹟,Pygmy Flycatcher,Ficedula hodgsoni,Pygmy Flycatcher,,中文名由侏蓝仙鹟改为侏蓝姬鹟
matched_exact,scientificName,1407,Ficedula strophiata,橙胸姬鹟,Rufous-gorgeted Flycatcher,Ficedula strophiata,Rufous-gorgeted Flycatcher,,
matched_exact,scientificName,1408,Ficedula sapphira,玉头姬鹟,Sapphire Flycatcher,Ficedula sapphira,Sapphire Flycatcher,,
matched_exact,scientificName,1409,Ficedula superciliaris,白眉蓝姬鹟,Ultramarine Flycatcher,Ficedula superciliaris,Ultramarine Flycatcher,,
matched_exact,scientificName,1410,Ficedula westermanni,小斑姬鹟,Little Pied Flycatcher,Ficedula westermanni,Little Pied Flycatcher,,
matched_exact,scientificName,1411,Ficedula ruficauda,栗尾姬鹟,Rusty-tailed Flycatcher,Ficedula ruficauda,Rusty-tailed Flycatcher,,
matched_exact,scientificName,1412,Ficedula parva,红胸姬鹟,Red-breasted Flycatcher,Ficedula parva,Red-breasted Flycatcher,,
matched_exact,scientificName,1413,Ficedula albicilla,红喉姬鹟,Taiga Flycatcher,Ficedula albicilla,Taiga Flycatcher,,
matched_exact,scientificName,1414,Ficedula hypoleuca,斑姬鹟,European Pied Flycatcher,Ficedula hypoleuca,European Pied Flycatcher,,
matched_exact,scientificName,1415,Tarsiger indicus,白眉林鸲,White-browed Bush Robin,Tarsiger indicus,White-browed Bush Robin,,
matched_exact,scientificName,1416,Tarsiger formosanus,台湾白眉林鸲,Taiwan Bush Robin,Tarsiger formosanus,Taiwan Bush Robin,,将白眉林鸲的 formosanus亚种提升为独立种台湾白眉林鸲Tarsiger formosanus（Wei et al. 2022）
matched_exact,scientificName,1417,Tarsiger chrysaeus,金色林鸲,Golden Bush Robin,Tarsiger chrysaeus,Golden Bush Robin,,
matched_exact,scientificName,1418,Tarsiger johnstoniae,台湾林鸲,Collared Bush Robin,Tarsiger johnstoniae,Collared Bush Robin,,
matched_exact,scientificName,1419,Tarsiger hyperythrus,棕腹林鸲,Rufous-breasted Bush Robin,Tarsiger hyperythrus,Rufous-breasted Bush Robin,,
matched_exact,scientificName,1420,Tarsiger cyanurus,红胁蓝尾鸲,Orange-flanked Bluetail,Tarsiger cyanurus,Red-flanked Bluetail,,
matched_exact,scientificName,1421,Tarsiger albocoeruleus,祁连山蓝尾鸲,Qilian Blutetail,Tarsiger albocoeruleus,Qilian Bluetail,,将红胁蓝尾鸲的 albocoeruleus亚种提升为独立种祁连山蓝尾鸲Tarsiger albocoeruleus（Wei et al. 2022）
matched_exact,scientificName,1422,Tarsiger rufilatus,蓝眉林鸲,Himalayan Bluetail,Tarsiger rufilatus,Himalayan Bluetail,,
matched_exact,scientificName,1423,Heteroxenicus stellatus,栗背短翅鸫,Gould's Shortwing,Heteroxenicus stellatus,Gould's Shortwing,,
matched_exact,scientificName,1424,Phoenicurus erythronotus,红背红尾鸲,Eversmann's Redstart,Phoenicurus erythronotus,Eversmann's Redstart,,
matched_exact,scientificName,1425,Phoenicurus frontalis,蓝额红尾鸲,Blue-fronted Redstart,Phoenicurus frontalis,Blue-fronted Redstart,,
matched_exact,scientificName,1426,Phoenicurus coeruleocephala,蓝头红尾鸲,Blue-capped Redstart,Phoenicurus coeruleocephala,Blue-capped Redstart,,
matched_exact,scientificName,1427,Phoenicurus schisticeps,白喉红尾鸲,White-throated Redstart,Phoenicurus schisticeps,White-throated Redstart,,
matched_exact,scientificName,1428,Phoenicurus fuliginosus,红尾水鸲,Plumbeous Water Redstart,Phoenicurus fuliginosus,Plumbeous Water Redstart,,
matched_exact,scientificName,1429,Phoenicurus leucocephalus,白顶溪鸲,White-capped Water Redstart,Phoenicurus leucocephalus,White-capped Redstart,,
matched_exact,scientificName,1430,Phoenicurus alaschanicus,贺兰山红尾鸲,Ala Shan Redstart,Phoenicurus alaschanicus,Przevalski's Redstart,,
matched_exact,scientificName,1431,Phoenicurus ochruros,赭红尾鸲,Black Redstart,Phoenicurus ochruros,Black Redstart,,
matched_exact,scientificName,1432,Phoenicurus phoenicurus,欧亚红尾鸲,Common Redstart,Phoenicurus phoenicurus,Common Redstart,,
matched_exact,scientificName,1433,Phoenicurus auroreus,北红尾鸲,Daurian Redstart,Phoenicurus auroreus,Daurian Redstart,,
matched_exact,scientificName,1434,Phoenicurus hodgsoni,黑喉红尾鸲,Hodgson's Redstart,Phoenicurus hodgsoni,Hodgson's Redstart,,
matched_exact,scientificName,1435,Phoenicurus erythrogastrus,红腹红尾鸲,White-winged Redstart,Phoenicurus erythrogastrus,Güldenstädt's Redstart,,
matched_exact,scientificName,1436,Monticola cinclorhyncha,蓝头矶鸫,Blue-capped Rock Thrush,Monticola cinclorhyncha,Blue-capped Rock Thrush,,2023年9月19日，西藏日喀则，范仕祥，学名由Monticola cinclorhynchus修订为Monticola cinclorhyncha
matched_exact,scientificName,1437,Monticola gularis,白喉矶鸫,White-throated Rock Thrush,Monticola gularis,White-throated Rock Thrush,,
matched_exact,scientificName,1438,Monticola rufiventris,栗腹矶鸫,Chestnut-bellied Rock Thrush,Monticola rufiventris,Chestnut-bellied Rock Thrush,,
matched_exact,scientificName,1439,Monticola saxatilis,白背矶鸫,Common Rock Thrush,Monticola saxatilis,Common Rock Thrush,,英文名由Rufous-tailed Rock Thrush为Common Rock Thrush
matched_exact,scientificName,1440,Monticola solitarius,蓝矶鸫,Blue Rock Thrush,Monticola solitarius,Blue Rock Thrush,,
matched_exact,scientificName,1441,Saxicola jerdoni,黑白林䳭,Jerdon's Bushchat,Saxicola jerdoni,Jerdon's Bush Chat,,
matched_exact,scientificName,1442,Saxicola ferreus,灰林䳭,Grey Bushchat,Saxicola ferreus,Grey Bush Chat,,
matched_exact,scientificName,1443,Saxicola rubetra,草原石䳭,Whinchat,Saxicola rubetra,Whinchat,,2023年5月17日，新疆阿勒泰，李思琪，张雪莲（张雪莲等，2023）
matched_exact,scientificName,1444,Saxicola caprata,白斑黑石䳭,Pied Bushchat,Saxicola caprata,Pied Bush Chat,,
matched_exact,scientificName,1445,Saxicola insignis,白喉石䳭,White-throated Bushchat,Saxicola insignis,White-throated Bush Chat,,
unmatched,englishName,1446,Saxicola stejnegeri,东亚石䳭,Stejneger's Stonechat,,,,
matched_exact,scientificName,1447,Saxicola maurus,黑喉石䳭,Siberian Stonechat,Saxicola maurus,Siberian Stonechat,,
matched_exact,scientificName,1448,Oenanthe oenanthe,穗䳭,Northern Wheatear,Oenanthe oenanthe,Northern Wheatear,,
matched_exact,scientificName,1449,Oenanthe isabellina,沙䳭,Isabelline Wheatear,Oenanthe isabellina,Isabelline Wheatear,,
matched_exact,scientificName,1450,Oenanthe deserti,漠䳭,Desert Wheatear,Oenanthe deserti,Desert Wheatear,,
matched_exact,scientificName,1451,Oenanthe pleschanka,白顶䳭,Pied Wheatear,Oenanthe pleschanka,Pied Wheatear,,
matched_exact,scientificName,1452,Oenanthe picata,东方斑䳭,Variable Wheatear,Oenanthe picata,Variable Wheatear,,
matched_exact,scientificName,1454,Cinclus cinclus,河乌,White-throated Dipper,Cinclus cinclus,White-throated Dipper,,
matched_exact,scientificName,1455,Cinclus pallasii,褐河乌,Brown Dipper,Cinclus pallasii,Brown Dipper,,
matched_exact,scientificName,1457,Chloropsis moluccensis,蓝翅叶鹎,Blue-winged Leafbird,Chloropsis moluccensis,Blue-winged Leafbird,,
matched_exact,scientificName,1458,Chloropsis aurifrons,金额叶鹎,Golden-fronted Leafbird,Chloropsis aurifrons,Golden-fronted Leafbird,,
matched_exact,scientificName,1459,Chloropsis hardwickii,黄冠橙腹叶鹎,Orange-bellied Leafbird,Chloropsis hardwickii,Orange-bellied Leafbird,,
unmatched,englishName,1460,Chloropsis lazulina,橙腹叶鹎,Greyish-crowned Leafbird,,,,
matched_name_conflict_avilist_taxonomy_used,englishName,1462,Dicaeum agile,厚嘴啄花鸟,Thick-billed Flowerpecker,Pachyglossa agilis,Thick-billed Flowerpecker,Pachyglossa agilis,
matched_name_conflict_avilist_taxonomy_used,englishName,1463,Dicaeum chrysorrheum,黄臀啄花鸟,Yellow-vented Flowerpecker,Pachyglossa chrysorrhea,Yellow-vented Flowerpecker,Pachyglossa chrysorrhea,
matched_name_conflict_avilist_taxonomy_used,englishName,1464,Dicaeum melanozanthum,黄腹啄花鸟,Yellow-bellied Flowerpecker,Pachyglossa melanozantha,Yellow-bellied Flowerpecker,Pachyglossa melanozantha,
matched_exact,scientificName,1465,Dicaeum minullum,纯色啄花鸟,Plain Flowerpecker,Dicaeum minullum,Plain Flowerpecker,,
matched_exact,scientificName,1466,Dicaeum ignipectus,红胸啄花鸟,Fire-breasted Flowerpecker,Dicaeum ignipectus,Fire-breasted Flowerpecker,,
matched_exact,scientificName,1467,Dicaeum cruentatum,朱背啄花鸟,Scarlet-backed Flowerpecker,Dicaeum cruentatum,Scarlet-backed Flowerpecker,,
matched_exact,scientificName,1469,Chalcoparia singalensis,紫颊直嘴太阳鸟,Ruby-cheeked Sunbird,Chalcoparia singalensis,Ruby-cheeked Sunbird,,
matched_exact,scientificName,1470,Anthreptes malacensis,褐喉食蜜鸟,Brown-throated Sunbird,Anthreptes malacensis,Brown-throated Sunbird,,
matched_exact,scientificName,1471,Cinnyris asiaticus,紫色花蜜鸟,Purple Sunbird,Cinnyris asiaticus,Purple Sunbird,,
matched_exact,scientificName,1472,Cinnyris jugularis,黄腹花蜜鸟,Olive-backed Sunbird,Cinnyris jugularis,Garden Sunbird,,
matched_exact,scientificName,1473,Aethopyga gouldiae,蓝喉太阳鸟,Mrs. Gould's Sunbird,Aethopyga gouldiae,Mrs. Gould's Sunbird,,
matched_exact,scientificName,1474,Aethopyga nipalensis,绿喉太阳鸟,Green-tailed Sunbird,Aethopyga nipalensis,Green-tailed Sunbird,,
matched_exact,scientificName,1475,Aethopyga christinae,叉尾太阳鸟,Fork-tailed Sunbird,Aethopyga christinae,Fork-tailed Sunbird,,
matched_exact,scientificName,1476,Aethopyga saturata,黑胸太阳鸟,Black-throated Sunbird,Aethopyga saturata,Black-throated Sunbird,,
matched_exact,scientificName,1477,Aethopyga siparaja,黄腰太阳鸟,Crimson Sunbird,Aethopyga siparaja,Crimson Sunbird,,
matched_exact,scientificName,1478,Aethopyga ignicauda,火尾太阳鸟,Fire-tailed Sunbird,Aethopyga ignicauda,Fire-tailed Sunbird,,
matched_exact,scientificName,1479,Kurochkinegramma hypogrammicum,蓝枕花蜜鸟,Purple-naped Sunbird,Kurochkinegramma hypogrammicum,Purple-naped Spiderhunter,,
matched_exact,scientificName,1480,Arachnothera longirostra,长嘴捕蛛鸟,Little Spiderhunter,Arachnothera longirostra,Little Spiderhunter,,
matched_exact,scientificName,1481,Arachnothera magna,纹背捕蛛鸟,Streaked Spiderhunter,Arachnothera magna,Streaked Spiderhunter,,
matched_exact,scientificName,1483,Petronia petronia,石雀,Rock Sparrow,Petronia petronia,Rock Sparrow,,
matched_exact,scientificName,1484,Onychostruthus taczanowskii,白腰雪雀,White-rumped Snowfinch,Onychostruthus taczanowskii,White-rumped Snowfinch,,
matched_exact,scientificName,1485,Montifringilla henrici,藏雪雀,Tibetan Snowfinch,Montifringilla henrici,Tibetan Snowfinch,,
matched_exact,scientificName,1486,Montifringilla nivalis,白斑翅雪雀,White-winged Snowfinch,Montifringilla nivalis,White-winged Snowfinch,,
matched_exact,scientificName,1487,Montifringilla adamsi,褐翅雪雀,Black-winged Snowfinch,Montifringilla adamsi,Black-winged Snowfinch,,
matched_exact,scientificName,1488,Pyrgilauda ruficollis,棕颈雪雀,Rufous-necked Snowfinch,Pyrgilauda ruficollis,Rufous-necked Snowfinch,,
matched_exact,scientificName,1489,Pyrgilauda davidiana,黑喉雪雀,Père David's Snowfinch,Pyrgilauda davidiana,Pere David's Snowfinch,,
matched_exact,scientificName,1490,Pyrgilauda blanfordi,棕背雪雀,Blanford's Snowfinch,Pyrgilauda blanfordi,Blanford's Snowfinch,,
matched_exact,scientificName,1491,Passer cinnamomeus,山麻雀,Russet Sparrow,Passer cinnamomeus,Russet Sparrow,,
matched_exact,scientificName,1492,Passer montanus,麻雀,Eurasian Tree Sparrow,Passer montanus,Eurasian Tree Sparrow,,
matched_exact,scientificName,1493,Passer ammodendri,黑顶麻雀,Saxaul Sparrow,Passer ammodendri,Saxaul Sparrow,,
matched_exact,scientificName,1494,Passer hispaniolensis,黑胸麻雀,Spanish Sparrow,Passer hispaniolensis,Spanish Sparrow,,
matched_exact,scientificName,1495,Passer domesticus,家麻雀,House Sparrow,Passer domesticus,House Sparrow,,
matched_exact,scientificName,1497,Ploceus manyar,纹胸织雀,Streaked Weaver,Ploceus manyar,Streaked Weaver,,
matched_exact,scientificName,1498,Ploceus philippinus,黄胸织雀,Baya Weaver,Ploceus philippinus,Baya Weaver,,
matched_exact,scientificName,1500,Lonchura punctulata,斑文鸟,Scaly-breasted Munia,Lonchura punctulata,Scaly-breasted Munia,,
matched_exact,scientificName,1501,Lonchura striata,白腰文鸟,White-rumped Munia,Lonchura striata,White-rumped Munia,,
matched_exact,scientificName,1502,Lonchura atricapilla,栗腹文鸟,Chestnut Munia,Lonchura atricapilla,Chestnut Munia,,
matched_exact,scientificName,1503,Erythrura prasina,长尾鹦雀,Pin-tailed Parrotfinch,Erythrura prasina,Pin-tailed Parrotfinch,,
matched_exact,scientificName,1504,Amandava amandava,红梅花雀,Red Avadavat,Amandava amandava,Red Avadavat,,
matched_exact,scientificName,1506,Prunella collaris,领岩鹨,Alpine Accentor,Prunella collaris,Alpine Accentor,,
matched_exact,scientificName,1507,Prunella himalayana,高原岩鹨,Altai Accentor,Prunella himalayana,Altai Accentor,,
matched_exact,scientificName,1508,Prunella rubeculoides,鸲岩鹨,Robin Accentor,Prunella rubeculoides,Robin Accentor,,
matched_exact,scientificName,1509,Prunella strophiata,棕胸岩鹨,Rufous-breasted Accentor,Prunella strophiata,Rufous-breasted Accentor,,
matched_exact,scientificName,1510,Prunella montanella,棕眉山岩鹨,Siberian Accentor,Prunella montanella,Siberian Accentor,,
matched_exact,scientificName,1511,Prunella fulvescens,褐岩鹨,Brown Accentor,Prunella fulvescens,Brown Accentor,,
matched_exact,scientificName,1512,Prunella atrogularis,黑喉岩鹨,Black-throated Accentor,Prunella atrogularis,Black-throated Accentor,,
matched_exact,scientificName,1513,Prunella koslowi,贺兰山岩鹨,Mongolian Accentor,Prunella koslowi,Kozlov's Accentor,,
matched_exact,scientificName,1514,Prunella immaculata,栗背岩鹨,Maroon-backed Accentor,Prunella immaculata,Maroon-backed Accentor,,
matched_exact,scientificName,1516,Dendronanthus indicus,山鹡鸰,Forest Wagtail,Dendronanthus indicus,Forest Wagtail,,
matched_exact,scientificName,1517,Motacilla flava,西黄鹡鸰,Western Yellow Wagtail,Motacilla flava,Western Yellow Wagtail,,
matched_exact,scientificName,1518,Motacilla tschutschensis,黄鹡鸰,Eastern Yellow Wagtail,Motacilla tschutschensis,Eastern Yellow Wagtail,,
matched_exact,scientificName,1519,Motacilla citreola,黄头鹡鸰,Citrine Wagtail,Motacilla citreola,Citrine Wagtail,,
matched_exact,scientificName,1520,Motacilla cinerea,灰鹡鸰,Grey Wagtail,Motacilla cinerea,Grey Wagtail,,
matched_exact,scientificName,1521,Motacilla alba,白鹡鸰,White Wagtail,Motacilla alba,White Wagtail,,
matched_exact,scientificName,1522,Motacilla grandis,日本鹡鸰,Japanese Wagtail,Motacilla grandis,Japanese Wagtail,,
matched_exact,scientificName,1523,Motacilla maderaspatensis,大斑鹡鸰,White-browed Wagtail,Motacilla maderaspatensis,White-browed Wagtail,,
matched_exact,scientificName,1524,Anthus richardi,理氏鹨,Richard's Pipit,Anthus richardi,Richard's Pipit,,
matched_exact,scientificName,1525,Anthus rufulus,田鹨,Paddyfield Pipit,Anthus rufulus,Paddyfield Pipit,,
matched_exact,scientificName,1526,Anthus godlewskii,布氏鹨,Blyth's Pipit,Anthus godlewskii,Blyth's Pipit,,
matched_exact,scientificName,1527,Anthus campestris,平原鹨,Tawny Pipit,Anthus campestris,Tawny Pipit,,
matched_exact,scientificName,1528,Anthus pratensis,草地鹨,Meadow Pipit,Anthus pratensis,Meadow Pipit,,
matched_exact,scientificName,1529,Anthus trivialis,林鹨,Tree Pipit,Anthus trivialis,Tree Pipit,,
matched_exact,scientificName,1530,Anthus hodgsoni,树鹨,Olive-backed Pipit,Anthus hodgsoni,Olive-backed Pipit,,
matched_exact,scientificName,1531,Anthus gustavi,北鹨,Pechora Pipit,Anthus gustavi,Pechora Pipit,,
matched_exact,scientificName,1532,Anthus roseatus,粉红胸鹨,Rosy Pipit,Anthus roseatus,Rosy Pipit,,
matched_exact,scientificName,1533,Anthus cervinus,红喉鹨,Red-throated Pipit,Anthus cervinus,Red-throated Pipit,,
matched_exact,scientificName,1534,Anthus japonicus,黄腹鹨,Siberian Pipit,Anthus japonicus,Siberian Pipit,,黄腹鹨的japonicus亚种提升为独立种，学名由Anthus rubescens改为Anthus japonicus，英文名由Buff-bellied Pipit改为Siberian Pipit
matched_exact,scientificName,1535,Anthus spinoletta,水鹨,Water Pipit,Anthus spinoletta,Water Pipit,,
matched_exact,scientificName,1536,Anthus sylvanus,山鹨,Upland Pipit,Anthus sylvanus,Upland Pipit,,
matched_exact,scientificName,1538,Urocynchramus pylzowi,朱鹀,Pink-tailed Rosefinch,Urocynchramus pylzowi,Przevalski's Finch,,
matched_exact,scientificName,1540,Fringilla coelebs,苍头燕雀,Common Chaffinch,Fringilla coelebs,Eurasian Chaffinch,,
matched_exact,scientificName,1541,Fringilla montifringilla,燕雀,Brambling,Fringilla montifringilla,Brambling,,
matched_exact,scientificName,1542,Mycerobas affinis,黄颈拟蜡嘴雀,Collared Grosbeak,Mycerobas affinis,Collared Grosbeak,,
matched_exact,scientificName,1543,Mycerobas melanozanthos,白点翅拟蜡嘴雀,Spot-winged Grosbeak,Mycerobas melanozanthos,Spot-winged Grosbeak,,
matched_exact,scientificName,1544,Mycerobas carnipes,白斑翅拟蜡嘴雀,White-winged Grosbeak,Mycerobas carnipes,White-winged Grosbeak,,
matched_exact,scientificName,1545,Coccothraustes coccothraustes,锡嘴雀,Hawfinch,Coccothraustes coccothraustes,Hawfinch,,
matched_exact,scientificName,1546,Eophona migratoria,黑尾蜡嘴雀,Chinese Grosbeak,Eophona migratoria,Chinese Grosbeak,,
matched_exact,scientificName,1547,Eophona personata,黑头蜡嘴雀,Japanese Grosbeak,Eophona personata,Japanese Grosbeak,,
matched_exact,scientificName,1548,Pinicola enucleator,松雀,Pine Grosbeak,Pinicola enucleator,Pine Grosbeak,,
matched_exact,scientificName,1549,Pyrrhula nipalensis,褐灰雀,Brown Bullfinch,Pyrrhula nipalensis,Brown Bullfinch,,
matched_exact,scientificName,1550,Pyrrhula erythrocephala,红头灰雀,Red-headed Bullfinch,Pyrrhula erythrocephala,Red-headed Bullfinch,,
matched_exact,scientificName,1551,Pyrrhula erythaca,灰头灰雀,Grey-headed Bullfinch,Pyrrhula erythaca,Grey-headed Bullfinch,,
matched_exact,scientificName,1552,Pyrrhula owstoni,台湾灰头灰雀,Taiwan bullfinch,Pyrrhula owstoni,Taiwan Bullfinch,,
matched_exact,scientificName,1553,Pyrrhula pyrrhula,红腹灰雀,Eurasian Bullfinch,Pyrrhula pyrrhula,Eurasian Bullfinch,,
matched_exact,scientificName,1554,Rhodopechys sanguineus,红翅沙雀,Asian Crimson-winged Finch,Rhodopechys sanguineus,Crimson-winged Finch,,
matched_exact,scientificName,1555,Bucanetes mongolicus,蒙古沙雀,Mongolian Finch,Bucanetes mongolicus,Mongolian Finch,,
matched_exact,scientificName,1556,Agraphospiza rubescens,赤朱雀,Blanford's Rosefinch,Agraphospiza rubescens,Blanford's Rosefinch,,
matched_exact,scientificName,1557,Callacanthis burtoni,红眉金翅雀,Spectacled Finch,Callacanthis burtoni,Spectacled Finch,,
matched_exact,scientificName,1558,Pyrrhoplectes epauletta,金枕黑雀,Gold-naped Finch,Pyrrhoplectes epauletta,Golden-naped Finch,,
matched_exact,scientificName,1559,Procarduelis nipalensis,暗胸朱雀,Dark-breasted Rosefinch,Procarduelis nipalensis,Dark-breasted Rosefinch,,
matched_exact,scientificName,1560,Leucosticte nemoricola,林岭雀,Plain Mountain Finch,Leucosticte nemoricola,Plain Mountain Finch,,
matched_exact,scientificName,1561,Leucosticte brandti,高山岭雀,Brandt's Mountain Finch,Leucosticte brandti,Brandt's Mountain Finch,,
matched_exact,scientificName,1562,Leucosticte arctoa,粉红腹岭雀,Asian Rosy Finch,Leucosticte arctoa,Asian Rosy Finch,,
matched_exact,scientificName,1563,Carpodacus erythrinus,普通朱雀,Common Rosefinch,Carpodacus erythrinus,Common Rosefinch,,
matched_exact,scientificName,1564,Carpodacus sipahi,血雀,Scarlet Finch,Carpodacus sipahi,Scarlet Finch,,
matched_exact,scientificName,1565,Carpodacus rubicilloides,拟大朱雀,Streaked Rosefinch,Carpodacus rubicilloides,Streaked Rosefinch,,
matched_exact,scientificName,1566,Carpodacus rubicilla,大朱雀,Spotted Great Rosefinch,Carpodacus rubicilla,Great Rosefinch,,
matched_exact,scientificName,1567,Carpodacus grandis,喜山红腰朱雀,Blyth's Rosefinch,Carpodacus grandis,Blyth's Rosefinch,,
matched_exact,scientificName,1568,Carpodacus rhodochlamys,红腰朱雀,Red-mantled Rosefinch,Carpodacus rhodochlamys,Red-mantled Rosefinch,,
matched_exact,scientificName,1569,Carpodacus pulcherrimus,红眉朱雀,Himalayan Beautiful Rosefinch,Carpodacus pulcherrimus,Himalayan Beautiful Rosefinch,,中文名由喜山红眉朱雀改为红眉朱雀
matched_exact,scientificName,1570,Carpodacus davidianus,中华朱雀,Chinese Beautiful Rosefinch,Carpodacus davidianus,Chinese Beautiful Rosefinch,,中文名由红眉朱雀改为中华朱雀
matched_exact,scientificName,1571,Carpodacus waltoni,曙红朱雀,Pink-rumped Rosefinch,Carpodacus waltoni,Pink-rumped Rosefinch,,
matched_exact,scientificName,1572,Carpodacus rodochroa,玫红眉朱雀,Pink-browed Rosefinch,Carpodacus rodochroa,Pink-browed Rosefinch,,
matched_exact,scientificName,1573,Carpodacus edwardsii,棕朱雀,Dark-rumped Rosefinch,Carpodacus edwardsii,Dark-rumped Rosefinch,,
matched_exact,scientificName,1574,Carpodacus rodopeplus,喜山点翅朱雀,Spot-winged Rosefinch,Carpodacus rodopeplus,Spot-winged Rosefinch,,
matched_exact,scientificName,1575,Carpodacus verreauxii,点翅朱雀,Sharpe's Rosefinch,Carpodacus verreauxii,Sharpe's Rosefinch,,
matched_exact,scientificName,1576,Carpodacus vinaceus,酒红朱雀,Vinaceous Rosefinch,Carpodacus vinaceus,Vinaceous Rosefinch,,
matched_exact,scientificName,1577,Carpodacus formosanus,台湾酒红朱雀,Taiwan Rosefinch,Carpodacus formosanus,Taiwan Rosefinch,,
matched_exact,scientificName,1578,Carpodacus stoliczkae,沙色朱雀,Pale Rosefinch,Carpodacus stoliczkae,Pale Rosefinch,,
matched_exact,scientificName,1579,Carpodacus roborowskii,藏雀,Tibetan Rosefinch,Carpodacus roborowskii,Tibetan Rosefinch,,
matched_exact,scientificName,1580,Carpodacus sillemi,褐头朱雀,Sillem's Rosefinch,Carpodacus sillemi,Sillem's Rosefinch,,中文名由褐头岭雀改为褐头朱雀，《国家重点保护野生动物名录》中文名为褐头朱雀
matched_exact,scientificName,1581,Carpodacus sibiricus,长尾雀,Siberian Long-tailed Rosefinch,Carpodacus sibiricus,Long-tailed Rosefinch,,英文名由Long-tailed Rosefinch改为Siberian Long-tailed Rosefinch
unmatched,englishName,1582,Carpodacus lepidus,中华长尾雀,Chinese Long-tailed Rosefinch,,,,将长尾雀的lepidus亚种提升为独立种中华长尾雀Carpodacus lepidus（Liu et al. 2020）
matched_exact,scientificName,1583,Carpodacus roseus,北朱雀,Pallas's Rosefinch,Carpodacus roseus,Pallas's Rosefinch,,
matched_exact,scientificName,1584,Carpodacus trifasciatus,斑翅朱雀,Three-banded Rosefinch,Carpodacus trifasciatus,Three-banded Rosefinch,,
matched_exact,scientificName,1585,Carpodacus thura,喜山白眉朱雀,Himalayan White-browed Rosefinch,Carpodacus thura,Himalayan White-browed Rosefinch,,
matched_exact,scientificName,1586,Carpodacus dubius,白眉朱雀,Chinese White-browed Rosefinch,Carpodacus dubius,Chinese White-browed Rosefinch,,
matched_exact,scientificName,1587,Carpodacus puniceus,红胸朱雀,Red-fronted Rosefinch,Carpodacus puniceus,Red-fronted Rosefinch,,
matched_exact,scientificName,1588,Carpodacus subhimachalus,红眉松雀,Crimson-browed Finch,Carpodacus subhimachalus,Crimson-browed Finch,,
matched_exact,scientificName,1589,Chloris chloris,欧金翅雀,European Greenfinch,Chloris chloris,European Greenfinch,,
matched_exact,scientificName,1590,Chloris sinica,金翅雀,Grey-capped Greenfinch,Chloris sinica,Oriental Greenfinch,,
matched_exact,scientificName,1591,Chloris spinoides,高山金翅雀,Yellow-breasted Greenfinch,Chloris spinoides,Yellow-breasted Greenfinch,,
matched_exact,scientificName,1592,Chloris ambigua,黑头金翅雀,Black-headed Greenfinch,Chloris ambigua,Black-headed Greenfinch,,
matched_exact,scientificName,1593,Rhodospiza obsoleta,巨嘴沙雀,Desert Finch,Rhodospiza obsoleta,Desert Finch,,
matched_exact,scientificName,1594,Linaria flavirostris,黄嘴朱顶雀,Twite,Linaria flavirostris,Twite,,
matched_exact,scientificName,1595,Linaria cannabina,赤胸朱顶雀,Common Linnet,Linaria cannabina,Common Linnet,,
matched_exact,scientificName,1596,Acanthis flammea,白腰朱顶雀,Common Redpoll,Acanthis flammea,Redpoll,,极北朱顶雀和白腰朱顶雀合并，保留中文名白腰朱顶雀，英文名由Common Redpoll修改为Redpoll。从名录中移除极北朱顶雀（Chesser et al. 2024，Mason & Taylor 2015，Funk et al. 2021）
matched_exact,scientificName,1597,Loxia curvirostra,红交嘴雀,Red Crossbill,Loxia curvirostra,Red Crossbill,,
matched_exact,scientificName,1598,Loxia leucoptera,白翅交嘴雀,White-winged Crossbill,Loxia leucoptera,Two-barred Crossbill,,
matched_exact,scientificName,1599,Carduelis carduelis,红额金翅雀,European Goldfinch,Carduelis carduelis,European Goldfinch,,
matched_exact,scientificName,1600,Serinus pusillus,金额丝雀,Red-fronted Serin,Serinus pusillus,Red-fronted Serin,,
matched_exact,scientificName,1601,Spinus thibetanus,藏黄雀,Tibetan Serin,Spinus thibetanus,Tibetan Serin,,
matched_exact,scientificName,1602,Spinus spinus,黄雀,Eurasian Siskin,Spinus spinus,Eurasian Siskin,,
matched_exact,scientificName,1604,Calcarius lapponicus,铁爪鹀,Lapland Longspur,Calcarius lapponicus,Lapland Longspur,,
matched_exact,scientificName,1605,Plectrophenax nivalis,雪鹀,Snow Bunting,Plectrophenax nivalis,Snow Bunting,,
matched_exact,scientificName,1607,Emberiza lathami,凤头鹀,Crested Bunting,Emberiza lathami,Crested Bunting,,
matched_exact,scientificName,1608,Emberiza siemsseni,蓝鹀,Slaty Bunting,Emberiza siemsseni,Slaty Bunting,,
matched_exact,scientificName,1609,Emberiza calandra,黍鹀,Corn Bunting,Emberiza calandra,Corn Bunting,,
matched_exact,scientificName,1610,Emberiza citrinella,黄鹀,Yellowhammer,Emberiza citrinella,Yellowhammer,,
matched_exact,scientificName,1611,Emberiza leucocephalos,白头鹀,Pine Bunting,Emberiza leucocephalos,Pine Bunting,,
matched_exact,scientificName,1612,Emberiza cia,淡灰眉岩鹀,Rock Bunting,Emberiza cia,Rock Bunting,,中文名由灰眉岩鹀改为淡灰眉岩鹀
matched_exact,scientificName,1613,Emberiza godlewskii,灰眉岩鹀,Godlewski's Bunting,Emberiza godlewskii,Godlewski's Bunting,,中文名由戈氏岩鹀恢复为灰眉岩鹀
unmatched,englishName,1614,Emberiza yunnanensis,西南灰眉岩鹀,South Rock Bunting,,,,将灰眉岩鹀的khamensis和yunnanensi亚种提升为独立种Emberiza yunnanensis（Li et al. 2022），中文名为西南灰眉岩鹀，英文名为South Rock Bunting
matched_exact,scientificName,1615,Emberiza cioides,三道眉草鹀,Meadow Bunting,Emberiza cioides,Meadow Bunting,,
matched_exact,scientificName,1616,Emberiza stewarti,白顶鹀,White-capped Bunting,Emberiza stewarti,White-capped Bunting,,
matched_exact,scientificName,1617,Emberiza jankowskii,栗斑腹鹀,Jankowski's Bunting,Emberiza jankowskii,Jankowski's Bunting,,
matched_exact,scientificName,1618,Emberiza buchanani,灰颈鹀,Grey-necked Bunting,Emberiza buchanani,Grey-necked Bunting,,
matched_exact,scientificName,1619,Emberiza hortulana,圃鹀,Ortolan Bunting,Emberiza hortulana,Ortolan Bunting,,
matched_exact,scientificName,1620,Emberiza tristrami,白眉鹀,Tristram's Bunting,Emberiza tristrami,Tristram's Bunting,,
matched_exact,scientificName,1621,Emberiza fucata,栗耳鹀,Chestnut-eared Bunting,Emberiza fucata,Chestnut-eared Bunting,,
matched_exact,scientificName,1622,Emberiza pusilla,小鹀,Little Bunting,Emberiza pusilla,Little Bunting,,
matched_exact,scientificName,1623,Emberiza chrysophrys,黄眉鹀,Yellow-browed Bunting,Emberiza chrysophrys,Yellow-browed Bunting,,
matched_exact,scientificName,1624,Emberiza rustica,田鹀,Rustic Bunting,Emberiza rustica,Rustic Bunting,,
matched_exact,scientificName,1625,Emberiza elegans,黄喉鹀,Yellow-throated Bunting,Emberiza elegans,Yellow-throated Bunting,,
matched_exact,scientificName,1626,Emberiza aureola,黄胸鹀,Yellow-breasted Bunting,Emberiza aureola,Yellow-breasted Bunting,,
matched_exact,scientificName,1627,Emberiza rutila,栗鹀,Chestnut Bunting,Emberiza rutila,Chestnut Bunting,,
matched_exact,scientificName,1628,Emberiza koslowi,藏鹀,Tibetan Bunting,Emberiza koslowi,Tibetan Bunting,,IUCN红色名录等级由NT降为LC
matched_exact,scientificName,1629,Emberiza melanocephala,黑头鹀,Black-headed Bunting,Emberiza melanocephala,Black-headed Bunting,,
matched_exact,scientificName,1630,Emberiza bruniceps,褐头鹀,Red-headed Bunting,Emberiza bruniceps,Red-headed Bunting,,
matched_exact,scientificName,1631,Emberiza sulphurata,硫黄鹀,Yellow Bunting,Emberiza sulphurata,Yellow Bunting,,中文名由硫磺鹀恢复为硫黄鹀，IUCN红色名录等级由VU降为LC
matched_exact,scientificName,1632,Emberiza spodocephala,灰头鹀,Black-faced Bunting,Emberiza spodocephala,Black-faced Bunting,,
matched_exact,scientificName,1633,Emberiza personata,日本灰头鹀,Masked Bunting,Emberiza personata,Masked Bunting,,将灰头鹀的 personata亚种提升为独立种日本灰头鹀Emberiza personata（Weissensteiner et al. 2014; Päckert et al. 2015; Brazil 2018; HBW/Birdlife）
matched_exact,scientificName,1634,Emberiza variabilis,灰鹀,Grey Bunting,Emberiza variabilis,Grey Bunting,,
matched_exact,scientificName,1635,Emberiza pallasi,苇鹀,Pallas's Bunting,Emberiza pallasi,Pallas's Reed Bunting,,
matched_exact,scientificName,1636,Emberiza yessoensis,红颈苇鹀,Ochre-rumped Bunting,Emberiza yessoensis,Ochre-rumped Bunting,,
matched_exact,scientificName,1637,Emberiza schoeniclus,芦鹀,Reed Bunting,Emberiza schoeniclus,Common Reed Bunting,,
matched_exact,scientificName,1639,Zonotrichia leucophrys,白冠带鹀,White-crowned Sparrow,Zonotrichia leucophrys,White-crowned Sparrow,,
matched_exact,scientificName,1640,Passerculus sandwichensis,稀树草鹀,Savannah Sparrow,Passerculus sandwichensis,Savannah Sparrow,,
