Order,Order Chinese,Family,Family English,Family Chinese,Genus,Suggested Chinese genus name,Species count in AviList sample,China range keyword species count,Example species
Passeriformes,雀形目,Phylloscopidae,Leaf Warblers,,Phylloscopus,,80,18,林柳莺 (Phylloscopus sibilatrix); 博氏柳莺 (Phylloscopus bonelli); 东博氏柳莺 (Phylloscopus orientalis)
Passeriformes,雀形目,Turdidae,Thrushes and Allies,,Turdus,,105,14,宝兴歌鸫 (Turdus mupinensis); 埃塞地鸫 (Turdus simensis); 非洲地鸫 (Turdus litsitsirupa)
Passeriformes,雀形目,Fringillidae,"Finches, Euphonias, and Allies",,Carpodacus,,27,11,血雀 (Carpodacus sipahi); 普通朱雀 (Carpodacus erythrinus); 笠原腊嘴雀 (Carpodacus ferreorostris)
Passeriformes,雀形目,Emberizidae,Old World Buntings,,Emberiza,,44,10,白眉黄腹鹀 (Emberiza cabanisi); 金胸鹀 (Emberiza flaviventris); 索马里鹀 (Emberiza poliopleura)
Galliformes,鸡形目,Phasianidae,"Partridges, Pheasants, Grouse, and Allies",,Arborophila,,18,5,环颈山鹧鸪 (Arborophila torqueola); 四川山鹧鸪 (Arborophila rufipectus); 红胸山鹧鸪 (Arborophila mandellii)
Passeriformes,雀形目,Leiothrichidae,Laughingthrushes and Allies,,Pterorhinus,,23,5,灰胸噪鹛 (Pterorhinus delesserti); 棕臀噪鹛 (Pterorhinus gularis); 白脸噪鹛 (Pterorhinus vassali)
Passeriformes,雀形目,Leiothrichidae,Laughingthrushes and Allies,,Trochalopteron,,19,5,纯色噪鹛 (Trochalopteron subunicolor); 褐顶噪鹛 (Trochalopteron austeni); 蓝翅噪鹛 (Trochalopteron squamatum)
Passeriformes,雀形目,Locustellidae,"Grasshopper Warblers, Grassbirds, and Allies",,Locustella,,23,5,矛斑蝗莺 (Locustella lanceolata); 竹短翅莺 (Locustella alfredi); 河蝗莺 (Locustella fluviatilis)
Passeriformes,雀形目,Motacillidae,Wagtails and Pipits,,Anthus,,46,5,山鹨 (Anthus sylvanus); 布氏鹨 (Anthus godlewskii); 山地鹨 (Anthus hoeschi)
Passeriformes,雀形目,Muscicapidae,"Chats, Old World Flycatchers, and Allies",,Tarsiger,,8,5,红胁蓝尾鸲 (Tarsiger cyanurus); 祁连山蓝尾鸲 (Tarsiger albocoeruleus); 蓝眉林鸲 (Tarsiger rufilatus)
Passeriformes,雀形目,Sittidae,Nuthatches,,Sitta,,29,5,喜山䴓 (Sitta leucopsis); 白脸䴓 (Sitta przewalskii); 巨䴓 (Sitta magna)
Passeriformes,雀形目,Sturnidae,"Rhabdornis, Starlings, and Mynas",,Acridotheres,,11,5,灰背岸八哥 (Acridotheres ginginianus); 家八哥 (Acridotheres tristis); 黑翅椋鸟 (Acridotheres melanopterus)
Passeriformes,雀形目,Turdidae,Thrushes and Allies,,Zoothera,,22,5,长尾地鸫 (Zoothera dixoni); 淡背地鸫 (Zoothera mollissima); 喜山淡背地鸫 (Zoothera salimalii)
Charadriiformes,鸻形目,Charadriidae,Plovers and Lapwings,,Vanellus,,23,4,凤头麦鸡 (Vanellus vanellus); 长趾麦鸡 (Vanellus crassirostris); 黑背麦鸡 (Vanellus armatus)
Charadriiformes,鸻形目,Laridae,"Skimmers, Noddies, Terns, and Gulls",,Larus,,25,4,太平洋鸥 (Larus pacificus); 斑尾鸥 (Larus belcheri); 黑尾鸥 (Larus crassirostris)
Charadriiformes,鸻形目,Scolopacidae,Sandpipers and Allies,,Calidris,,24,4,红腹滨鹬 (Calidris canutus); 短嘴鹬 (Calidris virgata); 大滨鹬 (Calidris tenuirostris)
Charadriiformes,鸻形目,Scolopacidae,Sandpipers and Allies,,Tringa,,13,4,白腰草鹬 (Tringa ochropus); 褐腰草鹬 (Tringa solitaria); 漂鹬 (Tringa incana)
Columbiformes,鸽形目,Columbidae,Doves and Pigeons,,Columba,,34,4,德氏鸽 (Columba delegorguei); 圣多美鸽 (Columba malherbii); 铜颈鸽 (Columba iriditorques)
Passeriformes,雀形目,Acrocephalidae,Reed Warblers and Allies,,Acrocephalus,,42,4,水蒲苇莺 (Acrocephalus schoenobaenus); 黑眉苇莺 (Acrocephalus bistrigiceps); 细纹苇莺 (Acrocephalus sorghophilus)
Passeriformes,雀形目,Muscicapidae,"Chats, Old World Flycatchers, and Allies",,Brachypteryx,,10,4,锈腹短翅鸫 (Brachypteryx hyperythra); 白喉短翅鸫 (Brachypteryx leucophris); 喜山短翅鸫 (Brachypteryx cruralis)
Passeriformes,雀形目,Muscicapidae,"Chats, Old World Flycatchers, and Allies",,Ficedula,,35,4,白眉姬鹟 (Ficedula zanthopygia); 绿背姬鹟 (Ficedula elisae); 黄眉姬鹟 (Ficedula narcissina)
Passeriformes,雀形目,Paradoxornithidae,Parrotbills and Allies,,Paradoxornis,,10,4,震旦鸦雀 (Paradoxornis heudei); 斑胸鸦雀 (Paradoxornis flavirostris); 点胸鸦雀 (Paradoxornis guttaticollis)
Passeriformes,雀形目,Paridae,"Tits, Chickadees, and Titmice",,Poecile,,15,4,白眉山雀 (Poecile superciliosus); 暗山雀 (Poecile lugubris); 红腹山雀 (Poecile davidi)
Anseriformes,雁形目,Anatidae,"Ducks, Swans, and Geese",,Aythya,,12,3,白眼潜鸭 (Aythya nyroca); 马岛潜鸭 (Aythya innotata); 青头潜鸭 (Aythya baeri)
Charadriiformes,鸻形目,Charadriidae,Plovers and Lapwings,,Anarhynchus,,24,3,红胸鸻 (Anarhynchus asiaticus); 东方鸻 (Anarhynchus veredus); 青藏沙鸻 (Anarhynchus atrifrons)
Charadriiformes,鸻形目,Scolopacidae,Sandpipers and Allies,,Gallinago,,18,3,暗褐沙锥 (Gallinago imperialis); 巨沙锥 (Gallinago undulata); 火地岛沙锥 (Gallinago stricklandii)
Cuculiformes,鹃形目,Cuculidae,Cuckoos,,Hierococcyx,,8,3,小鹰鹃 (Hierococcyx vagans); 大鹰鹃 (Hierococcyx sparverioides); 暗色鹰鹃 (Hierococcyx bocki)
Galliformes,鸡形目,Phasianidae,"Partridges, Pheasants, Grouse, and Allies",,Crossoptilon,,4,3,藏马鸡 (Crossoptilon harmani); 白马鸡 (Crossoptilon crossoptilon); 褐马鸡 (Crossoptilon mantchuricum)
Galliformes,鸡形目,Phasianidae,"Partridges, Pheasants, Grouse, and Allies",,Syrmaticus,,5,3,铜长尾雉 (Syrmaticus soemmerringii); 白冠长尾雉 (Syrmaticus reevesii); 黑长尾雉 (Syrmaticus mikado)
Galliformes,鸡形目,Phasianidae,"Partridges, Pheasants, Grouse, and Allies",,Tragopan,,5,3,黑头角雉 (Tragopan melanocephalus); 红胸角雉 (Tragopan satyra); 灰腹角雉 (Tragopan blythii)
Gruiformes,鹤形目,Gruidae,Cranes,,Grus,,8,3,肉垂鹤 (Grus carunculata); 蓑羽鹤 (Grus virgo); 蓝蓑羽鹤 (Grus paradisea)
Passeriformes,雀形目,Certhiidae,Treecreepers,,Certhia,,9,3,霍氏旋木雀 (Certhia hodgsoni); 旋木雀 (Certhia familiaris); 短趾旋木雀 (Certhia brachydactyla)
Passeriformes,雀形目,Fringillidae,"Finches, Euphonias, and Allies",,Pyrrhula,,8,3,白颊灰雀 (Pyrrhula leucogenis); 褐灰雀 (Pyrrhula nipalensis); 亚速尔灰雀 (Pyrrhula murina)
Passeriformes,雀形目,Laniidae,Shrikes,,Lanius,,30,3,东非长尾伯劳 (Lanius cabanisi); 灰背长尾伯劳 (Lanius excubitoroides); 肯尼亚伯劳 (Lanius dorsalis)
Passeriformes,雀形目,Leiothrichidae,Laughingthrushes and Allies,,Garrulax,,14,3,斑胸噪鹛 (Garrulax merulinus); 橙胸噪鹛 (Garrulax annamensis); 画眉 (Garrulax canorus)
Passeriformes,雀形目,Leiothrichidae,Laughingthrushes and Allies,,Ianthocincla,,8,3,黑额山噪鹛 (Ianthocincla sukatschewi); 棕颏噪鹛 (Ianthocincla rufogularis); 棕耳噪鹛 (Ianthocincla konkakinhensis)
Passeriformes,雀形目,Muscicapidae,"Chats, Old World Flycatchers, and Allies",,Calliope,,5,3,金胸歌鸲 (Calliope pectardens); 黑喉歌鸲 (Calliope obscura); 红喉歌鸲 (Calliope calliope)
Passeriformes,雀形目,Muscicapidae,"Chats, Old World Flycatchers, and Allies",,Enicurus,,8,3,小燕尾 (Enicurus scouleri); 白冠燕尾 (Enicurus leschenaulti); 婆罗洲燕尾 (Enicurus borneensis)
Passeriformes,雀形目,Muscicapidae,"Chats, Old World Flycatchers, and Allies",,Larvivora,,8,3,栗腹歌鸲 (Larvivora brunnea); 蓝歌鸲 (Larvivora cyane); 日本歌鸲 (Larvivora akahige)
Passeriformes,雀形目,Muscicapidae,"Chats, Old World Flycatchers, and Allies",,Muscicapa,,16,3,灰纹鹟 (Muscicapa griseisticta); 棕尾褐鹟 (Muscicapa ferruginea); 乌鹟 (Muscicapa sibirica)
Passeriformes,雀形目,Muscicapidae,"Chats, Old World Flycatchers, and Allies",,Niltava,,7,3,大仙鹟 (Niltava grandis); 小仙鹟 (Niltava macgrigoriae); 棕腹大仙鹟 (Niltava davidi)
Passeriformes,雀形目,Muscicapidae,"Chats, Old World Flycatchers, and Allies",,Phoenicurus,,14,3,红背红尾鸲 (Phoenicurus erythronotus); 贺兰山红尾鸲 (Phoenicurus alaschanicus); 蓝额红尾鸲 (Phoenicurus frontalis)
Passeriformes,雀形目,Paradoxornithidae,Parrotbills and Allies,,Fulvetta,,8,3,棕头雀鹛 (Fulvetta ruficapilla); 中南雀鹛 (Fulvetta danisi); 中华雀鹛 (Fulvetta striaticollis)
Passeriformes,雀形目,Prunellidae,Accentors,,Prunella,,12,3,高原岩鹨 (Prunella himalayana); 领岩鹨 (Prunella collaris); 栗背岩鹨 (Prunella immaculata)
Passeriformes,雀形目,Zosteropidae,"White-eyes, Yuhinas, and Allies",,Yuhina,,7,3,黑颏凤鹛 (Yuhina nigrimenta); 褐头凤鹛 (Yuhina brunneiceps); 黄颈凤鹛 (Yuhina flavicollis)
Accipitriformes,鹰形目,Accipitridae,"Kites, Old World Vultures, Eagles, and Hawks",鹰科,Gyps,,8,2,白背兀鹫 (Gyps bengalensis); 高山兀鹫 (Gyps himalayensis); 非洲白背兀鹫 (Gyps africanus)
Accipitriformes,鹰形目,Accipitridae,"Kites, Old World Vultures, Eagles, and Hawks",鹰科,Haliaeetus,,4,2,玉带海雕 (Haliaeetus leucoryphus); 虎头海雕 (Haliaeetus pelagicus); 白尾海雕 (Haliaeetus albicilla)
Anseriformes,雁形目,Anatidae,"Ducks, Swans, and Geese",,Anser,,11,2,斑头雁 (Anser indicus); 帝雁 (Anser canagicus); 细嘴雁 (Anser rossii)
Anseriformes,雁形目,Anatidae,"Ducks, Swans, and Geese",,Cygnus,,6,2,黑颈天鹅 (Cygnus melancoryphus); 疣鼻天鹅 (Cygnus olor); 黑天鹅 (Cygnus atratus)
Anseriformes,雁形目,Anatidae,"Ducks, Swans, and Geese",,Mergus,,5,2,红胸秋沙鸭 (Mergus serrator); 中华秋沙鸭 (Mergus squamatus); 褐秋沙鸭 (Mergus octosetaceus)
Charadriiformes,鸻形目,Laridae,"Skimmers, Noddies, Terns, and Gulls",,Chroicocephalus,,10,2,细嘴鸥 (Chroicocephalus genei); 伯氏鸥 (Chroicocephalus philadelphia); 红嘴鸥 (Chroicocephalus ridibundus)
Charadriiformes,鸻形目,Laridae,"Skimmers, Noddies, Terns, and Gulls",,Ichthyaetus,,6,2,渔鸥 (Ichthyaetus ichthyaetus); 遗鸥 (Ichthyaetus relictus); 奥氏鸥 (Ichthyaetus audouinii)
Charadriiformes,鸻形目,Laridae,"Skimmers, Noddies, Terns, and Gulls",,Sterna,,13,2,黄嘴河燕鸥 (Sterna aurantia); 弗氏燕鸥 (Sterna forsteri); 白顶燕鸥 (Sterna trudeaui)
Ciconiiformes,鹳形目,Ciconiidae,Storks,,Mycteria,,4,2,黑头鹮鹳 (Mycteria americana); 白鹮鹳 (Mycteria cinerea); 黄嘴鹮鹳 (Mycteria ibis)
Coraciiformes,佛法僧目,Meropidae,Bee-eaters,,Merops,,28,2,黑头蜂虎 (Merops breweri); 白额蜂虎 (Merops bullockoides); 赤喉蜂虎 (Merops bulocki)
Galliformes,鸡形目,Phasianidae,"Partridges, Pheasants, Grouse, and Allies",,Bambusicola,,3,2,棕胸竹鸡 (Bambusicola fytchii); 灰胸竹鸡 (Bambusicola thoracicus); 台湾竹鸡 (Bambusicola sonorivox)
Galliformes,鸡形目,Phasianidae,"Partridges, Pheasants, Grouse, and Allies",,Chrysolophus,,2,2,红腹锦鸡 (Chrysolophus pictus); 白腹锦鸡 (Chrysolophus amherstiae)
Galliformes,鸡形目,Phasianidae,"Partridges, Pheasants, Grouse, and Allies",,Lophophorus,,3,2,棕尾虹雉 (Lophophorus impejanus); 白尾梢虹雉 (Lophophorus sclateri); 绿尾虹雉 (Lophophorus lhuysii)
Galliformes,鸡形目,Phasianidae,"Partridges, Pheasants, Grouse, and Allies",,Lophura,,11,2,爱氏鹇 (Lophura edwardsi); 蓝腹鹇 (Lophura swinhoii); 鳞背鹇 (Lophura bulweri)
Galliformes,鸡形目,Phasianidae,"Partridges, Pheasants, Grouse, and Allies",,Polyplectron,,8,2,巴拉望孔雀雉 (Polyplectron napoleonis); 加里曼丹孔雀雉 (Polyplectron schleiermacheri); 凤冠孔雀雉 (Polyplectron malacense)
Galliformes,鸡形目,Phasianidae,"Partridges, Pheasants, Grouse, and Allies",,Tetraophasis,,2,2,红喉雉鹑 (Tetraophasis obscurus); 黄喉雉鹑 (Tetraophasis szechenyii)
Gruiformes,鹤形目,Rallidae,"Rails, Gallinules, and Coots",,Zapornia,,15,2,红胸田鸡 (Zapornia fusca); 斑胁田鸡 (Zapornia paykullii); 红脚田鸡 (Zapornia akool)
Passeriformes,雀形目,Alaudidae,Larks,,Melanocorypha,,5,2,双斑百灵 (Melanocorypha bimaculata); 蒙古百灵 (Melanocorypha mongolica); 长嘴百灵 (Melanocorypha maxima)
Passeriformes,雀形目,Campephagidae,Cuckooshrikes,,Pericrocotus,,14,2,白腹山椒鸟 (Pericrocotus erythropygius); 白额山椒鸟 (Pericrocotus albifrons); 火红山椒鸟 (Pericrocotus igneus)
Passeriformes,雀形目,Cisticolidae,Cisticolas and Allies,,Prinia,,29,2,喜山山鹪莺 (Prinia crinigera); 山鹪莺 (Prinia striata); 缅甸山鹪莺 (Prinia cooki)
Passeriformes,雀形目,Corvidae,"Crows, Jays, and Magpies",,Podoces,,4,2,黑尾地鸦 (Podoces hendersoni); 白尾地鸦 (Podoces biddulphi); 里海地鸦 (Podoces panderi)
Passeriformes,雀形目,Fringillidae,"Finches, Euphonias, and Allies",,Mycerobas,,4,2,黄腹拟蜡嘴雀 (Mycerobas icterioides); 黄颈拟蜡嘴雀 (Mycerobas affinis); 白点翅拟蜡嘴雀 (Mycerobas melanozanthos)
Passeriformes,雀形目,Fringillidae,"Finches, Euphonias, and Allies",,Spinus,,20,2,藏黄雀 (Spinus thibetanus); 黄雀 (Spinus spinus); 松金翅雀 (Spinus pinus)
Passeriformes,雀形目,Leiothrichidae,Laughingthrushes and Allies,,Actinodura,,9,2,纹头斑翅鹛 (Actinodura nipalensis); 台湾斑翅鹛 (Actinodura morrisoniana); 纹胸斑翅鹛 (Actinodura waldeni)
Passeriformes,雀形目,Leiothrichidae,Laughingthrushes and Allies,,Heterophasia,,7,2,长尾奇鹛 (Heterophasia picaoides); 白耳奇鹛 (Heterophasia auricularis); 黑顶奇鹛 (Heterophasia capistrata)
Passeriformes,雀形目,Leiothrichidae,Laughingthrushes and Allies,,Liocichla,,5,2,黑冠薮鹛 (Liocichla bugunorum); 灰胸薮鹛 (Liocichla omeiensis); 黄痣薮鹛 (Liocichla steerii)
Passeriformes,雀形目,Muscicapidae,"Chats, Old World Flycatchers, and Allies",,Cyornis,,32,2,鲁氏仙鹟 (Cyornis ruckii); 蓝胸仙鹟 (Cyornis herioti); 棕胸仙鹟 (Cyornis camarinensis)
Passeriformes,雀形目,Muscicapidae,"Chats, Old World Flycatchers, and Allies",,Monticola,,14,2,蓝头矶鸫 (Monticola cinclorhyncha); 栗腹矶鸫 (Monticola rufiventris); 白喉矶鸫 (Monticola gularis)
Passeriformes,雀形目,Oriolidae,Old World Orioles,,Oriolus,,32,2,暗褐鹂 (Oriolus phaeochromus); 黑耳鹂 (Oriolus bouroensis); 灰领鹂 (Oriolus forsteni)
Passeriformes,雀形目,Paradoxornithidae,Parrotbills and Allies,,Rhopophilus,,2,2,山鹛 (Rhopophilus pekinensis); 西域山鹛 (Rhopophilus albosuperciliaris)
Passeriformes,雀形目,Paradoxornithidae,Parrotbills and Allies,,Suthora,,12,2,灰冠鸦雀 (Suthora przewalskii); 短尾鸦雀 (Suthora davidiana); 黄额鸦雀 (Suthora fulvifrons)
Passeriformes,雀形目,Paridae,"Tits, Chickadees, and Titmice",,Periparus,,6,2,黄腹山雀 (Periparus venustulus); 巴拉望山雀 (Periparus amabilis); 丽色山雀 (Periparus elegans)
Passeriformes,雀形目,Pellorneidae,Ground Babblers and Allies,,Schoeniparus,,7,2,黄喉雀鹛 (Schoeniparus cinereus); 栗头雀鹛 (Schoeniparus castaneceps); 黑顶雀鹛 (Schoeniparus klossi)
Passeriformes,雀形目,Pittidae,Pittas,,Pitta,,20,2,非洲八色鸫 (Pitta angolensis); 非洲绿胸八色鸫 (Pitta reichenowi); 印度八色鸫 (Pitta brachyura)
Passeriformes,雀形目,Pycnonotidae,Bulbuls,,Pycnonotus,,31,2,绿冠鹎 (Pycnonotus tympanistrigus); 红眼褐鹎 (Pycnonotus brunneus); 橄榄褐鹎 (Pycnonotus plumosus)
Passeriformes,雀形目,Sturnidae,"Rhabdornis, Starlings, and Mynas",,Spodiopsar,,2,2,丝光椋鸟 (Spodiopsar sericeus); 灰椋鸟 (Spodiopsar cineraceus)
Passeriformes,雀形目,Timaliidae,"Tree Babblers, Scimitar Babblers, and Allies",,Erythrogenys,,7,2,长嘴钩嘴鹛 (Erythrogenys hypoleucos); 锈脸钩嘴鹛 (Erythrogenys erythrogenys); 红眼钩嘴鹛 (Erythrogenys imberbis)
Passeriformes,雀形目,Turdidae,Thrushes and Allies,,Cochoa,,4,2,紫宽嘴鸫 (Cochoa purpurea); 绿宽嘴鸫 (Cochoa viridis); 苏门答腊宽嘴鸫 (Cochoa beccarii)
Pelecaniformes,鹈形目,Ardeidae,"Herons, Egrets, and Bitterns",,Gorsachius,,2,2,黑冠鳽 (Gorsachius melanolophus); 栗鳽 (Gorsachius goisagi)
Piciformes,䴕形目,Picidae,Woodpeckers,,Picus,,13,2,红翅绿啄木鸟 (Picus puniceus); 黄冠啄木鸟 (Picus chlorolophus); 鳞腹绿啄木鸟 (Picus squamatus)
Psittaciformes,鹦形目,Psittaculidae,Old World Parrots,,Psittacula,,16,2,亚历山大鹦鹉 (Psittacula eupatria); 塞席尔绿鹦鹉 (Psittacula wardi); 红领绿鹦鹉 (Psittacula krameri)
Pterocliformes,沙鸡目,Pteroclidae,Sandgrouse,,Syrrhaptes,,2,2,毛腿沙鸡 (Syrrhaptes paradoxus); 西藏毛腿沙鸡 (Syrrhaptes tibetanus)
Accipitriformes,鹰形目,Accipitridae,"Kites, Old World Vultures, Eagles, and Hawks",鹰科,Aquila,,11,1,草原雕 (Aquila nipalensis); 茶色雕 (Aquila rapax); 白肩雕 (Aquila heliaca)
Accipitriformes,鹰形目,Accipitridae,"Kites, Old World Vultures, Eagles, and Hawks",鹰科,Butastur,,4,1,棕翅鵟鹰 (Butastur liventer); 蝗鵟鹰 (Butastur rufipennis); 灰脸鵟鹰 (Butastur indicus)
Accipitriformes,鹰形目,Accipitridae,"Kites, Old World Vultures, Eagles, and Hawks",鹰科,Buteo,,27,1,灰鵟 (Buteo plagiatus); 灰纹鵟 (Buteo nitidus); 巨翅鵟 (Buteo platypterus)
Accipitriformes,鹰形目,Accipitridae,"Kites, Old World Vultures, Eagles, and Hawks",鹰科,Clanga,,3,1,印度乌雕 (Clanga hastata); 乌雕 (Clanga clanga); 小乌雕 (Clanga pomarina)
Accipitriformes,鹰形目,Accipitridae,"Kites, Old World Vultures, Eagles, and Hawks",鹰科,Tachyspiza,,27,1,红腿雀鹰 (Tachyspiza erythropus); 非洲小雀鹰 (Tachyspiza minulla); 松雀鹰 (Tachyspiza virgata)
Anseriformes,雁形目,Anatidae,"Ducks, Swans, and Geese",,Aix,,2,1,鸳鸯 (Aix galericulata); 林鸳鸯 (Aix sponsa)
Anseriformes,雁形目,Anatidae,"Ducks, Swans, and Geese",,Anas,,31,1,非洲黑鸭 (Anas sparsa); 麻斑鸭 (Anas melleri); 非洲黄嘴鸭 (Anas undulata)
Anseriformes,雁形目,Anatidae,"Ducks, Swans, and Geese",,Mareca,,6,1,罗纹鸭 (Mareca falcata); 赤膀鸭 (Mareca strepera); 阿岛鸭 (Mareca marecula)
Anseriformes,雁形目,Anatidae,"Ducks, Swans, and Geese",,Marmaronetta,,1,1,云石斑鸭 (Marmaronetta angustirostris)
Anseriformes,雁形目,Anatidae,"Ducks, Swans, and Geese",,Mergellus,,1,1,斑头秋沙鸭 (Mergellus albellus)
Anseriformes,雁形目,Anatidae,"Ducks, Swans, and Geese",,Netta,,3,1,赤嘴潜鸭 (Netta rufina); 灰嘴潜鸭 (Netta erythrophthalma); 粉嘴潜鸭 (Netta peposaca)
Anseriformes,雁形目,Anatidae,"Ducks, Swans, and Geese",,Sarkidiornis,,2,1,瘤鸭 (Sarkidiornis melanotos); 美洲瘤鸭 (Sarkidiornis sylvicola)
Anseriformes,雁形目,Anatidae,"Ducks, Swans, and Geese",,Sibirionetta,,1,1,花脸鸭 (Sibirionetta formosa)
Anseriformes,雁形目,Anatidae,"Ducks, Swans, and Geese",,Tadorna,,6,1,翘鼻麻鸭 (Tadorna tadorna); 冠麻鸭 (Tadorna cristata); 灰头麻鸭 (Tadorna cana)
Apodiformes,雨燕目,Apodidae,Swifts,雨燕科,Hirundapus,,4,1,白喉针尾雨燕 (Hirundapus caudacutus); 灰喉针尾雨燕 (Hirundapus cochinchinensis); 褐背针尾雨燕 (Hirundapus giganteus)
Apodiformes,雨燕目,Hemiprocnidae,Treeswifts,,Hemiprocne,,4,1,凤头雨燕 (Hemiprocne coronata); 灰腰凤头雨燕 (Hemiprocne longipennis); 小须凤头雨燕 (Hemiprocne comata)
Bucerotiformes,犀鸟目,Bucerotidae,Hornbills,,Aceros,,1,1,棕颈犀鸟 (Aceros nipalensis)
Bucerotiformes,犀鸟目,Bucerotidae,Hornbills,,Anorrhinus,,3,1,凤头犀鸟 (Anorrhinus galeritus); 白喉犀鸟 (Anorrhinus austeni); 锈颊犀鸟 (Anorrhinus tickelli)
Bucerotiformes,犀鸟目,Bucerotidae,Hornbills,,Buceros,,3,1,棕犀鸟 (Buceros hydrocorax); 马来犀鸟 (Buceros rhinoceros); 双角犀鸟 (Buceros bicornis)
Bucerotiformes,犀鸟目,Bucerotidae,Hornbills,,Rhyticeros,,6,1,苏拉威西皱盔犀鸟 (Rhyticeros cassidix); 松巴皱盔犀鸟 (Rhyticeros everetti); 花冠皱盔犀鸟 (Rhyticeros undulatus)
Charadriiformes,鸻形目,Charadriidae,Plovers and Lapwings,,Pluvialis,,4,1,灰斑鸻 (Pluvialis squatarola); 欧金鸻 (Pluvialis apricaria); 美洲金鸻 (Pluvialis dominica)
Charadriiformes,鸻形目,Charadriidae,Plovers and Lapwings,,Thinornis,,7,1,黑头鸻 (Thinornis cucullatus); 滨鸻 (Thinornis novaeseelandiae); 黑额鸻 (Thinornis melanops)
Charadriiformes,鸻形目,Glareolidae,Coursers and Pratincoles,,Glareola,,8,1,马岛燕鸻 (Glareola ocularis); 乌燕鸻 (Glareola nuchalis); 澳洲燕鸻 (Glareola isabella)
Charadriiformes,鸻形目,Ibidorhynchidae,Ibisbill,,Ibidorhyncha,,1,1,鹮嘴鹬 (Ibidorhyncha struthersii)
Charadriiformes,鸻形目,Jacanidae,Jacanas,,Hydrophasianus,,1,1,水雉 (Hydrophasianus chirurgus)
Charadriiformes,鸻形目,Jacanidae,Jacanas,,Metopidius,,1,1,铜翅水雉 (Metopidius indicus)
Charadriiformes,鸻形目,Laridae,"Skimmers, Noddies, Terns, and Gulls",,Chlidonias,,4,1,须浮鸥 (Chlidonias hybrida); 黑额燕鸥 (Chlidonias albostriatus); 白翅浮鸥 (Chlidonias leucopterus)
Charadriiformes,鸻形目,Laridae,"Skimmers, Noddies, Terns, and Gulls",,Hydrocoloeus,,1,1,小鸥 (Hydrocoloeus minutus)
Charadriiformes,鸻形目,Laridae,"Skimmers, Noddies, Terns, and Gulls",,Hydroprogne,,1,1,红嘴巨燕鸥 (Hydroprogne caspia)
Charadriiformes,鸻形目,Laridae,"Skimmers, Noddies, Terns, and Gulls",,Onychoprion,,4,1,白腰燕鸥 (Onychoprion aleuticus); 乌燕鸥 (Onychoprion fuscatus); 灰背燕鸥 (Onychoprion lunatus)
Charadriiformes,鸻形目,Laridae,"Skimmers, Noddies, Terns, and Gulls",,Saundersilarus,,1,1,黑嘴鸥 (Saundersilarus saundersi)
Charadriiformes,鸻形目,Laridae,"Skimmers, Noddies, Terns, and Gulls",,Thalasseus,,7,1,白嘴端凤头燕鸥 (Thalasseus sandvicensis); 美洲凤头燕鸥 (Thalasseus elegans); 中华凤头燕鸥 (Thalasseus bernsteini)
Charadriiformes,鸻形目,Recurvirostridae,Stilts and Avocets,,Himantopus,,4,1,黑颈长脚鹬 (Himantopus mexicanus); 黑翅长脚鹬 (Himantopus himantopus); 澳洲长脚鹬 (Himantopus leucocephalus)
Charadriiformes,鸻形目,Recurvirostridae,Stilts and Avocets,,Recurvirostra,,4,1,反嘴鹬 (Recurvirostra avosetta); 红颈反嘴鹬 (Recurvirostra novaehollandiae); 褐胸反嘴鹬 (Recurvirostra americana)
Charadriiformes,鸻形目,Scolopacidae,Sandpipers and Allies,,Actitis,,2,1,矶鹬 (Actitis hypoleucos); 斑腹矶鹬 (Actitis macularius)
Charadriiformes,鸻形目,Scolopacidae,Sandpipers and Allies,,Limnodromus,,3,1,半蹼鹬 (Limnodromus semipalmatus); 长嘴半蹼鹬 (Limnodromus scolopaceus); 短嘴半蹼鹬 (Limnodromus griseus)
Charadriiformes,鸻形目,Scolopacidae,Sandpipers and Allies,,Numenius,,9,1,极北杓鹬 (Numenius borealis); 小杓鹬 (Numenius minutus); 太平洋杓鹬 (Numenius tahitiensis)
Charadriiformes,鸻形目,Scolopacidae,Sandpipers and Allies,,Scolopax,,8,1,小丘鹬 (Scolopax minor); 丘鹬 (Scolopax rusticola); 琉球丘鹬 (Scolopax mira)
Charadriiformes,鸻形目,Scolopacidae,Sandpipers and Allies,,Xenus,,1,1,翘嘴鹬 (Xenus cinereus)
Ciconiiformes,鹳形目,Ciconiidae,Storks,,Ciconia,,8,1,黑鹳 (Ciconia nigra); 黑尾鹳 (Ciconia maguari); 东方白鹳 (Ciconia boyciana)
Ciconiiformes,鹳形目,Ciconiidae,Storks,,Leptoptilos,,3,1,非洲秃鹳 (Leptoptilos crumenifer); 大秃鹳 (Leptoptilos dubius); 秃鹳 (Leptoptilos javanicus)
Columbiformes,鸽形目,Columbidae,Doves and Pigeons,,Geopelia,,5,1,姬地鸠 (Geopelia cuneata); 斑肩姬地鸠 (Geopelia humeralis); 斑姬地鸠 (Geopelia striata)
Columbiformes,鸽形目,Columbidae,Doves and Pigeons,,Streptopelia,,15,1,爪哇斑鸠 (Streptopelia bitorquata); 菲律宾斑鸠 (Streptopelia dusumieri); 火斑鸠 (Streptopelia tranquebarica)
Coraciiformes,佛法僧目,Alcedinidae,Kingfishers,,Alcedo,,8,1,蓝带翠鸟 (Alcedo euryzona); 马来蓝带翠鸟 (Alcedo peninsulae); 斑头大翠鸟 (Alcedo hercules)
Coraciiformes,佛法僧目,Alcedinidae,Kingfishers,,Halcyon,,12,1,赤翡翠 (Halcyon coromanda); 栗背翡翠 (Halcyon badia); 蓝胸翡翠 (Halcyon malimbica)
Coraciiformes,佛法僧目,Coraciidae,Rollers,,Coracias,,9,1,蓝腹佛法僧 (Coracias cyanogaster); 扇尾佛法僧 (Coracias spatulatus); 棕顶佛法僧 (Coracias naevius)
Cuculiformes,鹃形目,Cuculidae,Cuckoos,,Chrysococcyx,,6,1,翠金鹃 (Chrysococcyx maculatus); 紫金鹃 (Chrysococcyx xanthorhynchus); 白眉金鹃 (Chrysococcyx caprius)
Cuculiformes,鹃形目,Cuculidae,Cuckoos,,Clamator,,4,1,红翅凤头鹃 (Clamator coromandus); 大斑凤头鹃 (Clamator glandarius); 莱氏凤头鹃 (Clamator levaillantii)
Cuculiformes,鹃形目,Cuculidae,Cuckoos,,Cuculus,,11,1,黑杜鹃 (Cuculus clamosus); 赤胸杜鹃 (Cuculus solitarius); 小杜鹃 (Cuculus poliocephalus)
Falconiformes,隼形目,Falconidae,Falcons and Caracaras,隼科,Falco,,39,1,马岛斑隼 (Falco zoniventris); 黄爪隼 (Falco naumanni); 大黄眼隼 (Falco alopex)
Falconiformes,隼形目,Falconidae,Falcons and Caracaras,隼科,Microhierax,,5,1,菲律宾小隼 (Microhierax erythrogenys); 白腿小隼 (Microhierax melanoleucos); 红腿小隼 (Microhierax caerulescens)
Galliformes,鸡形目,Phasianidae,"Partridges, Pheasants, Grouse, and Allies",,Alectoris,,7,1,北非石鸡 (Alectoris barbara); 阿拉伯石鸡 (Alectoris melanocephala); 红腿石鸡 (Alectoris rufa)
Galliformes,鸡形目,Phasianidae,"Partridges, Pheasants, Grouse, and Allies",,Coturnix,,6,1,鹌鹑 (Coturnix japonica); 西鹌鹑 (Coturnix coturnix); 黑胸鹌鹑 (Coturnix coromandelica)
Galliformes,鸡形目,Phasianidae,"Partridges, Pheasants, Grouse, and Allies",,Lerwa,,1,1,雪鹑 (Lerwa lerwa)
Galliformes,鸡形目,Phasianidae,"Partridges, Pheasants, Grouse, and Allies",,Tetraogallus,,5,1,藏雪鸡 (Tetraogallus tibetanus); 阿尔泰雪鸡 (Tetraogallus altaicus); 高加索雪鸡 (Tetraogallus caucasicus)
Gruiformes,鹤形目,Gruidae,Cranes,,Antigone,,4,1,沙丘鹤 (Antigone canadensis); 白枕鹤 (Antigone vipio); 澳洲鹤 (Antigone rubicunda)
Gruiformes,鹤形目,Gruidae,Cranes,,Leucogeranus,,1,1,白鹤 (Leucogeranus leucogeranus)
Gruiformes,鹤形目,Heliornithidae,Finfoots,,Heliopais,,1,1,亚洲鳍趾䴘 (Heliopais personatus)
Gruiformes,鹤形目,Rallidae,"Rails, Gallinules, and Coots",,Coturnicops,,2,1,花田鸡 (Coturnicops exquisitus); 北美花田鸡 (Coturnicops noveboracensis)
Gruiformes,鹤形目,Rallidae,"Rails, Gallinules, and Coots",,Crex,,1,1,长脚秧鸡 (Crex crex)
Gruiformes,鹤形目,Rallidae,"Rails, Gallinules, and Coots",,Gallicrex,,1,1,董鸡 (Gallicrex cinerea)
Gruiformes,鹤形目,Rallidae,"Rails, Gallinules, and Coots",,Poliolimnas,,1,1,白眉田鸡 (Poliolimnas cinereus)
Otidiformes,鸨形目,Otididae,Bustards,,Chlamydotis,,2,1,波斑鸨 (Chlamydotis macqueenii); 非洲波斑鸨 (Chlamydotis undulata)
Otidiformes,鸨形目,Otididae,Bustards,,Tetrax,,1,1,小鸨 (Tetrax tetrax)
Passeriformes,雀形目,Acrocephalidae,Reed Warblers and Allies,,Iduna,,6,1,靴篱莺 (Iduna caligata); 赛氏篱莺 (Iduna rama); 草绿篱莺 (Iduna pallida)
Passeriformes,雀形目,Aegithalidae,"Tit-warblers, Bushtits, and Long-tailed Tit",,Aegithalos,,8,1,北长尾山雀 (Aegithalos caudatus); 银喉长尾山雀 (Aegithalos glaucogularis); 白颊长尾山雀 (Aegithalos leucogenys)
Passeriformes,雀形目,Aegithalidae,"Tit-warblers, Bushtits, and Long-tailed Tit",,Leptopoecile,,2,1,凤头雀莺 (Leptopoecile elegans); 花彩雀莺 (Leptopoecile sophiae)
Passeriformes,雀形目,Alaudidae,Larks,,Calandrella,,6,1,布氏短趾百灵 (Calandrella blanfordi); 棕顶短趾百灵 (Calandrella eremica); 大短趾百灵 (Calandrella brachydactyla)
Passeriformes,雀形目,Artamidae,"Woodswallows, Bellmagpies, and Allies",,Artamus,,11,1,灰燕鵙 (Artamus fuscus); 斐济燕鵙 (Artamus mentalis); 白背燕鵙 (Artamus monachus)
Passeriformes,雀形目,Bombycillidae,Waxwings,,Bombycilla,,3,1,雪松太平鸟 (Bombycilla cedrorum); 小太平鸟 (Bombycilla japonica); 太平鸟 (Bombycilla garrulus)
Passeriformes,雀形目,Cettiidae,Bush Warblers and Allies,,Horornis,,12,1,菲律宾树莺 (Horornis seebohmi); 日本树莺 (Horornis diphone); 远东树莺 (Horornis canturians)
Passeriformes,雀形目,Cettiidae,Bush Warblers and Allies,,Tesia,,4,1,灰腹地莺 (Tesia cyaniventer); 金冠地莺 (Tesia olivea); 眉纹地莺 (Tesia superciliaris)
Passeriformes,雀形目,Cettiidae,Bush Warblers and Allies,,Urosphena,,3,1,帝汶短尾莺 (Urosphena subulata); 印尼短尾莺 (Urosphena whiteheadi); 鳞头树莺 (Urosphena squameiceps)
Passeriformes,雀形目,Corvidae,"Crows, Jays, and Magpies",,Coloeus,,2,1,达乌里寒鸦 (Coloeus dauuricus); 寒鸦 (Coloeus monedula)
Passeriformes,雀形目,Corvidae,"Crows, Jays, and Magpies",,Corvus,,47,1,古巴鸦 (Corvus nasicus); 牙买加乌鸦 (Corvus jamaicensis); 美洲白颈鸦 (Corvus leucognaphalus)
Passeriformes,雀形目,Corvidae,"Crows, Jays, and Magpies",,Crypsirina,,2,1,盘尾树鹊 (Crypsirina temia); 黑头树鹊 (Crypsirina cucullata)
Passeriformes,雀形目,Corvidae,"Crows, Jays, and Magpies",,Nucifraga,,4,1,北美星鸦 (Nucifraga columbiana); 北星鸦 (Nucifraga caryocatactes); 星鸦 (Nucifraga hemispila)
Passeriformes,雀形目,Corvidae,"Crows, Jays, and Magpies",,Perisoreus,,3,1,北噪鸦 (Perisoreus infaustus); 黑头噪鸦 (Perisoreus internigrans); 灰噪鸦 (Perisoreus canadensis)
Passeriformes,雀形目,Corvidae,"Crows, Jays, and Magpies",,Pica,,7,1,北非喜鹊 (Pica mauritanica); 喜鹊 (Pica serica); 青藏喜鹊 (Pica bottanensis)
Passeriformes,雀形目,Corvidae,"Crows, Jays, and Magpies",,Temnurus,,1,1,塔尾树鹊 (Temnurus temnurus)
Passeriformes,雀形目,Corvidae,"Crows, Jays, and Magpies",,Urocissa,,5,1,斯里兰卡蓝鹊 (Urocissa ornata); 台湾蓝鹊 (Urocissa caerulea); 黄嘴蓝鹊 (Urocissa flavirostris)
Passeriformes,雀形目,Dicaeidae,Flowerpeckers,,Pachyglossa,,7,1,绿背锯齿啄花鸟 (Pachyglossa olivacea); 厚嘴啄花鸟 (Pachyglossa agilis); 褐背啄花鸟 (Pachyglossa everetti)
Passeriformes,雀形目,Dicruridae,Drongos,,Dicrurus,,28,1,古铜色卷尾 (Dicrurus aeneus); 小盘尾 (Dicrurus remifer); 鸦嘴卷尾 (Dicrurus annectens)
Passeriformes,雀形目,Elachuridae,Elachura,,Elachura,,1,1,丽星鹩鹛 (Elachura formosa)
Passeriformes,雀形目,Estrildidae,"Munias, Parrotfinches, Waxbills, and Allies",,Lonchura,,28,1,斑文鸟 (Lonchura punctulata); 红胸文鸟 (Lonchura kelaarti); 黑脸文鸟 (Lonchura molucca)
Passeriformes,雀形目,Estrildidae,"Munias, Parrotfinches, Waxbills, and Allies",,Padda,,2,1,禾雀 (Padda oryzivora); 帝汶禾雀 (Padda fuscata)
Passeriformes,雀形目,Eurylaimidae,Grauer's Broadbill and Asian Broadbills,,Serilophus,,2,1,灰眼先丝冠鸟 (Serilophus rubropygius); 银胸丝冠鸟 (Serilophus lunatus)
Passeriformes,雀形目,Fringillidae,"Finches, Euphonias, and Allies",,Agraphospiza,,1,1,赤朱雀 (Agraphospiza rubescens)
Passeriformes,雀形目,Fringillidae,"Finches, Euphonias, and Allies",,Pyrrhoplectes,,1,1,金枕黑雀 (Pyrrhoplectes epauletta)
Passeriformes,雀形目,Fringillidae,"Finches, Euphonias, and Allies",,Rhodospiza,,1,1,巨嘴沙雀 (Rhodospiza obsoleta)
Passeriformes,雀形目,Fringillidae,"Finches, Euphonias, and Allies",,Serinus,,8,1,金丝雀 (Serinus canaria); 欧洲丝雀 (Serinus serinus); 金额丝雀 (Serinus pusillus)
Passeriformes,雀形目,Hirundinidae,Swallows,燕科,Delichon,,4,1,西方毛脚燕 (Delichon urbicum); 黑喉毛脚燕 (Delichon nipalense); 白腹毛脚燕 (Delichon lagopodum)
Passeriformes,雀形目,Leiothrichidae,Laughingthrushes and Allies,,Alcippe,,10,1,褐脸雀鹛 (Alcippe poioicephala); 黑眉雀鹛 (Alcippe grotei); 褐雀鹛 (Alcippe brunneicauda)
Passeriformes,雀形目,Locustellidae,"Grasshopper Warblers, Grassbirds, and Allies",,Helopsaltes,,6,1,苍眉蝗莺 (Helopsaltes fasciolatus); 库页岛蝗莺 (Helopsaltes amnicola); 斑背大尾莺 (Helopsaltes pryeri)
Passeriformes,雀形目,Monarchidae,"Monarch Flycatchers, Paradise Flycatchers, and Shrikebills",,Terpsiphone,,16,1,棕寿带 (Terpsiphone cinnamomea); 蓝寿带 (Terpsiphone cyanescens); 东南寿带 (Terpsiphone floris)
Passeriformes,雀形目,Motacillidae,Wagtails and Pipits,,Dendronanthus,,1,1,山鹡鸰 (Dendronanthus indicus)
Passeriformes,雀形目,Motacillidae,Wagtails and Pipits,,Motacilla,,13,1,马岛鹡鸰 (Motacilla flaviventris); 圣多美鹡鸰 (Motacilla bocagii); 海角鹡鸰 (Motacilla capensis)
Passeriformes,雀形目,Muscicapidae,"Chats, Old World Flycatchers, and Allies",,Cyanoptila,,2,1,琉璃蓝鹟 (Cyanoptila cumatilis); 白腹蓝鹟 (Cyanoptila cyanomelana)
Passeriformes,雀形目,Muscicapidae,"Chats, Old World Flycatchers, and Allies",,Myophonus,,9,1,斯里兰卡啸鸫 (Myophonus blighi); 辉亮啸鸫 (Myophonus melanurus); 巽他啸鸫 (Myophonus glaucinus)
Passeriformes,雀形目,Muscicapidae,"Chats, Old World Flycatchers, and Allies",,Saxicola,,13,1,黑白林䳭 (Saxicola jerdoni); 灰林䳭 (Saxicola ferreus); 帝汶林䳭 (Saxicola gutturalis)
Passeriformes,雀形目,Paradoxornithidae,Parrotbills and Allies,,Moupinia,,1,1,宝兴鹛雀 (Moupinia poecilotis)
Passeriformes,雀形目,Paradoxornithidae,Parrotbills and Allies,,Myzornis,,1,1,火尾绿鹛 (Myzornis pyrrhoura)
Passeriformes,雀形目,Paridae,"Tits, Chickadees, and Titmice",,Machlolophus,,5,1,白枕山雀 (Machlolophus nuchalis); 台湾黄山雀 (Machlolophus holsti); 眼纹黄山雀 (Machlolophus xanthogenys)
Passeriformes,雀形目,Paridae,"Tits, Chickadees, and Titmice",,Pseudopodoces,,1,1,地山雀 (Pseudopodoces humilis)
Passeriformes,雀形目,Paridae,"Tits, Chickadees, and Titmice",,Sittiparus,,5,1,台湾杂色山雀 (Sittiparus castaneoventris); 琉球杂色山雀 (Sittiparus olivaceus); 杂色山雀 (Sittiparus varius)
Passeriformes,雀形目,Passeridae,Snowfinches and Old World Sparrows,,Montifringilla,,3,1,白斑翅雪雀 (Montifringilla nivalis); 藏雪雀 (Montifringilla henrici); 褐翅雪雀 (Montifringilla adamsi)
Passeriformes,雀形目,Passeridae,Snowfinches and Old World Sparrows,,Onychostruthus,,1,1,白腰雪雀 (Onychostruthus taczanowskii)
Passeriformes,雀形目,Pellorneidae,Ground Babblers and Allies,,Gampsorhynchus,,2,1,白头鵙鹛 (Gampsorhynchus rufulus); 领鵙鹛 (Gampsorhynchus torquatus)
Passeriformes,雀形目,Pellorneidae,Ground Babblers and Allies,,Gypsophila,,6,1,山鹪鹛 (Gypsophila crassa); 短尾鹪鹛 (Gypsophila brevicaudata); 灰岩鹪鹛 (Gypsophila annamensis)
Passeriformes,雀形目,Pittidae,Pittas,,Hydrornis,,13,1,双辫八色鸫 (Hydrornis phayrei); 栗头八色鸫 (Hydrornis oatesi); 蓝枕八色鸫 (Hydrornis nipalensis)
Passeriformes,雀形目,Pnoepygidae,Cupwings,,Pnoepyga,,4,1,鳞胸鹪鹛 (Pnoepyga albiventer); 台湾鹪鹛 (Pnoepyga formosana); 尼泊尔鹪鹛 (Pnoepyga immaculata)
Passeriformes,雀形目,Regulidae,Kinglets,,Regulus,,5,1,马德拉火冠戴菊 (Regulus madeirensis); 火冠戴菊 (Regulus ignicapilla); 金冠戴菊 (Regulus satrapa)
Passeriformes,雀形目,Remizidae,Penduline Tits,,Remiz,,4,1,中华攀雀 (Remiz consobrinus); 白冠攀雀 (Remiz coronatus); 欧亚攀雀 (Remiz pendulinus)
Passeriformes,雀形目,Stenostiridae,Fairy Flycatchers,,Chelidorhynx,,1,1,黄腹扇尾鹟 (Chelidorhynx hypoxanthus)
Passeriformes,雀形目,Sturnidae,"Rhabdornis, Starlings, and Mynas",,Ampeliceps,,1,1,金冠树八哥 (Ampeliceps coronatus)
Passeriformes,雀形目,Sturnidae,"Rhabdornis, Starlings, and Mynas",,Gracupica,,4,1,黑领椋鸟 (Gracupica nigricollis); 斑椋鸟 (Gracupica contra); 暹罗斑椋鸟 (Gracupica floweri)
Passeriformes,雀形目,Sturnidae,"Rhabdornis, Starlings, and Mynas",,Sturnia,,4,1,灰背椋鸟 (Sturnia sinensis); 黑冠椋鸟 (Sturnia pagodarum); 灰头椋鸟 (Sturnia malabarica)
Passeriformes,雀形目,Sylviidae,Sylviid Warblers and Allies,,Curruca,,25,1,横斑林莺 (Curruca nisoria); 莱氏林莺 (Curruca layardi); 斑林莺 (Curruca boehmi)
Passeriformes,雀形目,Timaliidae,"Tree Babblers, Scimitar Babblers, and Allies",,Mixornis,,5,1,灰脸纹胸鹛 (Mixornis kelleyi); 黄领纹胸鹛 (Mixornis flavicollis); 康岛纹胸鹛 (Mixornis prillwitzi)
Passeriformes,雀形目,Timaliidae,"Tree Babblers, Scimitar Babblers, and Allies",,Pomatorhinus,,11,1,黑冠钩嘴鹛 (Pomatorhinus ferruginosus); 红嘴钩嘴鹛 (Pomatorhinus phayrei); 棕头钩嘴鹛 (Pomatorhinus ochraceiceps)
Passeriformes,雀形目,Timaliidae,"Tree Babblers, Scimitar Babblers, and Allies",,Spelaeornis,,8,1,棕喉鹩鹛 (Spelaeornis caudatus); 锈喉鹩鹛 (Spelaeornis badeigularis); 斑翅鹩鹛 (Spelaeornis troglodytoides)
Passeriformes,雀形目,Timaliidae,"Tree Babblers, Scimitar Babblers, and Allies",,Stachyris,,13,1,黑喉穗鹛 (Stachyris nigricollis); 白胸穗鹛 (Stachyris grammiceps); 红腰穗鹛 (Stachyris maculata)
Passeriformes,雀形目,Turdidae,Thrushes and Allies,,Grandala,,1,1,蓝大翅鸲 (Grandala coelicolor)
Passeriformes,雀形目,Urocynchramidae,Przevalski's Finch,,Urocynchramus,,1,1,朱鹀 (Urocynchramus pylzowi)
Passeriformes,雀形目,Vireonidae,"Shrike-babblers, Erpornis, and Vireos",,Pteruthius,,7,1,棕腹鵙鹛 (Pteruthius rufiventer); 爪哇红翅鵙鹛 (Pteruthius flaviscapis); 红翅鵙鹛 (Pteruthius aeralatus)
Passeriformes,雀形目,Zosteropidae,"White-eyes, Yuhinas, and Allies",,Staphida,,3,1,栗冠凤鹛 (Staphida everetti); 栗耳凤鹛 (Staphida castaniceps); 栗颈凤鹛 (Staphida torqueola)
Passeriformes,雀形目,Zosteropidae,"White-eyes, Yuhinas, and Allies",,Zosterops,,108,1,斯里兰卡绣眼鸟 (Zosterops ceylonensis); 菲律宾绣眼鸟 (Zosterops nigrorum); 黑冠绣眼鸟 (Zosterops atricapilla)
Pelecaniformes,鹈形目,Ardeidae,"Herons, Egrets, and Bitterns",,Oroanassa,,1,1,海南鳽 (Oroanassa magnifica)
Pelecaniformes,鹈形目,Threskiornithidae,Ibises and Spoonbills,,Nipponia,,1,1,朱鹮 (Nipponia nippon)
Pelecaniformes,鹈形目,Threskiornithidae,Ibises and Spoonbills,,Platalea,,6,1,粉红琵鹭 (Platalea ajaja); 黄嘴琵鹭 (Platalea flavipes); 非洲琵鹭 (Platalea alba)
Pelecaniformes,鹈形目,Threskiornithidae,Ibises and Spoonbills,,Pseudibis,,3,1,黑鹮 (Pseudibis papillosa); 白肩黑鹮 (Pseudibis davisoni); 巨鹮 (Pseudibis gigantea)
Pelecaniformes,鹈形目,Threskiornithidae,Ibises and Spoonbills,,Threskiornis,,6,1,非洲白鹮 (Threskiornis aethiopicus); 马岛白鹮 (Threskiornis bernieri); 留尼汪孤鸽 (Threskiornis solitarius)
Piciformes,䴕形目,Megalaimidae,Asian Barbets,,Psilopogon,,33,1,马拉巴拟啄木鸟 (Psilopogon malabaricus); 斯里兰卡拟啄木鸟 (Psilopogon rubricapillus); 赤胸拟啄木鸟 (Psilopogon haemacephalus)
Piciformes,䴕形目,Picidae,Woodpeckers,,Dendrocopos,,12,1,棕腹啄木鸟 (Dendrocopos hyperythrus); 纹胸啄木鸟 (Dendrocopos atratus); 茶胸斑啄木鸟 (Dendrocopos macei)
Piciformes,䴕形目,Picidae,Woodpeckers,,Hemicircus,,2,1,黑冠啄木鸟 (Hemicircus canente); 灰黄啄木鸟 (Hemicircus concretus)
Piciformes,䴕形目,Picidae,Woodpeckers,,Meiglyptes,,4,1,黄颈斑啄木鸟 (Meiglyptes tukki); 黄腰啄木鸟 (Meiglyptes grammithorax); 黄腰斑啄木鸟 (Meiglyptes tristis)
Procellariiformes,鹱形目,Hydrobatidae,Northern Storm Petrels,,Hydrobates,,18,1,暴风海燕 (Hydrobates pelagicus); 灰蓝叉尾海燕 (Hydrobates furcatus); 佛得角叉尾海燕 (Hydrobates jabejabe)
Procellariiformes,鹱形目,Procellariidae,"Petrels, Shearwaters, and Diving Petrels",,Bulweria,,3,1,小圣赫勒拿岛海燕 (Bulweria bifax); 褐燕鹱 (Bulweria bulwerii); 厚嘴燕鹱 (Bulweria fallax)
Procellariiformes,鹱形目,Procellariidae,"Petrels, Shearwaters, and Diving Petrels",,Calonectris,,4,1,白额鹱 (Calonectris leucomelas); 佛得角鹱 (Calonectris edwardsii); 斯氏鹱 (Calonectris diomedea)
Strigiformes,鸮形目,Strigidae,Owls,,Ketupa,,12,1,弗氏雕鸮 (Ketupa poensis); 蝶斑雕鸮 (Ketupa leucosticta); 黄雕鸮 (Ketupa lactea)
Suliformes,鲣鸟目,Fregatidae,Frigatebirds,,Fregata,,5,1,白斑军舰鸟 (Fregata ariel); 阿岛军舰鸟 (Fregata aquila); 华丽军舰鸟 (Fregata magnificens)
Suliformes,鲣鸟目,Phalacrocoracidae,Cormorants and Shags,,Microcarbo,,5,1,冠鸬鹚 (Microcarbo coronatus); 长尾鸬鹚 (Microcarbo africanus); 小斑鸬鹚 (Microcarbo melanoleucos)
Suliformes,鲣鸟目,Phalacrocoracidae,Cormorants and Shags,,Phalacrocorax,,11,1,岸鸬鹚 (Phalacrocorax neglectus); 南非鸬鹚 (Phalacrocorax capensis); 暗绿背鸬鹚 (Phalacrocorax capillatus)
Trogoniformes,咬鹃目,Trogonidae,Trogons,,Harpactes,,10,1,橙胸咬鹃 (Harpactes oreskios); 黑头咬鹃 (Harpactes fasciatus); 红枕咬鹃 (Harpactes kasumba)
Accipitriformes,鹰形目,Accipitridae,"Kites, Old World Vultures, Eagles, and Hawks",鹰科,Accipiter,,6,0,灰腹鹰 (Accipiter poliogaster); 马岛雀鹰 (Accipiter madagascariensis); 赞比亚雀鹰 (Accipiter ovampensis)
Accipitriformes,鹰形目,Accipitridae,"Kites, Old World Vultures, Eagles, and Hawks",鹰科,Aegypius,,1,0,秃鹫 (Aegypius monachus)
Accipitriformes,鹰形目,Accipitridae,"Kites, Old World Vultures, Eagles, and Hawks",鹰科,Aerospiza,,2,0,栗胁雀鹰 (Aerospiza castanilius); 非洲鹰 (Aerospiza tachiro)
Accipitriformes,鹰形目,Accipitridae,"Kites, Old World Vultures, Eagles, and Hawks",鹰科,Astur,,9,0,库氏鹰 (Astur cooperii); 古巴鹰 (Astur gundlachi); 智利鹰 (Astur chilensis)
Accipitriformes,鹰形目,Accipitridae,"Kites, Old World Vultures, Eagles, and Hawks",鹰科,Aviceda,,5,0,非洲鹃隼 (Aviceda cuculoides); 马岛鹃隼 (Aviceda madagascariensis); 褐冠鹃隼 (Aviceda jerdoni)
Accipitriformes,鹰形目,Accipitridae,"Kites, Old World Vultures, Eagles, and Hawks",鹰科,Bermuteo,,1,0,百慕大鵟 (Bermuteo avivorus)
Accipitriformes,鹰形目,Accipitridae,"Kites, Old World Vultures, Eagles, and Hawks",鹰科,Busarellus,,1,0,黑领鹰 (Busarellus nigricollis)
Accipitriformes,鹰形目,Accipitridae,"Kites, Old World Vultures, Eagles, and Hawks",鹰科,Buteogallus,,9,0,青灰南美鵟 (Buteogallus schistaceus); 黑鸡鵟 (Buteogallus anthracinus); 古巴鸡鵟 (Buteogallus gundlachii)
Accipitriformes,鹰形目,Accipitridae,"Kites, Old World Vultures, Eagles, and Hawks",鹰科,Chelictinia,,1,0,剪尾鸢 (Chelictinia riocourii)
Accipitriformes,鹰形目,Accipitridae,"Kites, Old World Vultures, Eagles, and Hawks",鹰科,Chondrohierax,,2,0,古巴钩嘴鸢 (Chondrohierax wilsonii); 钩嘴鸢 (Chondrohierax uncinatus)
Accipitriformes,鹰形目,Accipitridae,"Kites, Old World Vultures, Eagles, and Hawks",鹰科,Circaetus,,7,0,斑短趾雕 (Circaetus fasciolatus); 小斑短趾雕 (Circaetus cinerascens); 刚果蛇雕 (Circaetus spectabilis)
Accipitriformes,鹰形目,Accipitridae,"Kites, Old World Vultures, Eagles, and Hawks",鹰科,Circus,,16,0,斑鹞 (Circus assimilis); 草原鹞 (Circus macrourus); 黑鹞 (Circus maurus)
Accipitriformes,鹰形目,Accipitridae,"Kites, Old World Vultures, Eagles, and Hawks",鹰科,Cryptoleucopteryx,,1,0,铅色南美鵟 (Cryptoleucopteryx plumbea)
Accipitriformes,鹰形目,Accipitridae,"Kites, Old World Vultures, Eagles, and Hawks",鹰科,Elanoides,,1,0,燕尾鸢 (Elanoides forficatus)
Accipitriformes,鹰形目,Accipitridae,"Kites, Old World Vultures, Eagles, and Hawks",鹰科,Elanus,,4,0,白尾鸢 (Elanus leucurus); 黑翅鸢 (Elanus caeruleus); 澳洲鸢 (Elanus axillaris)
Accipitriformes,鹰形目,Accipitridae,"Kites, Old World Vultures, Eagles, and Hawks",鹰科,Erythrotriorchis,,2,0,褐肩鹰 (Erythrotriorchis radiatus); 栗肩鹰 (Erythrotriorchis buergersi)
Accipitriformes,鹰形目,Accipitridae,"Kites, Old World Vultures, Eagles, and Hawks",鹰科,Eutriorchis,,1,0,马岛蛇雕 (Eutriorchis astur)
Accipitriformes,鹰形目,Accipitridae,"Kites, Old World Vultures, Eagles, and Hawks",鹰科,Gampsonyx,,1,0,小鸢 (Gampsonyx swainsonii)
Accipitriformes,鹰形目,Accipitridae,"Kites, Old World Vultures, Eagles, and Hawks",鹰科,Geranoaetus,,3,0,白尾鵟 (Geranoaetus albicaudatus); 红背鵟 (Geranoaetus polyosoma); 鵟雕 (Geranoaetus melanoleucus)
Accipitriformes,鹰形目,Accipitridae,"Kites, Old World Vultures, Eagles, and Hawks",鹰科,Geranospiza,,1,0,鹤鹰 (Geranospiza caerulescens)
Accipitriformes,鹰形目,Accipitridae,"Kites, Old World Vultures, Eagles, and Hawks",鹰科,Gypaetus,,1,0,胡兀鹫 (Gypaetus barbatus)
Accipitriformes,鹰形目,Accipitridae,"Kites, Old World Vultures, Eagles, and Hawks",鹰科,Gypohierax,,1,0,棕榈鹫 (Gypohierax angolensis)
Accipitriformes,鹰形目,Accipitridae,"Kites, Old World Vultures, Eagles, and Hawks",鹰科,Haliastur,,2,0,啸鸢 (Haliastur sphenurus); 栗鸢 (Haliastur indus)
Accipitriformes,鹰形目,Accipitridae,"Kites, Old World Vultures, Eagles, and Hawks",鹰科,Hamirostra,,1,0,黑胸钩嘴鸢 (Hamirostra melanosternon)
Accipitriformes,鹰形目,Accipitridae,"Kites, Old World Vultures, Eagles, and Hawks",鹰科,Harpagus,,2,0,棕腿齿鸢 (Harpagus diodon); 双齿鸢 (Harpagus bidentatus)
Accipitriformes,鹰形目,Accipitridae,"Kites, Old World Vultures, Eagles, and Hawks",鹰科,Harpia,,1,0,角雕 (Harpia harpyja)
Accipitriformes,鹰形目,Accipitridae,"Kites, Old World Vultures, Eagles, and Hawks",鹰科,Harpyopsis,,1,0,新几内亚角雕 (Harpyopsis novaeguineae)
Accipitriformes,鹰形目,Accipitridae,"Kites, Old World Vultures, Eagles, and Hawks",鹰科,Helicolestes,,1,0,黑臀食螺鸢 (Helicolestes hamatus)
Accipitriformes,鹰形目,Accipitridae,"Kites, Old World Vultures, Eagles, and Hawks",鹰科,Henicopernis,,2,0,长尾鵟 (Henicopernis longicauda); 黑长尾鵟 (Henicopernis infuscatus)
Accipitriformes,鹰形目,Accipitridae,"Kites, Old World Vultures, Eagles, and Hawks",鹰科,Hieraaetus,,5,0,细嘴雕 (Hieraaetus wahlbergi); 艾氏隼雕 (Hieraaetus ayresii); 侏隼雕 (Hieraaetus weiskei)
Accipitriformes,鹰形目,Accipitridae,"Kites, Old World Vultures, Eagles, and Hawks",鹰科,Icthyophaga,,6,0,非洲海雕 (Icthyophaga vocifer); 马岛海雕 (Icthyophaga vociferoides); 白腹海雕 (Icthyophaga leucogaster)
Accipitriformes,鹰形目,Accipitridae,"Kites, Old World Vultures, Eagles, and Hawks",鹰科,Ictinaetus,,1,0,林雕 (Ictinaetus malaiensis)
Accipitriformes,鹰形目,Accipitridae,"Kites, Old World Vultures, Eagles, and Hawks",鹰科,Ictinia,,2,0,南美灰鸢 (Ictinia plumbea); 密西西比灰鸢 (Ictinia mississippiensis)
Accipitriformes,鹰形目,Accipitridae,"Kites, Old World Vultures, Eagles, and Hawks",鹰科,Kaupifalco,,1,0,食蜥鵟 (Kaupifalco monogrammicus)
Accipitriformes,鹰形目,Accipitridae,"Kites, Old World Vultures, Eagles, and Hawks",鹰科,Leptodon,,2,0,白领美洲鸢 (Leptodon forbesi); 灰头美洲鸢 (Leptodon cayanensis)
Accipitriformes,鹰形目,Accipitridae,"Kites, Old World Vultures, Eagles, and Hawks",鹰科,Leucopternis,,3,0,淡灰南美鵟 (Leucopternis semiplumbeus); 黑脸南美鵟 (Leucopternis melanops); 白眉南美鵟 (Leucopternis kuhli)
Accipitriformes,鹰形目,Accipitridae,"Kites, Old World Vultures, Eagles, and Hawks",鹰科,Lophaetus,,1,0,长冠鹰雕 (Lophaetus occipitalis)
Accipitriformes,鹰形目,Accipitridae,"Kites, Old World Vultures, Eagles, and Hawks",鹰科,Lophoictinia,,1,0,方尾鸢 (Lophoictinia isura)
Accipitriformes,鹰形目,Accipitridae,"Kites, Old World Vultures, Eagles, and Hawks",鹰科,Lophospiza,,2,0,苏拉威西凤头鹰 (Lophospiza griseiceps); 凤头鹰 (Lophospiza trivirgata)
Accipitriformes,鹰形目,Accipitridae,"Kites, Old World Vultures, Eagles, and Hawks",鹰科,Lophotriorchis,,1,0,棕腹隼雕 (Lophotriorchis kienerii)
Accipitriformes,鹰形目,Accipitridae,"Kites, Old World Vultures, Eagles, and Hawks",鹰科,Macheiramphus,,1,0,食蝠鸢 (Macheiramphus alcinus)
Accipitriformes,鹰形目,Accipitridae,"Kites, Old World Vultures, Eagles, and Hawks",鹰科,Megatriorchis,,1,0,多氏鹰 (Megatriorchis doriae)
Accipitriformes,鹰形目,Accipitridae,"Kites, Old World Vultures, Eagles, and Hawks",鹰科,Melierax,,3,0,暗色歌鹰 (Melierax metabates); 灰歌鹰 (Melierax poliopterus); 淡色歌鹰 (Melierax canorus)
Accipitriformes,鹰形目,Accipitridae,"Kites, Old World Vultures, Eagles, and Hawks",鹰科,Micronisus,,1,0,小歌鹰 (Micronisus gabar)
Accipitriformes,鹰形目,Accipitridae,"Kites, Old World Vultures, Eagles, and Hawks",鹰科,Microspizias,,2,0,半领鹰 (Microspizias collaris); 侏鹰 (Microspizias superciliosus)
Accipitriformes,鹰形目,Accipitridae,"Kites, Old World Vultures, Eagles, and Hawks",鹰科,Milvus,,2,0,赤鸢 (Milvus milvus); 黑鸢 (Milvus migrans)
Accipitriformes,鹰形目,Accipitridae,"Kites, Old World Vultures, Eagles, and Hawks",鹰科,Morphnarchus,,1,0,横斑南美鵟 (Morphnarchus princeps)
Accipitriformes,鹰形目,Accipitridae,"Kites, Old World Vultures, Eagles, and Hawks",鹰科,Morphnus,,1,0,冠雕 (Morphnus guianensis)
Accipitriformes,鹰形目,Accipitridae,"Kites, Old World Vultures, Eagles, and Hawks",鹰科,Necrosyrtes,,1,0,斗篷兀鹫 (Necrosyrtes monachus)
Accipitriformes,鹰形目,Accipitridae,"Kites, Old World Vultures, Eagles, and Hawks",鹰科,Neophron,,1,0,白兀鹫 (Neophron percnopterus)
Accipitriformes,鹰形目,Accipitridae,"Kites, Old World Vultures, Eagles, and Hawks",鹰科,Nisaetus,,10,0,华氏鹰雕 (Nisaetus nanus); 力氏鹰雕 (Nisaetus kelaarti); 鹰雕 (Nisaetus nipalensis)
Accipitriformes,鹰形目,Accipitridae,"Kites, Old World Vultures, Eagles, and Hawks",鹰科,Parabuteo,,2,0,白腰鵟 (Parabuteo leucorrhous); 栗翅鹰 (Parabuteo unicinctus)
Accipitriformes,鹰形目,Accipitridae,"Kites, Old World Vultures, Eagles, and Hawks",鹰科,Pernis,,4,0,鹃头蜂鹰 (Pernis apivorus); 凤头蜂鹰 (Pernis ptilorhynchus); 南洋蜂鹰 (Pernis celebensis)
Accipitriformes,鹰形目,Accipitridae,"Kites, Old World Vultures, Eagles, and Hawks",鹰科,Pithecophaga,,1,0,菲律宾雕 (Pithecophaga jefferyi)
Accipitriformes,鹰形目,Accipitridae,"Kites, Old World Vultures, Eagles, and Hawks",鹰科,Polemaetus,,1,0,猛雕 (Polemaetus bellicosus)
Accipitriformes,鹰形目,Accipitridae,"Kites, Old World Vultures, Eagles, and Hawks",鹰科,Polyboroides,,2,0,马岛鬣鹰 (Polyboroides radiatus); 非洲鬣鹰 (Polyboroides typus)
Accipitriformes,鹰形目,Accipitridae,"Kites, Old World Vultures, Eagles, and Hawks",鹰科,Pseudastur,,3,0,灰背南美鵟 (Pseudastur occidentalis); 白南美鵟 (Pseudastur albicollis); 披风南美鵟 (Pseudastur polionotus)
Accipitriformes,鹰形目,Accipitridae,"Kites, Old World Vultures, Eagles, and Hawks",鹰科,Rostrhamus,,1,0,食螺鸢 (Rostrhamus sociabilis)
Accipitriformes,鹰形目,Accipitridae,"Kites, Old World Vultures, Eagles, and Hawks",鹰科,Rupornis,,1,0,阔嘴鵟 (Rupornis magnirostris)
Accipitriformes,鹰形目,Accipitridae,"Kites, Old World Vultures, Eagles, and Hawks",鹰科,Sarcogyps,,1,0,黑兀鹫 (Sarcogyps calvus)
Accipitriformes,鹰形目,Accipitridae,"Kites, Old World Vultures, Eagles, and Hawks",鹰科,Spilornis,,6,0,尼岛蛇雕 (Spilornis klossi); 苏拉威西蛇雕 (Spilornis rufipectus); 山蛇雕 (Spilornis kinabaluensis)
Accipitriformes,鹰形目,Accipitridae,"Kites, Old World Vultures, Eagles, and Hawks",鹰科,Spizaetus,,4,0,黑鹰雕 (Spizaetus tyrannus); 黑白鹰雕 (Spizaetus melanoleucus); 丽鹰雕 (Spizaetus ornatus)
Accipitriformes,鹰形目,Accipitridae,"Kites, Old World Vultures, Eagles, and Hawks",鹰科,Stephanoaetus,,1,0,非洲冠雕 (Stephanoaetus coronatus)
Accipitriformes,鹰形目,Accipitridae,"Kites, Old World Vultures, Eagles, and Hawks",鹰科,Terathopius,,1,0,短尾雕 (Terathopius ecaudatus)
Accipitriformes,鹰形目,Accipitridae,"Kites, Old World Vultures, Eagles, and Hawks",鹰科,Torgos,,1,0,皱脸秃鹫 (Torgos tracheliotos)
Accipitriformes,鹰形目,Accipitridae,"Kites, Old World Vultures, Eagles, and Hawks",鹰科,Trigonoceps,,1,0,白头秃鹫 (Trigonoceps occipitalis)
Accipitriformes,鹰形目,Accipitridae,"Kites, Old World Vultures, Eagles, and Hawks",鹰科,Urotriorchis,,1,0,非洲长尾鹰 (Urotriorchis macrourus)
Accipitriformes,鹰形目,Pandionidae,Osprey,鹗科,Pandion,,1,0,鹗 (Pandion haliaetus)
Accipitriformes,鹰形目,Sagittariidae,Secretarybird,蛇鹫科,Sagittarius,,1,0,鹭鹰 (Sagittarius serpentarius)
Aegotheliformes,裸鼻鸱目,Aegothelidae,Owlet-nightjars,裸鼻鸱科,Aegotheles,,10,0,新喀裸鼻夜鹰 (Aegotheles savesi); 大裸鼻夜鹰 (Aegotheles insignis); 星斑裸鼻夜鹰 (Aegotheles tatei)
Anseriformes,雁形目,Anatidae,"Ducks, Swans, and Geese",,Alopochen,,3,0,埃及雁 (Alopochen aegyptiaca); 毛里求斯雁 (Alopochen mauritiana); 留尼汪雁 (Alopochen kervazoi)
Anseriformes,雁形目,Anatidae,"Ducks, Swans, and Geese",,Amazonetta,,1,0,巴西凫 (Amazonetta brasiliensis)
Anseriformes,雁形目,Anatidae,"Ducks, Swans, and Geese",,Asarcornis,,1,0,白翅栖鸭 (Asarcornis scutulata)
Anseriformes,雁形目,Anatidae,"Ducks, Swans, and Geese",,Biziura,,1,0,麝鸭 (Biziura lobata)
Anseriformes,雁形目,Anatidae,"Ducks, Swans, and Geese",,Branta,,6,0,黑雁 (Branta bernicla); 红胸黑雁 (Branta ruficollis); 夏威夷黑雁 (Branta sandvicensis)
Anseriformes,雁形目,Anatidae,"Ducks, Swans, and Geese",,Bucephala,,3,0,白枕鹊鸭 (Bucephala albeola); 巴氏鹊鸭 (Bucephala islandica); 鹊鸭 (Bucephala clangula)
Anseriformes,雁形目,Anatidae,"Ducks, Swans, and Geese",,Cairina,,1,0,疣鼻栖鸭 (Cairina moschata)
Anseriformes,雁形目,Anatidae,"Ducks, Swans, and Geese",,Callonetta,,1,0,环颈鸭 (Callonetta leucophrys)
Anseriformes,雁形目,Anatidae,"Ducks, Swans, and Geese",,Camptorhynchus,,1,0,拉布拉多鸭 (Camptorhynchus labradorius)
Anseriformes,雁形目,Anatidae,"Ducks, Swans, and Geese",,Cereopsis,,1,0,澳洲灰雁 (Cereopsis novaehollandiae)
Anseriformes,雁形目,Anatidae,"Ducks, Swans, and Geese",,Chenonetta,,1,0,鬃林鸭 (Chenonetta jubata)
Anseriformes,雁形目,Anatidae,"Ducks, Swans, and Geese",,Chloephaga,,5,0,黑翅草雁 (Chloephaga melanoptera); 斑胁草雁 (Chloephaga picta); 白草雁 (Chloephaga hybrida)
Anseriformes,雁形目,Anatidae,"Ducks, Swans, and Geese",,Clangula,,1,0,长尾鸭 (Clangula hyemalis)
Anseriformes,雁形目,Anatidae,"Ducks, Swans, and Geese",,Coscoroba,,1,0,扁嘴天鹅 (Coscoroba coscoroba)
Anseriformes,雁形目,Anatidae,"Ducks, Swans, and Geese",,Cyanochen,,1,0,蓝翅雁 (Cyanochen cyanoptera)
Anseriformes,雁形目,Anatidae,"Ducks, Swans, and Geese",,Dendrocygna,,8,0,细斑树鸭 (Dendrocygna guttata); 尖羽树鸭 (Dendrocygna eytoni); 白脸树鸭 (Dendrocygna viduata)
Anseriformes,雁形目,Anatidae,"Ducks, Swans, and Geese",,Heteronetta,,1,0,黑头鸭 (Heteronetta atricapilla)
Anseriformes,雁形目,Anatidae,"Ducks, Swans, and Geese",,Histrionicus,,1,0,丑鸭 (Histrionicus histrionicus)
Anseriformes,雁形目,Anatidae,"Ducks, Swans, and Geese",,Hymenolaimus,,1,0,山鸭 (Hymenolaimus malacorhynchos)
Anseriformes,雁形目,Anatidae,"Ducks, Swans, and Geese",,Lophodytes,,1,0,棕胁秋沙鸭 (Lophodytes cucullatus)
Anseriformes,雁形目,Anatidae,"Ducks, Swans, and Geese",,Lophonetta,,1,0,冠鸭 (Lophonetta specularioides)
Anseriformes,雁形目,Anatidae,"Ducks, Swans, and Geese",,Malacorhynchus,,1,0,红耳鸭 (Malacorhynchus membranaceus)
Anseriformes,雁形目,Anatidae,"Ducks, Swans, and Geese",,Melanitta,,6,0,普通海番鸭 (Melanitta nigra); 黑海番鸭 (Melanitta americana); 斑头海番鸭 (Melanitta perspicillata)
Anseriformes,雁形目,Anatidae,"Ducks, Swans, and Geese",,Merganetta,,1,0,湍鸭 (Merganetta armata)
Anseriformes,雁形目,Anatidae,"Ducks, Swans, and Geese",,Neochen,,1,0,绿翅雁 (Neochen jubata)
Anseriformes,雁形目,Anatidae,"Ducks, Swans, and Geese",,Nettapus,,3,0,绿棉凫 (Nettapus pulchellus); 棉凫 (Nettapus coromandelianus); 厚嘴棉凫 (Nettapus auritus)
Anseriformes,雁形目,Anatidae,"Ducks, Swans, and Geese",,Nomonyx,,1,0,花脸硬尾鸭 (Nomonyx dominicus)
Anseriformes,雁形目,Anatidae,"Ducks, Swans, and Geese",,Oxyura,,5,0,白头硬尾鸭 (Oxyura leucocephala); 澳洲硬尾鸭 (Oxyura australis); 非洲硬尾鸭 (Oxyura maccoa)
Anseriformes,雁形目,Anatidae,"Ducks, Swans, and Geese",,Plectropterus,,1,0,距翅雁 (Plectropterus gambensis)
Anseriformes,雁形目,Anatidae,"Ducks, Swans, and Geese",,Polysticta,,1,0,小绒鸭 (Polysticta stelleri)
Anseriformes,雁形目,Anatidae,"Ducks, Swans, and Geese",,Pteronetta,,1,0,黑头凫 (Pteronetta hartlaubii)
Anseriformes,雁形目,Anatidae,"Ducks, Swans, and Geese",,Radjah,,1,0,白腹麻鸭 (Radjah radjah)
Anseriformes,雁形目,Anatidae,"Ducks, Swans, and Geese",,Rhodonessa,,1,0,粉头鸭 (Rhodonessa caryophyllacea)
Anseriformes,雁形目,Anatidae,"Ducks, Swans, and Geese",,Salvadorina,,1,0,花纹鸭 (Salvadorina waigiuensis)
Anseriformes,雁形目,Anatidae,"Ducks, Swans, and Geese",,Somateria,,3,0,白眶绒鸭 (Somateria fischeri); 王绒鸭 (Somateria spectabilis); 欧绒鸭 (Somateria mollissima)
Anseriformes,雁形目,Anatidae,"Ducks, Swans, and Geese",,Spatula,,10,0,白眉鸭 (Spatula querquedula); 南非鸭 (Spatula hottentota); 安第斯银鸭 (Spatula puna)
Anseriformes,雁形目,Anatidae,"Ducks, Swans, and Geese",,Speculanas,,1,0,铜翅鸭 (Speculanas specularis)
Anseriformes,雁形目,Anatidae,"Ducks, Swans, and Geese",,Stictonetta,,1,0,澳洲斑鸭 (Stictonetta naevosa)
Anseriformes,雁形目,Anatidae,"Ducks, Swans, and Geese",,Tachyeres,,4,0,花斑船鸭 (Tachyeres patachonicus); 灰船鸭 (Tachyeres pteneres); 短翅船鸭 (Tachyeres brachypterus)
Anseriformes,雁形目,Anatidae,"Ducks, Swans, and Geese",,Thalassornis,,1,0,白背鸭 (Thalassornis leuconotus)
Anseriformes,雁形目,Anhimidae,Screamers,,Anhima,,1,0,角叫鸭 (Anhima cornuta)
Anseriformes,雁形目,Anhimidae,Screamers,,Chauna,,2,0,黑颈冠叫鸭 (Chauna chavaria); 冠叫鸭 (Chauna torquata)
Anseriformes,雁形目,Anseranatidae,Magpie Goose,,Anseranas,,1,0,鹊雁 (Anseranas semipalmata)
Apodiformes,雨燕目,Apodidae,Swifts,雨燕科,Aerodramus,,24,0,塞舌尔金丝燕 (Aerodramus elaphrus); 小灰腰金丝燕 (Aerodramus francicus); 印度金丝燕 (Aerodramus unicolor)
Apodiformes,雨燕目,Apodidae,Swifts,雨燕科,Aeronautes,,3,0,白喉雨燕 (Aeronautes saxatalis); 白尾梢雨燕 (Aeronautes montivagus); 安第斯雨燕 (Aeronautes andecolus)
Apodiformes,雨燕目,Apodidae,Swifts,雨燕科,Apus,,16,0,暗背雨燕 (Apus acuticauda); Fork-tailed Swift (Apus pacificus); 非洲白腰雨燕 (Apus caffer)
Apodiformes,雨燕目,Apodidae,Swifts,雨燕科,Chaetura,,11,0,淡腰雨燕 (Chaetura cinereiventris); 斑腰雨燕 (Chaetura spinicaudus); 哥斯达黎加雨燕 (Chaetura fumosa)
Apodiformes,雨燕目,Apodidae,Swifts,雨燕科,Collocalia,,11,0,侏金丝燕 (Collocalia troglodytes); 婆罗洲金丝燕 (Collocalia dodgei); 圣诞岛金丝燕 (Collocalia natalis)
Apodiformes,雨燕目,Apodidae,Swifts,雨燕科,Cypseloides,,8,0,黑雨燕 (Cypseloides niger); 白胸黑雨燕 (Cypseloides lemosi); 罗氏黑雨燕 (Cypseloides rothschildi)
Apodiformes,雨燕目,Apodidae,Swifts,雨燕科,Cypsiurus,,3,0,棕雨燕 (Cypsiurus balasiensis); 非洲棕雨燕 (Cypsiurus parvus); 马岛棕雨燕 (Cypsiurus gracilis)
Apodiformes,雨燕目,Apodidae,Swifts,雨燕科,Hydrochous,,1,0,瀑布雨燕 (Hydrochous gigas)
Apodiformes,雨燕目,Apodidae,Swifts,雨燕科,Mearnsia,,2,0,菲律宾针尾雨燕 (Mearnsia picina); 新几内亚针尾雨燕 (Mearnsia novaeguineae)
Apodiformes,雨燕目,Apodidae,Swifts,雨燕科,Neafrapus,,2,0,白腹针尾雨燕 (Neafrapus cassini); 伯氏针尾雨燕 (Neafrapus boehmi)
Apodiformes,雨燕目,Apodidae,Swifts,雨燕科,Panyptila,,2,0,小燕尾雨燕 (Panyptila cayennensis); 大燕尾雨燕 (Panyptila sanctihieronymi)
Apodiformes,雨燕目,Apodidae,Swifts,雨燕科,Rhaphidura,,2,0,萨氏针尾雨燕 (Rhaphidura sabini); 银腰针尾雨燕 (Rhaphidura leucopygialis)
Apodiformes,雨燕目,Apodidae,Swifts,雨燕科,Schoutedenapus,,1,0,珍雨燕 (Schoutedenapus myoptilus)
Apodiformes,雨燕目,Apodidae,Swifts,雨燕科,Streptoprocne,,5,0,栗领黑雨燕 (Streptoprocne rutila); 费氏黑雨燕 (Streptoprocne phelpsi); 白领黑雨燕 (Streptoprocne zonaris)
Apodiformes,雨燕目,Apodidae,Swifts,雨燕科,Tachornis,,3,0,西印棕雨燕 (Tachornis phoenicobia); 侏棕雨燕 (Tachornis furcata); 叉尾棕雨燕 (Tachornis squamata)
Apodiformes,雨燕目,Apodidae,Swifts,雨燕科,Tachymarptis,,2,0,杂斑雨燕 (Tachymarptis aequatorialis); 高山雨燕 (Tachymarptis melba)
Apodiformes,雨燕目,Apodidae,Swifts,雨燕科,Telacanthura,,2,0,黑针尾雨燕 (Telacanthura melanopygia); 斑喉针尾雨燕 (Telacanthura ussheri)
Apodiformes,雨燕目,Apodidae,Swifts,雨燕科,Zoonavena,,3,0,马岛针尾雨燕 (Zoonavena grandidieri); 圣多美针尾雨燕 (Zoonavena thomensis); 白腰针尾雨燕 (Zoonavena sylvatica)
Apodiformes,雨燕目,Trochilidae,Hummingbirds,蜂鸟科,Abeillia,,1,0,翠颏蜂鸟 (Abeillia abeillei)
Apodiformes,雨燕目,Trochilidae,Hummingbirds,蜂鸟科,Adelomyia,,1,0,鳞斑蜂鸟 (Adelomyia melanogenys)
Apodiformes,雨燕目,Trochilidae,Hummingbirds,蜂鸟科,Aglaeactis,,4,0,闪羽蜂鸟 (Aglaeactis cupripennis); 辉胸闪羽蜂鸟 (Aglaeactis castelnaudii); 紫背闪羽蜂鸟 (Aglaeactis aliciae)
Apodiformes,雨燕目,Trochilidae,Hummingbirds,蜂鸟科,Aglaiocercus,,3,0,长尾蜂鸟 (Aglaiocercus kingii); 紫长尾蜂鸟 (Aglaiocercus coelestis); 南美长尾蜂鸟 (Aglaiocercus berlepschi)
Apodiformes,雨燕目,Trochilidae,Hummingbirds,蜂鸟科,Amazilia,,4,0,桂红蜂鸟 (Amazilia rutila); 棕腹蜂鸟 (Amazilia yucatanensis); 棕尾蜂鸟 (Amazilia tzacatl)
Apodiformes,雨燕目,Trochilidae,Hummingbirds,蜂鸟科,Amazilis,,1,0,艳蜂鸟 (Amazilis amazilia)
Apodiformes,雨燕目,Trochilidae,Hummingbirds,蜂鸟科,Androdon,,1,0,齿嘴蜂鸟 (Androdon aequatorialis)
Apodiformes,雨燕目,Trochilidae,Hummingbirds,蜂鸟科,Anopetia,,1,0,阔尾隐蜂鸟 (Anopetia gounellei)
Apodiformes,雨燕目,Trochilidae,Hummingbirds,蜂鸟科,Anthocephala,,2,0,花顶蜂鸟 (Anthocephala floriceps); 托利马花顶蜂鸟 (Anthocephala berlepschi)
Apodiformes,雨燕目,Trochilidae,Hummingbirds,蜂鸟科,Anthracothorax,,8,0,牙买加芒果蜂鸟 (Anthracothorax mango); 黑喉芒果蜂鸟 (Anthracothorax nigricollis); 绿喉芒果蜂鸟 (Anthracothorax viridigula)
Apodiformes,雨燕目,Trochilidae,Hummingbirds,蜂鸟科,Archilochus,,2,0,红喉北蜂鸟 (Archilochus colubris); 黑颏北蜂鸟 (Archilochus alexandri)
Apodiformes,雨燕目,Trochilidae,Hummingbirds,蜂鸟科,Augastes,,2,0,妆脸蜂鸟 (Augastes lumachella); 紫蓝妆脸蜂鸟 (Augastes scutatus)
Apodiformes,雨燕目,Trochilidae,Hummingbirds,蜂鸟科,Avocettula,,1,0,翘嘴蜂鸟 (Avocettula recurvirostris)
Apodiformes,雨燕目,Trochilidae,Hummingbirds,蜂鸟科,Basilinna,,2,0,赞氏蜂鸟 (Basilinna xantusii); 白耳蜂鸟 (Basilinna leucotis)
Apodiformes,雨燕目,Trochilidae,Hummingbirds,蜂鸟科,Boissonneaua,,3,0,黄尾冕蜂鸟 (Boissonneaua flavescens); 栗胸冕蜂鸟 (Boissonneaua matthewsii); 紫冕蜂鸟 (Boissonneaua jardini)
Apodiformes,雨燕目,Trochilidae,Hummingbirds,蜂鸟科,Calliphlox,,1,0,紫辉林星蜂鸟 (Calliphlox amethystina)
Apodiformes,雨燕目,Trochilidae,Hummingbirds,蜂鸟科,Calothorax,,2,0,瑰丽蜂鸟 (Calothorax lucifer); 华丽蜂鸟 (Calothorax pulcher)
Apodiformes,雨燕目,Trochilidae,Hummingbirds,蜂鸟科,Calypte,,2,0,安氏蜂鸟 (Calypte anna); 科氏蜂鸟 (Calypte costae)
Apodiformes,雨燕目,Trochilidae,Hummingbirds,蜂鸟科,Campylopterus,,10,0,灰胸刀翅蜂鸟 (Campylopterus largipennis); 干旱林刀翅蜂鸟 (Campylopterus calcirupicola); 迪亚曼蒂纳刀翅蜂鸟 (Campylopterus diamantinensis)
Apodiformes,雨燕目,Trochilidae,Hummingbirds,蜂鸟科,Chaetocercus,,6,0,白腹林蜂鸟 (Chaetocercus mulsant); 小林蜂鸟 (Chaetocercus bombus); 粉髯林蜂鸟 (Chaetocercus heliodor)
Apodiformes,雨燕目,Trochilidae,Hummingbirds,蜂鸟科,Chalcostigma,,5,0,棕顶尖嘴蜂鸟 (Chalcostigma ruficeps); 绿尖嘴蜂鸟 (Chalcostigma olivaceum); 蓝背尖嘴蜂鸟 (Chalcostigma stanleyi)
Apodiformes,雨燕目,Trochilidae,Hummingbirds,蜂鸟科,Chalybura,,2,0,斑胸棕尾蜂鸟 (Chalybura urochrysia); 白腹棕尾蜂鸟 (Chalybura buffonii)
Apodiformes,雨燕目,Trochilidae,Hummingbirds,蜂鸟科,Chionomesa,,2,0,蓝喉蜂鸟 (Chionomesa lactea); 辉喉蜂鸟 (Chionomesa fimbriata)
Apodiformes,雨燕目,Trochilidae,Hummingbirds,蜂鸟科,Chlorestes,,5,0,白腹绿蜂鸟 (Chlorestes candida); 蓝喉红嘴蜂鸟 (Chlorestes eliciae); 白颊红嘴蜂鸟 (Chlorestes cyanus)
Apodiformes,雨燕目,Trochilidae,Hummingbirds,蜂鸟科,Chlorostilbon,,10,0,蓝尾翠蜂鸟 (Chlorostilbon mellisugus); 奇里翠蜂鸟 (Chlorostilbon olivaresi); 红嘴翠蜂鸟 (Chlorostilbon gibsoni)
Apodiformes,雨燕目,Trochilidae,Hummingbirds,蜂鸟科,Chrysolampis,,1,0,金喉红顶蜂鸟 (Chrysolampis mosquitus)
Apodiformes,雨燕目,Trochilidae,Hummingbirds,蜂鸟科,Chrysuronia,,10,0,虹彩蜂鸟 (Chrysuronia versicolor); 辉绿蜂鸟 (Chrysuronia goudoti); 金尾蜂鸟 (Chrysuronia oenone)
Apodiformes,雨燕目,Trochilidae,Hummingbirds,蜂鸟科,Coeligena,,15,0,铜色星额蜂鸟 (Coeligena coeligena); 褐星额蜂鸟 (Coeligena wilsoni); 黑星额蜂鸟 (Coeligena prunellei)
Apodiformes,雨燕目,Trochilidae,Hummingbirds,蜂鸟科,Colibri,,5,0,白腹紫耳蜂鸟 (Colibri serrirostris); 辉紫耳蜂鸟 (Colibri coruscans); 褐紫耳蜂鸟 (Colibri delphinae)
Apodiformes,雨燕目,Trochilidae,Hummingbirds,蜂鸟科,Cynanthus,,6,0,阔嘴蜂鸟 (Cynanthus latirostris); 三圣岛蜂鸟 (Cynanthus lawrencei); 青绿阔嘴蜂鸟 (Cynanthus doubledayi)
Apodiformes,雨燕目,Trochilidae,Hummingbirds,蜂鸟科,Discosura,,5,0,翎冠刺尾蜂鸟 (Discosura popelairii); 黑腹刺尾蜂鸟 (Discosura langsdorffi); 铜色刺尾蜂鸟 (Discosura letitiae)
Apodiformes,雨燕目,Trochilidae,Hummingbirds,蜂鸟科,Doricha,,2,0,细剪尾蜂鸟 (Doricha enicura); 墨西哥剪尾蜂鸟 (Doricha eliza)
Apodiformes,雨燕目,Trochilidae,Hummingbirds,蜂鸟科,Doryfera,,2,0,绿额矛嘴蜂鸟 (Doryfera ludovicae); 蓝额矛嘴蜂鸟 (Doryfera johannae)
Apodiformes,雨燕目,Trochilidae,Hummingbirds,蜂鸟科,Elliotomyia,,2,0,绿尾蜂鸟 (Elliotomyia viridicauda); 白腹蜂鸟 (Elliotomyia chionogaster)
Apodiformes,雨燕目,Trochilidae,Hummingbirds,蜂鸟科,Ensifera,,1,0,剑嘴蜂鸟 (Ensifera ensifera)
Apodiformes,雨燕目,Trochilidae,Hummingbirds,蜂鸟科,Eriocnemis,,11,0,黑胸毛腿蜂鸟 (Eriocnemis nigrivestis); 伊莎毛腿蜂鸟 (Eriocnemis isabellae); 紫颏毛腿蜂鸟 (Eriocnemis vestita)
Apodiformes,雨燕目,Trochilidae,Hummingbirds,蜂鸟科,Eugenes,,2,0,大蜂鸟 (Eugenes fulgens); 高地大蜂鸟 (Eugenes spectabilis)
Apodiformes,雨燕目,Trochilidae,Hummingbirds,蜂鸟科,Eulampis,,2,0,紫喉蜂鸟 (Eulampis jugularis); 绿喉蜂鸟 (Eulampis holosericeus)
Apodiformes,雨燕目,Trochilidae,Hummingbirds,蜂鸟科,Eulidia,,1,0,智利蜂鸟 (Eulidia yarrellii)
Apodiformes,雨燕目,Trochilidae,Hummingbirds,蜂鸟科,Eupetomena,,2,0,暗色刀翅蜂鸟 (Eupetomena cirrochloris); 燕尾刀翅蜂鸟 (Eupetomena macroura)
Apodiformes,雨燕目,Trochilidae,Hummingbirds,蜂鸟科,Eupherusa,,5,0,墨西哥妍蜂鸟 (Eupherusa ridgwayi); 白尾蜂鸟 (Eupherusa poliocerca); 蓝顶蜂鸟 (Eupherusa cyanophrys)
Apodiformes,雨燕目,Trochilidae,Hummingbirds,蜂鸟科,Eutoxeres,,2,0,黄尾镰嘴蜂鸟 (Eutoxeres condamini); 白尾尖镰嘴蜂鸟 (Eutoxeres aquila)
Apodiformes,雨燕目,Trochilidae,Hummingbirds,蜂鸟科,Florisuga,,2,0,黑蜂鸟 (Florisuga fusca); 白颈蜂鸟 (Florisuga mellivora)
Apodiformes,雨燕目,Trochilidae,Hummingbirds,蜂鸟科,Glaucis,,3,0,钩嘴铜色蜂鸟 (Glaucis dohrnii); 铜色蜂鸟 (Glaucis aeneus); 棕胸铜色蜂鸟 (Glaucis hirsutus)
Apodiformes,雨燕目,Trochilidae,Hummingbirds,蜂鸟科,Goldmania,,2,0,紫顶蜂鸟 (Goldmania violiceps); 棕颊蜂鸟 (Goldmania bella)
Apodiformes,雨燕目,Trochilidae,Hummingbirds,蜂鸟科,Haplophaedia,,3,0,淡绿蓬腿蜂鸟 (Haplophaedia aureliae); 黄腿蓬腿蜂鸟 (Haplophaedia assimilis); 苍蓬腿蜂鸟 (Haplophaedia lugens)
Apodiformes,雨燕目,Trochilidae,Hummingbirds,蜂鸟科,Heliactin,,1,0,角蜂鸟 (Heliactin bilophus)
Apodiformes,雨燕目,Trochilidae,Hummingbirds,蜂鸟科,Heliangelus,,9,0,橙喉领蜂鸟 (Heliangelus mavors); 龙氏领蜂鸟 (Heliangelus clarisse); 梅里达领蜂鸟 (Heliangelus spencei)
Apodiformes,雨燕目,Trochilidae,Hummingbirds,蜂鸟科,Heliodoxa,,10,0,黑眉辉蜂鸟 (Heliodoxa xanthogonys); 粉喉辉蜂鸟 (Heliodoxa gularis); 棕甲辉蜂鸟 (Heliodoxa branickii)
Apodiformes,雨燕目,Trochilidae,Hummingbirds,蜂鸟科,Heliomaster,,4,0,长嘴星喉蜂鸟 (Heliomaster longirostris); 纯顶星喉蜂鸟 (Heliomaster constantii); 纹胸星喉蜂鸟 (Heliomaster squamosus)
Apodiformes,雨燕目,Trochilidae,Hummingbirds,蜂鸟科,Heliothryx,,2,0,紫冠仙蜂鸟 (Heliothryx barroti); 黑耳仙蜂鸟 (Heliothryx auritus)
Apodiformes,雨燕目,Trochilidae,Hummingbirds,蜂鸟科,Hylocharis,,2,0,棕喉红嘴蜂鸟 (Hylocharis sapphirina); 金红嘴蜂鸟 (Hylocharis chrysura)
Apodiformes,雨燕目,Trochilidae,Hummingbirds,蜂鸟科,Hylonympha,,1,0,剪尾蜂鸟 (Hylonympha macrocerca)
Apodiformes,雨燕目,Trochilidae,Hummingbirds,蜂鸟科,Klais,,1,0,紫头蜂鸟 (Klais guimeti)
Apodiformes,雨燕目,Trochilidae,Hummingbirds,蜂鸟科,Lafresnaya,,1,0,绒胸蜂鸟 (Lafresnaya lafresnayi)
Apodiformes,雨燕目,Trochilidae,Hummingbirds,蜂鸟科,Lampornis,,7,0,绿喉宝石蜂鸟 (Lampornis viridipallens); 绿胸宝石蜂鸟 (Lampornis sybillae); 辉紫喉宝石蜂鸟 (Lampornis amethystinus)
Apodiformes,雨燕目,Trochilidae,Hummingbirds,蜂鸟科,Lamprolaima,,1,0,红喉蜂鸟 (Lamprolaima rhami)
Apodiformes,雨燕目,Trochilidae,Hummingbirds,蜂鸟科,Lesbia,,2,0,黑带尾蜂鸟 (Lesbia victoriae); 绿带尾蜂鸟 (Lesbia nuna)
Apodiformes,雨燕目,Trochilidae,Hummingbirds,蜂鸟科,Leucippus,,1,0,淡黄蜂鸟 (Leucippus fallax)
Apodiformes,雨燕目,Trochilidae,Hummingbirds,蜂鸟科,Leucochloris,,1,0,白喉蜂鸟 (Leucochloris albicollis)
Apodiformes,雨燕目,Trochilidae,Hummingbirds,蜂鸟科,Loddigesia,,1,0,叉扇尾蜂鸟 (Loddigesia mirabilis)
Apodiformes,雨燕目,Trochilidae,Hummingbirds,蜂鸟科,Lophornis,,11,0,缨冠蜂鸟 (Lophornis ornatus); 斑耳冠蜂鸟 (Lophornis gouldii); 纹颈冠蜂鸟 (Lophornis magnificus)
Apodiformes,雨燕目,Trochilidae,Hummingbirds,蜂鸟科,Mellisuga,,2,0,吸蜜蜂鸟 (Mellisuga helenae); 小吸蜜蜂鸟 (Mellisuga minima)
Apodiformes,雨燕目,Trochilidae,Hummingbirds,蜂鸟科,Metallura,,9,0,佩里辉尾蜂鸟 (Metallura iracunda); 紫辉尾蜂鸟 (Metallura tyrianthina); 翠绿辉尾蜂鸟 (Metallura williami)
Apodiformes,雨燕目,Trochilidae,Hummingbirds,蜂鸟科,Microchera,,3,0,白顶蜂鸟 (Microchera albocoronata); 铜头丽蜂鸟 (Microchera cupreiceps); 白尾丽蜂鸟 (Microchera chionura)
Apodiformes,雨燕目,Trochilidae,Hummingbirds,蜂鸟科,Microstilbon,,1,0,细尾林星蜂鸟 (Microstilbon burmeisteri)
Apodiformes,雨燕目,Trochilidae,Hummingbirds,蜂鸟科,Myrmia,,1,0,短尾蜂鸟 (Myrmia micrura)
Apodiformes,雨燕目,Trochilidae,Hummingbirds,蜂鸟科,Myrtis,,1,0,紫领蜂鸟 (Myrtis fanny)
Apodiformes,雨燕目,Trochilidae,Hummingbirds,蜂鸟科,Nesophlox,,2,0,巴哈马林星蜂鸟 (Nesophlox evelynae); 易那圭林星蜂鸟 (Nesophlox lyrura)
Apodiformes,雨燕目,Trochilidae,Hummingbirds,蜂鸟科,Ocreatus,,3,0,盘尾蜂鸟 (Ocreatus underwoodii); 秘鲁盘尾蜂鸟 (Ocreatus peruanus); 棕靴盘尾蜂鸟 (Ocreatus addae)
Apodiformes,雨燕目,Trochilidae,Hummingbirds,蜂鸟科,Opisthoprora,,1,0,反嘴蜂鸟 (Opisthoprora euryptera)
Apodiformes,雨燕目,Trochilidae,Hummingbirds,蜂鸟科,Oreonympha,,1,0,须蜂鸟 (Oreonympha nobilis)
Apodiformes,雨燕目,Trochilidae,Hummingbirds,蜂鸟科,Oreotrochilus,,7,0,紫巾山蜂鸟 (Oreotrochilus chimborazo); 蓝喉山蜂鸟 (Oreotrochilus cyanolaemus); 绿头山蜂鸟 (Oreotrochilus stolzmanni)
Apodiformes,雨燕目,Trochilidae,Hummingbirds,蜂鸟科,Orthorhyncus,,1,0,凤头蜂鸟 (Orthorhyncus cristatus)
Apodiformes,雨燕目,Trochilidae,Hummingbirds,蜂鸟科,Oxypogon,,4,0,蓝髯蜂鸟 (Oxypogon cyanolaemus); 白髯蜂鸟 (Oxypogon lindenii); 髯蜂鸟 (Oxypogon guerinii)
Apodiformes,雨燕目,Trochilidae,Hummingbirds,蜂鸟科,Pampa,,2,0,棕刀翅蜂鸟 (Pampa rufa); 弯翅刀翅蜂鸟 (Pampa curvipennis)
Apodiformes,雨燕目,Trochilidae,Hummingbirds,蜂鸟科,Panterpe,,1,0,火喉蜂鸟 (Panterpe insignis)
Apodiformes,雨燕目,Trochilidae,Hummingbirds,蜂鸟科,Patagona,,1,0,巨蜂鸟 (Patagona gigas)
Apodiformes,雨燕目,Trochilidae,Hummingbirds,蜂鸟科,Phaeochroa,,1,0,鳞胸刀翅蜂鸟 (Phaeochroa cuvierii)
Apodiformes,雨燕目,Trochilidae,Hummingbirds,蜂鸟科,Phaeoptila,,1,0,暗阔嘴蜂鸟 (Phaeoptila sordida)
Apodiformes,雨燕目,Trochilidae,Hummingbirds,蜂鸟科,Phaethornis,,27,0,白髯隐蜂鸟 (Phaethornis hispidus); 白须隐蜂鸟 (Phaethornis yaruqui); 绿隐蜂鸟 (Phaethornis guy)
Apodiformes,雨燕目,Trochilidae,Hummingbirds,蜂鸟科,Philodice,,2,0,紫喉林星蜂鸟 (Philodice mitchellii); 红喉林星蜂鸟 (Philodice bryantae)
Apodiformes,雨燕目,Trochilidae,Hummingbirds,蜂鸟科,Phlogophilus,,2,0,厄瓜多尔斑尾蜂鸟 (Phlogophilus hemileucurus); 秘鲁斑尾蜂鸟 (Phlogophilus harterti)
Apodiformes,雨燕目,Trochilidae,Hummingbirds,蜂鸟科,Polyerata,,3,0,紫胸蜂鸟 (Polyerata rosenbergi); 蓝胸蜂鸟 (Polyerata amabilis); 娇蜂鸟 (Polyerata decora)
Apodiformes,雨燕目,Trochilidae,Hummingbirds,蜂鸟科,Polyonymus,,1,0,铜尾彗星蜂鸟 (Polyonymus caroli)
Apodiformes,雨燕目,Trochilidae,Hummingbirds,蜂鸟科,Polytmus,,3,0,白尾金喉蜂鸟 (Polytmus guainumbi); 黑嘴金喉蜂鸟 (Polytmus milleri); 绿尾金喉蜂鸟 (Polytmus theresiae)
Apodiformes,雨燕目,Trochilidae,Hummingbirds,蜂鸟科,Pterophanes,,1,0,蓝翅大蜂鸟 (Pterophanes cyanopterus)
Apodiformes,雨燕目,Trochilidae,Hummingbirds,蜂鸟科,Ramosomyia,,2,0,紫冠蜂鸟 (Ramosomyia violiceps); 绿额蜂鸟 (Ramosomyia viridifrons)
Apodiformes,雨燕目,Trochilidae,Hummingbirds,蜂鸟科,Ramphodon,,1,0,锯嘴蜂鸟 (Ramphodon naevius)
Apodiformes,雨燕目,Trochilidae,Hummingbirds,蜂鸟科,Ramphomicron,,2,0,黑背刺嘴蜂鸟 (Ramphomicron dorsale); 紫背刺嘴蜂鸟 (Ramphomicron microrhynchum)
Apodiformes,雨燕目,Trochilidae,Hummingbirds,蜂鸟科,Rhodopis,,1,0,绿洲蜂鸟 (Rhodopis vesper)
Apodiformes,雨燕目,Trochilidae,Hummingbirds,蜂鸟科,Riccordia,,5,0,古巴翠蜂鸟 (Riccordia ricordii); 布雷氏翠蜂鸟 (Riccordia bracei); 中美翠蜂鸟 (Riccordia swainsonii)
Apodiformes,雨燕目,Trochilidae,Hummingbirds,蜂鸟科,Sappho,,1,0,红尾彗星蜂鸟 (Sappho sparganurus)
Apodiformes,雨燕目,Trochilidae,Hummingbirds,蜂鸟科,Saucerottia,,11,0,红嘴蜂鸟 (Saucerottia cyanocephala); 蓝臀蜂鸟 (Saucerottia hoffmanni); 绿蜂鸟 (Saucerottia beryllina)
Apodiformes,雨燕目,Trochilidae,Hummingbirds,蜂鸟科,Schistes,,2,0,白喉楔嘴蜂鸟 (Schistes albogularis); 楔嘴蜂鸟 (Schistes geoffroyi)
Apodiformes,雨燕目,Trochilidae,Hummingbirds,蜂鸟科,Selasphorus,,9,0,星蜂鸟 (Selasphorus calliope); 棕煌蜂鸟 (Selasphorus rufus); 艾氏煌蜂鸟 (Selasphorus sasin)
Apodiformes,雨燕目,Trochilidae,Hummingbirds,蜂鸟科,Sephanoides,,2,0,绿背火冠蜂鸟 (Sephanoides sephaniodes); 火冠蜂鸟 (Sephanoides fernandensis)
Apodiformes,雨燕目,Trochilidae,Hummingbirds,蜂鸟科,Stephanoxis,,2,0,绿凤冠蜂鸟 (Stephanoxis lalandi); 紫凤冠蜂鸟 (Stephanoxis loddigesii)
Apodiformes,雨燕目,Trochilidae,Hummingbirds,蜂鸟科,Sternoclyta,,1,0,紫罗兰胸蜂鸟 (Sternoclyta cyanopectus)
Apodiformes,雨燕目,Trochilidae,Hummingbirds,蜂鸟科,Talaphorus,,1,0,绿斑蜂鸟 (Talaphorus chlorocercus)
Apodiformes,雨燕目,Trochilidae,Hummingbirds,蜂鸟科,Taphrolesbia,,1,0,灰嘴彗星蜂鸟 (Taphrolesbia griseiventris)
Apodiformes,雨燕目,Trochilidae,Hummingbirds,蜂鸟科,Taphrospilus,,1,0,点斑蜂鸟 (Taphrospilus hypostictus)
Apodiformes,雨燕目,Trochilidae,Hummingbirds,蜂鸟科,Thalurania,,4,0,紫顶妍蜂鸟 (Thalurania glaucopis); 长尾妍蜂鸟 (Thalurania watertonii); 蓝顶妍蜂鸟 (Thalurania colombica)
Apodiformes,雨燕目,Trochilidae,Hummingbirds,蜂鸟科,Thaumasius,,2,0,斑喉蜂鸟 (Thaumasius taczanowskii); 秘鲁蜂鸟 (Thaumasius baeri)
Apodiformes,雨燕目,Trochilidae,Hummingbirds,蜂鸟科,Thaumastura,,1,0,矛尾蜂鸟 (Thaumastura cora)
Apodiformes,雨燕目,Trochilidae,Hummingbirds,蜂鸟科,Threnetes,,3,0,斑尾髭喉蜂鸟 (Threnetes ruckeri); 淡尾髭喉蜂鸟 (Threnetes leucurus); 暗色髭喉蜂鸟 (Threnetes niger)
Apodiformes,雨燕目,Trochilidae,Hummingbirds,蜂鸟科,Tilmatura,,1,0,火尾蜂鸟 (Tilmatura dupontii)
Apodiformes,雨燕目,Trochilidae,Hummingbirds,蜂鸟科,Topaza,,2,0,火红叉尾蜂鸟 (Topaza pyra); 赤叉尾蜂鸟 (Topaza pella)
Apodiformes,雨燕目,Trochilidae,Hummingbirds,蜂鸟科,Trochilus,,2,0,红嘴长尾蜂鸟 (Trochilus polytmus); 黑嘴长尾蜂鸟 (Trochilus scitulus)
Apodiformes,雨燕目,Trochilidae,Hummingbirds,蜂鸟科,Uranomitra,,1,0,安第斯蜂鸟 (Uranomitra franciae)
Apodiformes,雨燕目,Trochilidae,Hummingbirds,蜂鸟科,Urochroa,,2,0,褐颊白尾蜂鸟 (Urochroa bougueri); 铜腰白尾蜂鸟 (Urochroa leucura)
Apodiformes,雨燕目,Trochilidae,Hummingbirds,蜂鸟科,Urosticte,,2,0,白尾梢蜂鸟 (Urosticte benjamini); 棕臀白尾梢蜂鸟 (Urosticte ruficrissa)
Apterygiformes,几维目,Apterygidae,Kiwis,,Apteryx,,5,0,小斑几维 (Apteryx owenii); 大斑几维 (Apteryx maxima); 褐几维 (Apteryx australis)
Bucerotiformes,犀鸟目,Bucerotidae,Hornbills,,Anthracoceros,,5,0,黑斑犀鸟 (Anthracoceros malayanus); 黑嘴斑犀鸟 (Anthracoceros montani); 印度冠斑犀鸟 (Anthracoceros coronatus)
Bucerotiformes,犀鸟目,Bucerotidae,Hornbills,,Berenicornis,,1,0,白冠犀鸟 (Berenicornis comatus)
Bucerotiformes,犀鸟目,Bucerotidae,Hornbills,,Bucorvus,,2,0,地犀鸟 (Bucorvus abyssinicus); 红脸地犀鸟 (Bucorvus leadbeateri)
Bucerotiformes,犀鸟目,Bucerotidae,Hornbills,,Bycanistes,,6,0,银颊噪犀鸟 (Bycanistes brevis); 黑白噪犀鸟 (Bycanistes subcylindricus); 褐颊噪犀鸟 (Bycanistes cylindricus)
Bucerotiformes,犀鸟目,Bucerotidae,Hornbills,,Ceratogymna,,2,0,黄盔噪犀鸟 (Ceratogymna elata); 黑盔噪犀鸟 (Ceratogymna atrata)
Bucerotiformes,犀鸟目,Bucerotidae,Hornbills,,Horizocerus,,4,0,西白冠弯嘴犀鸟 (Horizocerus albocristatus); 东白冠弯嘴犀鸟 (Horizocerus cassini); 西黑弯嘴犀鸟 (Horizocerus hartlaubi)
Bucerotiformes,犀鸟目,Bucerotidae,Hornbills,,Lophoceros,,8,0,红弯嘴犀鸟 (Lophoceros camurus); 冕弯嘴犀鸟 (Lophoceros alboterminatus); 南非弯嘴犀鸟 (Lophoceros bradfieldi)
Bucerotiformes,犀鸟目,Bucerotidae,Hornbills,,Ocyceros,,3,0,灰犀鸟 (Ocyceros birostris); 印度灰犀鸟 (Ocyceros griseus); 斯里兰卡灰犀鸟 (Ocyceros gingalensis)
Bucerotiformes,犀鸟目,Bucerotidae,Hornbills,,Penelopides,,5,0,棕尾犀鸟 (Penelopides panini); 吕宋犀鸟 (Penelopides manillae); 民岛犀鸟 (Penelopides mindorensis)
Bucerotiformes,犀鸟目,Bucerotidae,Hornbills,,Rhabdotorrhinus,,4,0,白颊犀鸟 (Rhabdotorrhinus exarhatus); 皱盔犀鸟 (Rhabdotorrhinus corrugatus); 红头犀鸟 (Rhabdotorrhinus waldeni)
Bucerotiformes,犀鸟目,Bucerotidae,Hornbills,,Rhinoplax,,1,0,盔犀鸟 (Rhinoplax vigil)
Bucerotiformes,犀鸟目,Bucerotidae,Hornbills,,Tockus,,10,0,黄弯嘴犀鸟 (Tockus flavirostris); 南黄弯嘴犀鸟 (Tockus leucomelas); 杰氏弯嘴犀鸟 (Tockus jacksoni)
Bucerotiformes,犀鸟目,Phoeniculidae,Wood Hoopoes and Scimitarbills,,Phoeniculus,,4,0,绿林戴胜 (Phoeniculus purpureus); 紫林戴胜 (Phoeniculus damarensis); 黑嘴林戴胜 (Phoeniculus somaliensis)
Bucerotiformes,犀鸟目,Phoeniculidae,Wood Hoopoes and Scimitarbills,,Rhinopomastus,,4,0,Forest Wood Hoopoe (Rhinopomastus castaneiceps); 黑弯嘴林戴胜 (Rhinopomastus aterrimus); 弯嘴林戴胜 (Rhinopomastus cyanomelas)
Bucerotiformes,犀鸟目,Upupidae,Hoopoes,,Upupa,,3,0,戴胜 (Upupa epops); 马岛戴胜 (Upupa marginata); 圣赫勒拿岛戴胜 (Upupa antaios)
Caprimulgiformes,夜鹰目,Caprimulgidae,Nightjars and Nighthawks,夜鹰科,Antiurus,,1,0,白斑尾夜鹰 (Antiurus maculicaudus)
Caprimulgiformes,夜鹰目,Caprimulgidae,Nightjars and Nighthawks,夜鹰科,Antrostomus,,12,0,卡氏夜鹰 (Antrostomus carolinensis); 棕夜鹰 (Antrostomus rufus); 古巴夜鹰 (Antrostomus cubanensis)
Caprimulgiformes,夜鹰目,Caprimulgidae,Nightjars and Nighthawks,夜鹰科,Caprimulgus,,39,0,翎翅夜鹰 (Caprimulgus vexillarius); 旗翅夜鹰 (Caprimulgus longipennis); 红颈夜鹰 (Caprimulgus ruficollis)
Caprimulgiformes,夜鹰目,Caprimulgidae,Nightjars and Nighthawks,夜鹰科,Chordeiles,,6,0,纳昆达夜鹰 (Chordeiles nacunda); 小白喉夜鹰 (Chordeiles pusillus); 沙色夜鹰 (Chordeiles rupestris)
Caprimulgiformes,夜鹰目,Caprimulgidae,Nightjars and Nighthawks,夜鹰科,Eleothreptus,,2,0,镰翅夜鹰 (Eleothreptus anomalus); 白翅夜鹰 (Eleothreptus candicans)
Caprimulgiformes,夜鹰目,Caprimulgidae,Nightjars and Nighthawks,夜鹰科,Eurostopodus,,7,0,斑毛腿夜鹰 (Eurostopodus argus); 所罗门毛腿夜鹰 (Eurostopodus nigripennis); 新喀毛腿夜鹰 (Eurostopodus exul)
Caprimulgiformes,夜鹰目,Caprimulgidae,Nightjars and Nighthawks,夜鹰科,Gactornis,,1,0,领夜鹰 (Gactornis enarratus)
Caprimulgiformes,夜鹰目,Caprimulgidae,Nightjars and Nighthawks,夜鹰科,Hydropsalis,,4,0,白尾夜鹰 (Hydropsalis cayennensis); 梯尾夜鹰 (Hydropsalis climacocerca); 剪尾夜鹰 (Hydropsalis torquata)
Caprimulgiformes,夜鹰目,Caprimulgidae,Nightjars and Nighthawks,夜鹰科,Lurocalis,,2,0,棕腹夜鹰 (Lurocalis rufiventris); 半领夜鹰 (Lurocalis semitorquatus)
Caprimulgiformes,夜鹰目,Caprimulgidae,Nightjars and Nighthawks,夜鹰科,Lyncornis,,2,0,马来毛腿夜鹰 (Lyncornis temminckii); 毛腿耳夜鹰 (Lyncornis macrotis)
Caprimulgiformes,夜鹰目,Caprimulgidae,Nightjars and Nighthawks,夜鹰科,Nyctidromus,,2,0,灌丛夜鹰 (Nyctidromus anthonyi); 帕拉夜鹰 (Nyctidromus albicollis)
Caprimulgiformes,夜鹰目,Caprimulgidae,Nightjars and Nighthawks,夜鹰科,Nyctiphrynus,,4,0,耳夜鹰 (Nyctiphrynus mcleodii); 尤卡坦夜鹰 (Nyctiphrynus yucatanicus); 黑夜鹰 (Nyctiphrynus ocellatus)
Caprimulgiformes,夜鹰目,Caprimulgidae,Nightjars and Nighthawks,夜鹰科,Nyctipolus,,2,0,暗色夜鹰 (Nyctipolus nigrescens); 侏夜鹰 (Nyctipolus hirundinaceus)
Caprimulgiformes,夜鹰目,Caprimulgidae,Nightjars and Nighthawks,夜鹰科,Nyctiprogne,,2,0,巴伊亚夜鹰 (Nyctiprogne vielliardi); 斑尾夜鹰 (Nyctiprogne leucopyga)
Caprimulgiformes,夜鹰目,Caprimulgidae,Nightjars and Nighthawks,夜鹰科,Phalaenoptilus,,1,0,北美小夜鹰 (Phalaenoptilus nuttallii)
Caprimulgiformes,夜鹰目,Caprimulgidae,Nightjars and Nighthawks,夜鹰科,Quechuavis,,1,0,小斑翅夜鹰 (Quechuavis decussata)
Caprimulgiformes,夜鹰目,Caprimulgidae,Nightjars and Nighthawks,夜鹰科,Setopagis,,3,0,托氏夜鹰 (Setopagis heterura); 小夜鹰 (Setopagis parvula); 卡宴夜鹰 (Setopagis maculosa)
Caprimulgiformes,夜鹰目,Caprimulgidae,Nightjars and Nighthawks,夜鹰科,Siphonorhis,,2,0,牙买加夜鹰 (Siphonorhis americana); 中美夜鹰 (Siphonorhis brewsteri)
Caprimulgiformes,夜鹰目,Caprimulgidae,Nightjars and Nighthawks,夜鹰科,Systellura,,1,0,斑翅夜鹰 (Systellura longirostris)
Caprimulgiformes,夜鹰目,Caprimulgidae,Nightjars and Nighthawks,夜鹰科,Tepuiornis,,1,0,委内瑞拉夜鹰 (Tepuiornis whitelyi)
Caprimulgiformes,夜鹰目,Caprimulgidae,Nightjars and Nighthawks,夜鹰科,Uropsalis,,2,0,小燕尾夜鹰 (Uropsalis segmentata); 大燕尾夜鹰 (Uropsalis lyra)
Caprimulgiformes,夜鹰目,Caprimulgidae,Nightjars and Nighthawks,夜鹰科,Veles,,1,0,非洲褐夜鹰 (Veles binotatus)
Cariamiformes,叫鹤目,Cariamidae,Seriemas,,Cariama,,1,0,红腿叫鹤 (Cariama cristata)
Cariamiformes,叫鹤目,Cariamidae,Seriemas,,Chunga,,1,0,黑腿叫鹤 (Chunga burmeisteri)
Casuariiformes,鹤鸵目,Casuariidae,Emu and Cassowaries,,Casuarius,,3,0,双垂鹤鸵 (Casuarius casuarius); 侏鹤鸵 (Casuarius bennetti); 单垂鹤鸵 (Casuarius unappendiculatus)
Casuariiformes,鹤鸵目,Casuariidae,Emu and Cassowaries,,Dromaius,,1,0,鸸鹋 (Dromaius novaehollandiae)
Cathartiformes,美洲鹫目,Cathartidae,New World Vultures,,Cathartes,,3,0,红头美洲鹫 (Cathartes aura); 小黄头美洲鹫 (Cathartes burrovianus); 大黄头美洲鹫 (Cathartes melambrotus)
Cathartiformes,美洲鹫目,Cathartidae,New World Vultures,,Coragyps,,1,0,黑头美洲鹫 (Coragyps atratus)
Cathartiformes,美洲鹫目,Cathartidae,New World Vultures,,Gymnogyps,,1,0,加州神鹫 (Gymnogyps californianus)
Cathartiformes,美洲鹫目,Cathartidae,New World Vultures,,Sarcoramphus,,1,0,王鹫 (Sarcoramphus papa)
Cathartiformes,美洲鹫目,Cathartidae,New World Vultures,,Vultur,,1,0,安第斯神鹫 (Vultur gryphus)
Charadriiformes,鸻形目,Alcidae,"Auks, Puffins, and Murres",海雀科,Aethia,,4,0,小海雀 (Aethia pusilla); 须海雀 (Aethia pygmaea); 凤头海雀 (Aethia cristatella)
Charadriiformes,鸻形目,Alcidae,"Auks, Puffins, and Murres",海雀科,Alca,,1,0,刀嘴海雀 (Alca torda)
Charadriiformes,鸻形目,Alcidae,"Auks, Puffins, and Murres",海雀科,Alle,,1,0,黑头海雀 (Alle alle)
Charadriiformes,鸻形目,Alcidae,"Auks, Puffins, and Murres",海雀科,Brachyramphus,,3,0,长嘴斑海雀 (Brachyramphus perdix); 云石斑海雀 (Brachyramphus marmoratus); 小嘴斑海雀 (Brachyramphus brevirostris)
Charadriiformes,鸻形目,Alcidae,"Auks, Puffins, and Murres",海雀科,Cepphus,,3,0,白翅斑海鸽 (Cepphus grylle); 白眶海鸽 (Cepphus carbo); 海鸽 (Cepphus columba)
Charadriiformes,鸻形目,Alcidae,"Auks, Puffins, and Murres",海雀科,Cerorhinca,,1,0,角嘴海雀 (Cerorhinca monocerata)
Charadriiformes,鸻形目,Alcidae,"Auks, Puffins, and Murres",海雀科,Fratercula,,3,0,簇羽海鹦 (Fratercula cirrhata); 北极海鹦 (Fratercula arctica); 角海鹦 (Fratercula corniculata)
Charadriiformes,鸻形目,Alcidae,"Auks, Puffins, and Murres",海雀科,Pinguinus,,1,0,大海雀 (Pinguinus impennis)
Charadriiformes,鸻形目,Alcidae,"Auks, Puffins, and Murres",海雀科,Ptychoramphus,,1,0,海雀 (Ptychoramphus aleuticus)
Charadriiformes,鸻形目,Alcidae,"Auks, Puffins, and Murres",海雀科,Synthliboramphus,,5,0,冠海雀 (Synthliboramphus wumizusume); 扁嘴海雀 (Synthliboramphus antiquus); 克氏海雀 (Synthliboramphus craveri)
Charadriiformes,鸻形目,Alcidae,"Auks, Puffins, and Murres",海雀科,Uria,,2,0,厚嘴崖海鸦 (Uria lomvia); 崖海鸦 (Uria aalge)
Charadriiformes,鸻形目,Burhinidae,Thick-knees and Stone-curlews,,Burhinus,,6,0,长尾石鸻 (Burhinus grallarius); 斑石鸻 (Burhinus capensis); 水石鸻 (Burhinus vermiculatus)
Charadriiformes,鸻形目,Burhinidae,Thick-knees and Stone-curlews,,Esacus,,2,0,澳洲石鸻 (Esacus magnirostris); 大石鸻 (Esacus recurvirostris)
Charadriiformes,鸻形目,Burhinidae,Thick-knees and Stone-curlews,,Hesperoburhinus,,2,0,秘鲁石鸻 (Hesperoburhinus superciliaris); 双纹石鸻 (Hesperoburhinus bistriatus)
Charadriiformes,鸻形目,Charadriidae,Plovers and Lapwings,,Charadrius,,4,0,双领鸻 (Charadrius vociferus); 剑鸻 (Charadrius hiaticula); 半蹼鸻 (Charadrius semipalmatus)
Charadriiformes,鸻形目,Charadriidae,Plovers and Lapwings,,Erythrogonys,,1,0,红膝麦鸡 (Erythrogonys cinctus)
Charadriiformes,鸻形目,Charadriidae,Plovers and Lapwings,,Eudromias,,1,0,小嘴鸻 (Eudromias morinellus)
Charadriiformes,鸻形目,Charadriidae,Plovers and Lapwings,,Hoploxypterus,,1,0,杂色麦鸡 (Hoploxypterus cayanus)
Charadriiformes,鸻形目,Charadriidae,Plovers and Lapwings,,Oreopholus,,1,0,橙喉鸻 (Oreopholus ruficollis)
Charadriiformes,鸻形目,Charadriidae,Plovers and Lapwings,,Peltohyas,,1,0,澳洲小嘴鸻 (Peltohyas australis)
Charadriiformes,鸻形目,Charadriidae,Plovers and Lapwings,,Phegornis,,1,0,黑顶鸻 (Phegornis mitchellii)
Charadriiformes,鸻形目,Charadriidae,Plovers and Lapwings,,Zonibyx,,1,0,棕胸鸻 (Zonibyx modestus)
Charadriiformes,鸻形目,Chionidae,Sheathbills,,Chionis,,2,0,白鞘嘴鸥 (Chionis albus); 黑脸鞘嘴鸥 (Chionis minor)
Charadriiformes,鸻形目,Dromadidae,Crab-Plover,,Dromas,,1,0,蟹鸻 (Dromas ardeola)
Charadriiformes,鸻形目,Glareolidae,Coursers and Pratincoles,,Cursorius,,5,0,黑腹走鸻 (Cursorius temminckii); 印度走鸻 (Cursorius coromandelicus); 沙色走鸻 (Cursorius cursor)
Charadriiformes,鸻形目,Glareolidae,Coursers and Pratincoles,,Rhinoptilus,,3,0,铜翅走鸻 (Rhinoptilus chalcopterus); 约氏走鸻 (Rhinoptilus bitorquatus); 栗颈走鸻 (Rhinoptilus cinctus)
Charadriiformes,鸻形目,Glareolidae,Coursers and Pratincoles,,Smutsornis,,1,0,双领斑走鸻 (Smutsornis africanus)
Charadriiformes,鸻形目,Haematopodidae,Oystercatchers,,Haematopus,,12,0,智利蛎鹬 (Haematopus leucopodus); 南美黑蛎鹬 (Haematopus ater); 北美黑蛎鹬 (Haematopus bachmani)
Charadriiformes,鸻形目,Jacanidae,Jacanas,,Actophilornis,,2,0,非洲雉鸻 (Actophilornis africanus); 马岛雉鸻 (Actophilornis albinucha)
Charadriiformes,鸻形目,Jacanidae,Jacanas,,Irediparra,,1,0,冠水雉 (Irediparra gallinacea)
Charadriiformes,鸻形目,Jacanidae,Jacanas,,Jacana,,2,0,美洲水雉 (Jacana spinosa); 肉垂水雉 (Jacana jacana)
Charadriiformes,鸻形目,Jacanidae,Jacanas,,Microparra,,1,0,小雉鸻 (Microparra capensis)
Charadriiformes,鸻形目,Laridae,"Skimmers, Noddies, Terns, and Gulls",,Anous,,5,0,白顶玄燕鸥 (Anous stolidus); 小玄燕鸥 (Anous tenuirostris); 玄燕鸥 (Anous minutus)
Charadriiformes,鸻形目,Laridae,"Skimmers, Noddies, Terns, and Gulls",,Creagrus,,1,0,燕尾鸥 (Creagrus furcatus)
Charadriiformes,鸻形目,Laridae,"Skimmers, Noddies, Terns, and Gulls",,Gelochelidon,,2,0,澳洲鸥嘴噪鸥 (Gelochelidon macrotarsa); 鸥嘴噪鸥 (Gelochelidon nilotica)
Charadriiformes,鸻形目,Laridae,"Skimmers, Noddies, Terns, and Gulls",,Gygis,,3,0,白燕鸥 (Gygis alba); Blue-billed White Tern (Gygis candida); Little White Tern (Gygis microrhyncha)
Charadriiformes,鸻形目,Laridae,"Skimmers, Noddies, Terns, and Gulls",,Larosterna,,1,0,印加燕鸥 (Larosterna inca)
Charadriiformes,鸻形目,Laridae,"Skimmers, Noddies, Terns, and Gulls",,Leucophaeus,,5,0,豚鸥 (Leucophaeus scoresbii); 灰鸥 (Leucophaeus modestus); 笑鸥 (Leucophaeus atricilla)
Charadriiformes,鸻形目,Laridae,"Skimmers, Noddies, Terns, and Gulls",,Pagophila,,1,0,白鸥 (Pagophila eburnea)
Charadriiformes,鸻形目,Laridae,"Skimmers, Noddies, Terns, and Gulls",,Phaetusa,,1,0,巨嘴燕鸥 (Phaetusa simplex)
Charadriiformes,鸻形目,Laridae,"Skimmers, Noddies, Terns, and Gulls",,Rhodostethia,,1,0,楔尾鸥 (Rhodostethia rosea)
Charadriiformes,鸻形目,Laridae,"Skimmers, Noddies, Terns, and Gulls",,Rissa,,2,0,红腿三趾鸥 (Rissa brevirostris); 三趾鸥 (Rissa tridactyla)
Charadriiformes,鸻形目,Laridae,"Skimmers, Noddies, Terns, and Gulls",,Rynchops,,3,0,非洲剪嘴鸥 (Rynchops flavirostris); 剪嘴鸥 (Rynchops albicollis); 黑剪嘴鸥 (Rynchops niger)
Charadriiformes,鸻形目,Laridae,"Skimmers, Noddies, Terns, and Gulls",,Sternula,,7,0,西非燕鸥 (Sternula balaenarum); 眼斑燕鸥 (Sternula nereis); 白额燕鸥 (Sternula albifrons)
Charadriiformes,鸻形目,Laridae,"Skimmers, Noddies, Terns, and Gulls",,Xema,,1,0,叉尾鸥 (Xema sabini)
Charadriiformes,鸻形目,Pedionomidae,Plains-wanderer,,Pedionomus,,1,0,领鹑 (Pedionomus torquatus)
Charadriiformes,鸻形目,Pluvianellidae,Magellanic Plover,,Pluvianellus,,1,0,短腿鸻 (Pluvianellus socialis)
Charadriiformes,鸻形目,Pluvianidae,Egyptian Plover,,Pluvianus,,1,0,蓝腿燕鸻 (Pluvianus aegyptius)
Charadriiformes,鸻形目,Recurvirostridae,Stilts and Avocets,,Cladorhynchus,,1,0,斑长脚鹬 (Cladorhynchus leucocephalus)
Charadriiformes,鸻形目,Rostratulidae,Painted-Snipes,,Nycticryphes,,1,0,半领彩鹬 (Nycticryphes semicollaris)
Charadriiformes,鸻形目,Rostratulidae,Painted-Snipes,,Rostratula,,2,0,彩鹬 (Rostratula benghalensis); 澳洲彩鹬 (Rostratula australis)
Charadriiformes,鸻形目,Scolopacidae,Sandpipers and Allies,,Arenaria,,2,0,黑翻石鹬 (Arenaria melanocephala); 翻石鹬 (Arenaria interpres)
Charadriiformes,鸻形目,Scolopacidae,Sandpipers and Allies,,Bartramia,,1,0,高原鹬 (Bartramia longicauda)
Charadriiformes,鸻形目,Scolopacidae,Sandpipers and Allies,,Coenocorypha,,5,0,北岛沙锥 (Coenocorypha barrierensis); 南岛沙锥 (Coenocorypha iredalei); 查岛沙锥 (Coenocorypha pusilla)
Charadriiformes,鸻形目,Scolopacidae,Sandpipers and Allies,,Limosa,,4,0,斑尾塍鹬 (Limosa lapponica); 黑尾塍鹬 (Limosa limosa); 云斑塍鹬 (Limosa fedoa)
Charadriiformes,鸻形目,Scolopacidae,Sandpipers and Allies,,Lymnocryptes,,1,0,姬鹬 (Lymnocryptes minimus)
Charadriiformes,鸻形目,Scolopacidae,Sandpipers and Allies,,Phalaropus,,3,0,细嘴瓣蹼鹬 (Phalaropus tricolor); 灰瓣蹼鹬 (Phalaropus fulicarius); 红颈瓣蹼鹬 (Phalaropus lobatus)
Charadriiformes,鸻形目,Scolopacidae,Sandpipers and Allies,,Prosobonia,,4,0,圣诞岛鹬 (Prosobonia cancellata); 大溪地矶鹬 (Prosobonia leucoptera); 莫岛矶鹬 (Prosobonia ellisi)
Charadriiformes,鸻形目,Stercorariidae,Jaegers and Skuas,,Stercorarius,,7,0,短尾贼鸥 (Stercorarius parasiticus); 长尾贼鸥 (Stercorarius longicaudus); 中贼鸥 (Stercorarius pomarinus)
Charadriiformes,鸻形目,Thinocoridae,Seedsnipes,,Attagis,,2,0,白腹籽鹬 (Attagis malouinus); 棕腹籽鹬 (Attagis gayi)
Charadriiformes,鸻形目,Thinocoridae,Seedsnipes,,Thinocorus,,2,0,灰胸籽鹬 (Thinocorus orbignyianus); 小籽鹬 (Thinocorus rumicivorus)
Charadriiformes,鸻形目,Turnicidae,Buttonquail,,Ortyxelos,,1,0,白翅三趾鹑 (Ortyxelos meiffrenii)
Charadriiformes,鸻形目,Turnicidae,Buttonquail,,Turnix,,17,0,黄脚三趾鹑 (Turnix tanki); 红背三趾鹑 (Turnix maculosus); 棕三趾鹑 (Turnix suscitator)
Ciconiiformes,鹳形目,Ciconiidae,Storks,,Anastomus,,2,0,钳嘴鹳 (Anastomus oscitans); 非洲钳嘴鹳 (Anastomus lamelligerus)
Ciconiiformes,鹳形目,Ciconiidae,Storks,,Ephippiorhynchus,,2,0,鞍嘴鹳 (Ephippiorhynchus senegalensis); 黑颈鹳 (Ephippiorhynchus asiaticus)
Ciconiiformes,鹳形目,Ciconiidae,Storks,,Jabiru,,1,0,裸颈鹳 (Jabiru mycteria)
Coliiformes,鼠鸟目,Coliidae,Mousebirds,,Colius,,4,0,斑鼠鸟 (Colius striatus); 白头鼠鸟 (Colius leucocephalus); 红背鼠鸟 (Colius castanotus)
Coliiformes,鼠鸟目,Coliidae,Mousebirds,,Urocolius,,2,0,红脸鼠鸟 (Urocolius indicus); 蓝枕鼠鸟 (Urocolius macrourus)
Columbiformes,鸽形目,Columbidae,Doves and Pigeons,,Alectroenas,,4,0,模里西斯蓝鸠 (Alectroenas nitidissimus); 马岛蓝鸠 (Alectroenas madagascariensis); 科摩罗蓝鸠 (Alectroenas sganzini)
Columbiformes,鸽形目,Columbidae,Doves and Pigeons,,Aplopelia,,1,0,非洲鸽 (Aplopelia larvata)
Columbiformes,鸽形目,Columbidae,Doves and Pigeons,,Caloenas,,2,0,点斑绿鸠 (Caloenas maculata); 尼柯巴鸠 (Caloenas nicobarica)
Columbiformes,鸽形目,Columbidae,Doves and Pigeons,,Chalcophaps,,3,0,绿翅金鸠 (Chalcophaps indica); 太平洋金鸠 (Chalcophaps longirostris); 褐背金鸠 (Chalcophaps stephani)
Columbiformes,鸽形目,Columbidae,Doves and Pigeons,,Claravis,,1,0,蓝地鸠 (Claravis pretiosa)
Columbiformes,鸽形目,Columbidae,Doves and Pigeons,,Columbina,,9,0,印加地鸠 (Columbina inca); 地鸠 (Columbina passerina); 纯胸地鸠 (Columbina minuta)
Columbiformes,鸽形目,Columbidae,Doves and Pigeons,,Cryptophaps,,1,0,苏拉威西乌鸠 (Cryptophaps poecilorrhoa)
Columbiformes,鸽形目,Columbidae,Doves and Pigeons,,Didunculus,,1,0,齿嘴鸠 (Didunculus strigirostris)
Columbiformes,鸽形目,Columbidae,Doves and Pigeons,,Ducula,,42,0,红腹皇鸠 (Ducula poliocephala); 斑尾皇鸠 (Ducula forsteni); 红喉皇鸠 (Ducula mindorensis)
Columbiformes,鸽形目,Columbidae,Doves and Pigeons,,Ectopistes,,1,0,旅鸽 (Ectopistes migratorius)
Columbiformes,鸽形目,Columbidae,Doves and Pigeons,,Gallicolumba,,7,0,黄胸鸡鸠 (Gallicolumba tristigmata); 红喉鸡鸠 (Gallicolumba rufigula); 民都洛鸡鸠 (Gallicolumba platenae)
Columbiformes,鸽形目,Columbidae,Doves and Pigeons,,Geophaps,,3,0,冠翎鹑鸠 (Geophaps plumifera); 鹑鸠 (Geophaps scripta); 裸眼鹑鸠 (Geophaps smithii)
Columbiformes,鸽形目,Columbidae,Doves and Pigeons,,Geotrygon,,9,0,蓝冠鹑鸠 (Geotrygon purpurata); 青冠鹑鸠 (Geotrygon saphirina); 凤头鹑鸠 (Geotrygon versicolor)
Columbiformes,鸽形目,Columbidae,Doves and Pigeons,,Goura,,4,0,蓝凤冠鸠 (Goura cristata); 斯氏凤冠鸠 (Goura sclaterii); 紫胸凤冠鸠 (Goura scheepmakeri)
Columbiformes,鸽形目,Columbidae,Doves and Pigeons,,Gymnophaps,,4,0,裸眶山鸠 (Gymnophaps albertisii); 长尾山鸠 (Gymnophaps mada); 塞兰山鸠 (Gymnophaps stalkeri)
Columbiformes,鸽形目,Columbidae,Doves and Pigeons,,Hemiphaga,,2,0,查岛鸠 (Hemiphaga chathamensis); 新西兰鸠 (Hemiphaga novaeseelandiae)
Columbiformes,鸽形目,Columbidae,Doves and Pigeons,,Henicophaps,,2,0,栗顶地鸽 (Henicophaps foersteri); 白顶地鸽 (Henicophaps albifrons)
Columbiformes,鸽形目,Columbidae,Doves and Pigeons,,Leptotila,,10,0,白额棕翅鸠 (Leptotila verreauxi); 白腹棕翅鸠 (Leptotila jamaicensis); 灰胸棕翅鸠 (Leptotila cassinii)
Columbiformes,鸽形目,Columbidae,Doves and Pigeons,,Leptotrygon,,1,0,绿背鹑鸠 (Leptotrygon veraguensis)
Columbiformes,鸽形目,Columbidae,Doves and Pigeons,,Leucosarcia,,1,0,巨地鸠 (Leucosarcia melanoleuca)
Columbiformes,鸽形目,Columbidae,Doves and Pigeons,,Lopholaimus,,1,0,髻鸠 (Lopholaimus antarcticus)
Columbiformes,鸽形目,Columbidae,Doves and Pigeons,,Macropygia,,15,0,斑尾鹃鸠 (Macropygia unchall); 褐鹃鸠 (Macropygia phasianella); 弗洛勒斯海鹃鸠 (Macropygia macassariensis)
Columbiformes,鸽形目,Columbidae,Doves and Pigeons,,Megaloprepia,,2,0,红胸果鸠 (Megaloprepia formosa); 巨果鸠 (Megaloprepia magnifica)
Columbiformes,鸽形目,Columbidae,Doves and Pigeons,,Metriopelia,,4,0,裸脸地鸠 (Metriopelia ceciliae); 裸眶地鸠 (Metriopelia morenoi); 黑翅地鸠 (Metriopelia melanoptera)
Columbiformes,鸽形目,Columbidae,Doves and Pigeons,,Microgoura,,1,0,冕鸠 (Microgoura meeki)
Columbiformes,鸽形目,Columbidae,Doves and Pigeons,,Nesoenas,,3,0,马岛斑鸠 (Nesoenas picturatus); 粉红鸽 (Nesoenas mayeri); 罗岛蓝鸠 (Nesoenas rodericanus)
Columbiformes,鸽形目,Columbidae,Doves and Pigeons,,Ocyphaps,,1,0,冠鸠 (Ocyphaps lophotes)
Columbiformes,鸽形目,Columbidae,Doves and Pigeons,,Oena,,1,0,小长尾鸠 (Oena capensis)
Columbiformes,鸽形目,Columbidae,Doves and Pigeons,,Otidiphaps,,1,0,雉鸠 (Otidiphaps nobilis)
Columbiformes,鸽形目,Columbidae,Doves and Pigeons,,Pampusana,,13,0,韦岛鸡鸠 (Pampusana hoedtii); 睦鸡鸠 (Pampusana stairi); 圣岛鸡鸠 (Pampusana sanctaecrucis)
Columbiformes,鸽形目,Columbidae,Doves and Pigeons,,Paraclaravis,,2,0,紫翅地鸠 (Paraclaravis geoffroyi); 紫胸地鸠 (Paraclaravis mondetoura)
Columbiformes,鸽形目,Columbidae,Doves and Pigeons,,Patagioenas,,17,0,淡腹鸽 (Patagioenas cayennensis); 鳞斑鸽 (Patagioenas speciosa); 鳞枕鸽 (Patagioenas squamosa)
Columbiformes,鸽形目,Columbidae,Doves and Pigeons,,Petrophassa,,2,0,栗翅岩鸠 (Petrophassa rufipennis); 白翅岩鸠 (Petrophassa albipennis)
Columbiformes,鸽形目,Columbidae,Doves and Pigeons,,Pezophaps,,1,0,罗德里格斯渡渡鸟 (Pezophaps solitaria)
Columbiformes,鸽形目,Columbidae,Doves and Pigeons,,Phapitreron,,4,0,小褐果鸠 (Phapitreron leucotis); 大褐果鸠 (Phapitreron amethystinus); 棉岛褐果鸠 (Phapitreron brunneiceps)
Columbiformes,鸽形目,Columbidae,Doves and Pigeons,,Phaps,,3,0,铜翅鸠 (Phaps chalcoptera); 灌丛铜翅鸠 (Phaps elegans); 聚群铜翅鸠 (Phaps histrionica)
Columbiformes,鸽形目,Columbidae,Doves and Pigeons,,Ptilinopus,,47,0,黑背果鸠 (Ptilinopus cinctus); 黑斑果鸠 (Ptilinopus alligator); 红枕果鸠 (Ptilinopus dohertyi)
Columbiformes,鸽形目,Columbidae,Doves and Pigeons,,Ramphiculus,,9,0,栗耳果鸠 (Ramphiculus occipitalis); 黑耳果鸠 (Ramphiculus marchei); 梅氏果鸠 (Ramphiculus merrilli)
Columbiformes,鸽形目,Columbidae,Doves and Pigeons,,Raphus,,1,0,渡渡鸟 (Raphus cucullatus)
Columbiformes,鸽形目,Columbidae,Doves and Pigeons,,Reinwardtoena,,3,0,赤灰长尾鸠 (Reinwardtoena reinwardti); 黑白长尾鸠 (Reinwardtoena browni); 凤头长尾鸠 (Reinwardtoena crassirostris)
Columbiformes,鸽形目,Columbidae,Doves and Pigeons,,Spilopelia,,2,0,珠颈斑鸠 (Spilopelia chinensis); 棕斑鸠 (Spilopelia senegalensis)
Columbiformes,鸽形目,Columbidae,Doves and Pigeons,,Starnoenas,,1,0,蓝头鹑鸠 (Starnoenas cyanocephala)
Columbiformes,鸽形目,Columbidae,Doves and Pigeons,,Treron,,29,0,小绿鸠 (Treron olax); 红颈绿鸠 (Treron vernans); 棕头绿鸠 (Treron fulvicollis)
Columbiformes,鸽形目,Columbidae,Doves and Pigeons,,Trugon,,1,0,厚嘴地鸠 (Trugon terrestris)
Columbiformes,鸽形目,Columbidae,Doves and Pigeons,,Turacoena,,3,0,白脸蕉鸠 (Turacoena manadensis); 苏拉蕉鸠 (Turacoena sulaensis); 黑蕉鸠 (Turacoena modesta)
Columbiformes,鸽形目,Columbidae,Doves and Pigeons,,Turtur,,5,0,白胸森鸠 (Turtur tympanistria); 蓝头森鸠 (Turtur brehmeri); 蓝斑森鸠 (Turtur afer)
Columbiformes,鸽形目,Columbidae,Doves and Pigeons,,Uropelia,,1,0,长尾地鸠 (Uropelia campestris)
Columbiformes,鸽形目,Columbidae,Doves and Pigeons,,Zenaida,,7,0,南美哀鸽 (Zenaida meloda); 白翅哀鸽 (Zenaida asiatica); 索岛哀鸽 (Zenaida graysoni)
Columbiformes,鸽形目,Columbidae,Doves and Pigeons,,Zentrygon,,8,0,卡氏鹑鸠 (Zentrygon carrikeri); 黄额鹑鸠 (Zentrygon costaricensis); 紫背鹑鸠 (Zentrygon lawrencii)
Coraciiformes,佛法僧目,Alcedinidae,Kingfishers,,Actenoides,,6,0,须翡翠 (Actenoides bougainvillei); 栗领翡翠 (Actenoides concretus); 斑林翡翠 (Actenoides lindsayi)
Coraciiformes,佛法僧目,Alcedinidae,Kingfishers,,Caridonax,,1,0,白腰翡翠 (Caridonax fulgidus)
Coraciiformes,佛法僧目,Alcedinidae,Kingfishers,,Ceryle,,1,0,斑鱼狗 (Ceryle rudis)
Coraciiformes,佛法僧目,Alcedinidae,Kingfishers,,Ceyx,,23,0,蓝翠鸟 (Ceyx azureus); 俾岛翠鸟 (Ceyx websteri); 蓝胸翠鸟 (Ceyx cyanopectus)
Coraciiformes,佛法僧目,Alcedinidae,Kingfishers,,Chloroceryle,,4,0,亚马逊绿鱼狗 (Chloroceryle amazona); 侏绿鱼狗 (Chloroceryle aenea); 绿鱼狗 (Chloroceryle americana)
Coraciiformes,佛法僧目,Alcedinidae,Kingfishers,,Cittura,,2,0,苏拉威西蓝耳翠鸟 (Cittura cyanotis); 桑岛蓝耳翠鸟 (Cittura sanghirensis)
Coraciiformes,佛法僧目,Alcedinidae,Kingfishers,,Corythornis,,4,0,马岛小翠鸟 (Corythornis madagascariensis); 白腹翠鸟 (Corythornis leucogaster); 马岛翠鸟 (Corythornis vintsioides)
Coraciiformes,佛法僧目,Alcedinidae,Kingfishers,,Dacelo,,5,0,笑翠鸟 (Dacelo novaeguineae); 蓝翅笑翠鸟 (Dacelo leachii); 披肩笑翠鸟 (Dacelo tyro)
Coraciiformes,佛法僧目,Alcedinidae,Kingfishers,,Ispidina,,2,0,红头小翠鸟 (Ispidina lecontei); 粉颊小翠鸟 (Ispidina picta)
Coraciiformes,佛法僧目,Alcedinidae,Kingfishers,,Lacedo,,1,0,横斑翠鸟 (Lacedo pulchella)
Coraciiformes,佛法僧目,Alcedinidae,Kingfishers,,Megaceryle,,4,0,白腹鱼狗 (Megaceryle alcyon); 棕腹鱼狗 (Megaceryle torquata); 大鱼狗 (Megaceryle maxima)
Coraciiformes,佛法僧目,Alcedinidae,Kingfishers,,Melidora,,1,0,钩嘴翠鸟 (Melidora macrorrhina)
Coraciiformes,佛法僧目,Alcedinidae,Kingfishers,,Pelargopsis,,3,0,褐翅翡翠 (Pelargopsis amauroptera); 鹳嘴翡翠 (Pelargopsis capensis); 大嘴翡翠 (Pelargopsis melanorhyncha)
Coraciiformes,佛法僧目,Alcedinidae,Kingfishers,,Syma,,2,0,山黄嘴翡翠 (Syma megarhyncha); 黄嘴翡翠 (Syma torotoro)
Coraciiformes,佛法僧目,Alcedinidae,Kingfishers,,Tanysiptera,,9,0,阿鲁仙翡翠 (Tanysiptera hydrocharis); 普通仙翡翠 (Tanysiptera galatea); 黑翅仙翡翠 (Tanysiptera ellioti)
Coraciiformes,佛法僧目,Alcedinidae,Kingfishers,,Todiramphus,,29,0,蓝黑翡翠 (Todiramphus nigrocyaneus); 菲律宾翡翠 (Todiramphus winchelli); 摩鹿加翡翠 (Todiramphus diops)
Coraciiformes,佛法僧目,Brachypteraciidae,Ground Rollers,,Atelornis,,2,0,地三宝鸟 (Atelornis pittoides); 栗头地三宝鸟 (Atelornis crossleyi)
Coraciiformes,佛法僧目,Brachypteraciidae,Ground Rollers,,Brachypteracias,,1,0,短腿地三宝鸟 (Brachypteracias leptosomus)
Coraciiformes,佛法僧目,Brachypteraciidae,Ground Rollers,,Geobiastes,,1,0,鳞斑地三宝鸟 (Geobiastes squamiger)
Coraciiformes,佛法僧目,Brachypteraciidae,Ground Rollers,,Uratelornis,,1,0,长尾地三宝鸟 (Uratelornis chimaera)
Coraciiformes,佛法僧目,Coraciidae,Rollers,,Eurystomus,,4,0,蓝喉三宝鸟 (Eurystomus gularis); 阔嘴三宝鸟 (Eurystomus glaucurus); 翠蓝三宝鸟 (Eurystomus azureus)
Coraciiformes,佛法僧目,Meropidae,Bee-eaters,,Meropogon,,1,0,须蜂虎 (Meropogon forsteni)
Coraciiformes,佛法僧目,Meropidae,Bee-eaters,,Nyctyornis,,2,0,赤须夜蜂虎 (Nyctyornis amictus); 蓝须夜蜂虎 (Nyctyornis athertoni)
Coraciiformes,佛法僧目,Momotidae,Motmots,,Aspatha,,1,0,蓝喉翠鴗 (Aspatha gularis)
Coraciiformes,佛法僧目,Momotidae,Motmots,,Baryphthengus,,2,0,棕顶翠鴗 (Baryphthengus ruficapillus); 棕翠鴗 (Baryphthengus martii)
Coraciiformes,佛法僧目,Momotidae,Motmots,,Electron,,2,0,隆嘴翠鴗 (Electron carinatum); 阔嘴翠鴗 (Electron platyrhynchum)
Coraciiformes,佛法僧目,Momotidae,Motmots,,Eumomota,,1,0,绿眉翠鴗 (Eumomota superciliosa)
Coraciiformes,佛法僧目,Momotidae,Motmots,,Hylomanes,,1,0,短尾翠鴗 (Hylomanes momotula)
Coraciiformes,佛法僧目,Momotidae,Motmots,,Momotus,,7,0,锈顶翠鴗 (Momotus mexicanus); 蓝顶翠鴗 (Momotus coeruliceps); 雷氏翠鴗 (Momotus lessonii)
Coraciiformes,佛法僧目,Todidae,Todies,,Todus,,5,0,杂色短尾鴗 (Todus multicolor); 阔嘴短尾鴗 (Todus subulatus); 狭嘴短尾鴗 (Todus angustirostris)
Cuculiformes,鹃形目,Cuculidae,Cuckoos,,Cacomantis,,11,0,栗胸杜鹃 (Cacomantis castaneiventris); 扇尾杜鹃 (Cacomantis flabelliformis); 栗斑杜鹃 (Cacomantis sonneratii)
Cuculiformes,鹃形目,Cuculidae,Cuckoos,,Caliechthrus,,1,0,白顶噪鹃 (Caliechthrus leucolophus)
Cuculiformes,鹃形目,Cuculidae,Cuckoos,,Carpococcyx,,3,0,苏门答腊地鹃 (Carpococcyx viridis); 地鹃 (Carpococcyx radiceus); 瑞氏红嘴地鹃 (Carpococcyx renauldi)
Cuculiformes,鹃形目,Cuculidae,Cuckoos,,Centropus,,28,0,黄头鸦鹃 (Centropus milo); 杂色鸦鹃 (Centropus ateralbus); 比岛鸦鹃 (Centropus chalybeus)
Cuculiformes,鹃形目,Cuculidae,Cuckoos,,Cercococcyx,,3,0,暗色长尾鹃 (Cercococcyx mechowi); 绿长尾鹃 (Cercococcyx olivinus); 长尾鹃 (Cercococcyx montanus)
Cuculiformes,鹃形目,Cuculidae,Cuckoos,,Ceuthmochares,,2,0,哨声黄嘴鹃 (Ceuthmochares australis); 黄嘴鹃 (Ceuthmochares aereus)
Cuculiformes,鹃形目,Cuculidae,Cuckoos,,Chalcites,,8,0,小长嘴鹃 (Chalcites megarhynchus); 霍氏金鹃 (Chalcites basalis); 黑耳金鹃 (Chalcites osculans)
Cuculiformes,鹃形目,Cuculidae,Cuckoos,,Coccycua,,3,0,小棕鹃 (Coccycua minuta); 小美洲鹃 (Coccycua pumila); 灰美洲鹃 (Coccycua cinerea)
Cuculiformes,鹃形目,Cuculidae,Cuckoos,,Coccyzus,,13,0,暗嘴美洲鹃 (Coccyzus melacoryphus); 黄嘴美洲鹃 (Coccyzus americanus); 珠胸美洲鹃 (Coccyzus euleri)
Cuculiformes,鹃形目,Cuculidae,Cuckoos,,Coua,,11,0,凤头马岛鹃 (Coua cristata); 南凤头马岛鹃 (Coua verreauxi); 蓝马岛鹃 (Coua caerulea)
Cuculiformes,鹃形目,Cuculidae,Cuckoos,,Crotophaga,,3,0,大犀鹃 (Crotophaga major); 滑嘴犀鹃 (Crotophaga ani); 沟嘴犀鹃 (Crotophaga sulcirostris)
Cuculiformes,鹃形目,Cuculidae,Cuckoos,,Dasylophus,,2,0,鳞纹地鹃 (Dasylophus cumingi); 蓬冠地鹃 (Dasylophus superciliosus)
Cuculiformes,鹃形目,Cuculidae,Cuckoos,,Dromococcyx,,2,0,雉鹃 (Dromococcyx phasianellus); 小雉鹃 (Dromococcyx pavoninus)
Cuculiformes,鹃形目,Cuculidae,Cuckoos,,Eudynamys,,3,0,噪鹃 (Eudynamys scolopaceus); 黑嘴噪鹃 (Eudynamys melanorhynchus); 太平洋噪鹃 (Eudynamys orientalis)
Cuculiformes,鹃形目,Cuculidae,Cuckoos,,Geococcyx,,2,0,走鹃 (Geococcyx californianus); 小走鹃 (Geococcyx velox)
Cuculiformes,鹃形目,Cuculidae,Cuckoos,,Guira,,1,0,圭拉鹃 (Guira guira)
Cuculiformes,鹃形目,Cuculidae,Cuckoos,,Heteroscenes,,1,0,淡色杜鹃 (Heteroscenes pallidus)
Cuculiformes,鹃形目,Cuculidae,Cuckoos,,Microdynamis,,1,0,黑顶鹃 (Microdynamis parva)
Cuculiformes,鹃形目,Cuculidae,Cuckoos,,Morococcyx,,1,0,小地鹃 (Morococcyx erythropygus)
Cuculiformes,鹃形目,Cuculidae,Cuckoos,,Nannococcyx,,1,0,圣赫勒拿杜鹃 (Nannococcyx psix)
Cuculiformes,鹃形目,Cuculidae,Cuckoos,,Neomorphus,,5,0,棕腹鸡鹃 (Neomorphus geoffroyi); 鳞鸡鹃 (Neomorphus squamiger); 斑鸡鹃 (Neomorphus radiolosus)
Cuculiformes,鹃形目,Cuculidae,Cuckoos,,Pachycoccyx,,1,0,厚嘴杜鹃 (Pachycoccyx audeberti)
Cuculiformes,鹃形目,Cuculidae,Cuckoos,,Phaenicophaeus,,7,0,栗胸地鹃 (Phaenicophaeus curvirostris); 孟塔维地鹃 (Phaenicophaeus oeneicaudus); 棕腹地鹃 (Phaenicophaeus sumatranus)
Cuculiformes,鹃形目,Cuculidae,Cuckoos,,Piaya,,3,0,灰腹棕鹃 (Piaya cayana); Mexican Squirrel Cuckoo (Piaya mexicana); 黑腹棕鹃 (Piaya melanogaster)
Cuculiformes,鹃形目,Cuculidae,Cuckoos,,Rhamphococcyx,,1,0,火红嘴地鹃 (Rhamphococcyx calyorhynchus)
Cuculiformes,鹃形目,Cuculidae,Cuckoos,,Rhinortha,,1,0,棕胸地鹃 (Rhinortha chlorophaea)
Cuculiformes,鹃形目,Cuculidae,Cuckoos,,Scythrops,,1,0,沟嘴鹃 (Scythrops novaehollandiae)
Cuculiformes,鹃形目,Cuculidae,Cuckoos,,Surniculus,,4,0,叉尾乌鹃 (Surniculus dicruroides); 菲律宾乌鹃 (Surniculus velutinus); 乌鹃 (Surniculus lugubris)
Cuculiformes,鹃形目,Cuculidae,Cuckoos,,Taccocua,,1,0,短嘴地鹃 (Taccocua leschenaultii)
Cuculiformes,鹃形目,Cuculidae,Cuckoos,,Tapera,,1,0,纵纹鹃 (Tapera naevia)
Cuculiformes,鹃形目,Cuculidae,Cuckoos,,Urodynamis,,1,0,长尾噪鹃 (Urodynamis taitensis)
Cuculiformes,鹃形目,Cuculidae,Cuckoos,,Zanclostomus,,1,0,红嘴地鹃 (Zanclostomus javanicus)
Eurypygiformes,日鳽目,Eurypygidae,Sunbittern,,Eurypyga,,1,0,日鳽 (Eurypyga helias)
Eurypygiformes,日鳽目,Rhynochetidae,Kagu,,Rhynochetos,,1,0,鹭鹤 (Rhynochetos jubatus)
Falconiformes,隼形目,Falconidae,Falcons and Caracaras,隼科,Caracara,,2,0,瓜达卢长腿兀鹰 (Caracara lutosa); 凤头巨隼 (Caracara plancus)
Falconiformes,隼形目,Falconidae,Falcons and Caracaras,隼科,Daptrius,,7,0,黄头叫隼 (Daptrius chimachima); 黑巨隼 (Daptrius ater); 叫隼 (Daptrius chimango)
Falconiformes,隼形目,Falconidae,Falcons and Caracaras,隼科,Herpetotheres,,1,0,笑隼 (Herpetotheres cachinnans)
Falconiformes,隼形目,Falconidae,Falcons and Caracaras,隼科,Ibycter,,1,0,红喉巨隼 (Ibycter americanus)
Falconiformes,隼形目,Falconidae,Falcons and Caracaras,隼科,Micrastur,,7,0,巴氏林隼 (Micrastur buckleyi); 领林隼 (Micrastur semitorquatus); 灰背林隼 (Micrastur mirandollei)
Falconiformes,隼形目,Falconidae,Falcons and Caracaras,隼科,Neohierax,,1,0,白腰侏隼 (Neohierax insignis)
Falconiformes,隼形目,Falconidae,Falcons and Caracaras,隼科,Polihierax,,1,0,非洲侏隼 (Polihierax semitorquatus)
Falconiformes,隼形目,Falconidae,Falcons and Caracaras,隼科,Spiziapteryx,,1,0,斑翅花隼 (Spiziapteryx circumcincta)
Galbuliformes,鴷形目,Bucconidae,Puffbirds,,Bucco,,4,0,栗顶蓬头䴕 (Bucco macrodactylus); 斑蓬头䴕 (Bucco tamatia); 乌顶蓬头䴕 (Bucco noanamae)
Galbuliformes,鴷形目,Bucconidae,Puffbirds,,Chelidoptera,,1,0,燕翅䴕 (Chelidoptera tenebrosa)
Galbuliformes,鴷形目,Bucconidae,Puffbirds,,Hapaloptila,,1,0,白脸䴕 (Hapaloptila castanea)
Galbuliformes,鴷形目,Bucconidae,Puffbirds,,Hypnelus,,2,0,双斑蓬头䴕 (Hypnelus bicinctus); 黄喉蓬头䴕 (Hypnelus ruficollis)
Galbuliformes,鴷形目,Bucconidae,Puffbirds,,Malacoptila,,7,0,白胸蓬头䴕 (Malacoptila fusca); 半领蓬头䴕 (Malacoptila semicincta); 月胸蓬头䴕 (Malacoptila striata)
Galbuliformes,鴷形目,Bucconidae,Puffbirds,,Micromonacha,,1,0,矛蓬头䴕 (Micromonacha lanceolata)
Galbuliformes,鴷形目,Bucconidae,Puffbirds,,Monasa,,4,0,黑䴕 (Monasa atra); 黑额黑䴕 (Monasa nigrifrons); 白额黑䴕 (Monasa morphoeus)
Galbuliformes,鴷形目,Bucconidae,Puffbirds,,Nonnula,,6,0,锈胸小蓬头䴕 (Nonnula rubecula); 褐颊小蓬头䴕 (Nonnula sclateri); 褐小蓬头䴕 (Nonnula brunnea)
Galbuliformes,鴷形目,Bucconidae,Puffbirds,,Notharchus,,6,0,白颈蓬头䴕 (Notharchus hyperrhynchus); 圭亚那蓬头䴕 (Notharchus macrorhynchos); 黄腹蓬头䴕 (Notharchus swainsoni)
Galbuliformes,鴷形目,Bucconidae,Puffbirds,,Nystalus,,5,0,横斑蓬头䴕 (Nystalus radiatus); 西条纹蓬头䴕 (Nystalus obamai); 条纹蓬头䴕 (Nystalus striolatus)
Galbuliformes,鴷形目,Galbulidae,Jacamars,,Brachygalba,,4,0,白喉鹟䴕 (Brachygalba albogularis); 褐鹟䴕 (Brachygalba lugubris); 苍头鹟䴕 (Brachygalba goeringi)
Galbuliformes,鴷形目,Galbulidae,Jacamars,,Galbalcyrhynchus,,2,0,白耳鹟䴕 (Galbalcyrhynchus leucotis); 栗鹟䴕 (Galbalcyrhynchus purusianus)
Galbuliformes,鴷形目,Galbulidae,Jacamars,,Galbula,,10,0,黄嘴鹟䴕 (Galbula albirostris); 蓝颈鹟䴕 (Galbula cyanicollis); 棕尾鹟䴕 (Galbula ruficauda)
Galbuliformes,鴷形目,Galbulidae,Jacamars,,Jacamaralcyon,,1,0,三趾鹟䴕 (Jacamaralcyon tridactyla)
Galbuliformes,鴷形目,Galbulidae,Jacamars,,Jacamerops,,1,0,大鹟䴕 (Jacamerops aureus)
Galliformes,鸡形目,Cracidae,"Guans, Curassows, and Chachalacas",,Aburria,,1,0,肉垂冠雉 (Aburria aburri)
Galliformes,鸡形目,Cracidae,"Guans, Curassows, and Chachalacas",,Chamaepetes,,2,0,黑镰翅冠雉 (Chamaepetes unicolor); 褐镰翅冠雉 (Chamaepetes goudotii)
Galliformes,鸡形目,Cracidae,"Guans, Curassows, and Chachalacas",,Crax,,7,0,大凤冠雉 (Crax rubra); 蓝嘴凤冠雉 (Crax alberti); 黄瘤凤冠雉 (Crax daubentoni)
Galliformes,鸡形目,Cracidae,"Guans, Curassows, and Chachalacas",,Mitu,,4,0,无冠盔嘴雉 (Mitu tomentosum); 白腹盔嘴雉 (Mitu salvini); 巨嘴盔嘴雉 (Mitu tuberosum)
Galliformes,鸡形目,Cracidae,"Guans, Curassows, and Chachalacas",,Nothocrax,,1,0,夜冠雉 (Nothocrax urumutum)
Galliformes,鸡形目,Cracidae,"Guans, Curassows, and Chachalacas",,Oreophasis,,1,0,角冠雉 (Oreophasis derbianus)
Galliformes,鸡形目,Cracidae,"Guans, Curassows, and Chachalacas",,Ortalis,,16,0,纯色小冠雉 (Ortalis vetula); 灰头小冠雉 (Ortalis cinereiceps); 栗翅小冠雉 (Ortalis garrula)
Galliformes,鸡形目,Cracidae,"Guans, Curassows, and Chachalacas",,Pauxi,,3,0,盔凤冠雉 (Pauxi pauxi); 希拉盔嘴雉 (Pauxi koepckeae); 单盔凤冠雉 (Pauxi unicornis)
Galliformes,鸡形目,Cracidae,"Guans, Curassows, and Chachalacas",,Penelope,,16,0,斑尾冠雉 (Penelope argyrotis); 须冠雉 (Penelope barbata); 古铜冠雉 (Penelope ortoni)
Galliformes,鸡形目,Cracidae,"Guans, Curassows, and Chachalacas",,Penelopina,,1,0,山冠雉 (Penelopina nigra)
Galliformes,鸡形目,Cracidae,"Guans, Curassows, and Chachalacas",,Pipile,,5,0,鸣冠雉 (Pipile pipile); 蓝喉鸣冠雉 (Pipile cumanensis); 白喉鸣冠雉 (Pipile grayi)
Galliformes,鸡形目,Megapodiidae,Megapodes,,Aepypodius,,2,0,冠塚雉 (Aepypodius bruijnii); 肉垂塚雉 (Aepypodius arfakianus)
Galliformes,鸡形目,Megapodiidae,Megapodes,,Alectura,,1,0,大塚雉 (Alectura lathami)
Galliformes,鸡形目,Megapodiidae,Megapodes,,Eulipoa,,1,0,摩鹿加塚雉 (Eulipoa wallacei)
Galliformes,鸡形目,Megapodiidae,Megapodes,,Leipoa,,1,0,斑塚雉 (Leipoa ocellata)
Galliformes,鸡形目,Megapodiidae,Megapodes,,Macrocephalon,,1,0,塚雉 (Macrocephalon maleo)
Galliformes,鸡形目,Megapodiidae,Megapodes,,Megapodius,,12,0,汤加塚雉 (Megapodius pritchardii); 马岛塚雉 (Megapodius laperouse); 尼柯巴塚雉 (Megapodius nicobariensis)
Galliformes,鸡形目,Megapodiidae,Megapodes,,Talegalla,,3,0,红嘴塚雉 (Talegalla cuvieri); 黑嘴塚雉 (Talegalla fuscirostris); 褐领塚雉 (Talegalla jobiensis)
Galliformes,鸡形目,Numididae,Guineafowl,,Acryllium,,1,0,鹫珠鸡 (Acryllium vulturinum)
Galliformes,鸡形目,Numididae,Guineafowl,,Agelastes,,2,0,白胸珠鸡 (Agelastes meleagrides); 黑珠鸡 (Agelastes niger)
Galliformes,鸡形目,Numididae,Guineafowl,,Guttera,,4,0,长冠珠鸡 (Guttera plumifera); 冠珠鸡 (Guttera pucherani); 西冠珠鸡 (Guttera verreauxi)
Galliformes,鸡形目,Numididae,Guineafowl,,Numida,,1,0,珠鸡 (Numida meleagris)
Galliformes,鸡形目,Odontophoridae,New World Quail,,Callipepla,,4,0,黑腹翎鹑 (Callipepla gambelii); 珠颈斑鹑 (Callipepla californica); 鳞斑鹑 (Callipepla squamata)
Galliformes,鸡形目,Odontophoridae,New World Quail,,Colinus,,4,0,山齿鹑 (Colinus virginianus); 黑喉齿鹑 (Colinus nigrogularis); 斑胸齿鹑 (Colinus leucopogon)
Galliformes,鸡形目,Odontophoridae,New World Quail,,Cyrtonyx,,2,0,眼斑彩鹑 (Cyrtonyx ocellatus); 彩鹑 (Cyrtonyx montezumae)
Galliformes,鸡形目,Odontophoridae,New World Quail,,Dactylortyx,,1,0,歌鹑 (Dactylortyx thoracicus)
Galliformes,鸡形目,Odontophoridae,New World Quail,,Dendrortyx,,3,0,黄顶林鹑 (Dendrortyx leucophrys); 长尾林鹑 (Dendrortyx macroura); 须林鹑 (Dendrortyx barbatus)
Galliformes,鸡形目,Odontophoridae,New World Quail,,Odontophorus,,15,0,云斑林鹑 (Odontophorus gujanensis); 斑翅林鹑 (Odontophorus capueira); 黑耳林鹑 (Odontophorus melanotis)
Galliformes,鸡形目,Odontophoridae,New World Quail,,Oreortyx,,1,0,山翎鹑 (Oreortyx pictus)
Galliformes,鸡形目,Odontophoridae,New World Quail,,Philortyx,,1,0,斑鹑 (Philortyx fasciatus)
Galliformes,鸡形目,Odontophoridae,New World Quail,,Ptilopachus,,2,0,纳氏石鹑 (Ptilopachus nahani); 石鹑 (Ptilopachus petrosus)
Galliformes,鸡形目,Odontophoridae,New World Quail,,Rhynchortyx,,1,0,茶脸鹑 (Rhynchortyx cinctus)
Galliformes,鸡形目,Phasianidae,"Partridges, Pheasants, Grouse, and Allies",,Afropavo,,1,0,刚果孔雀 (Afropavo congensis)
Galliformes,鸡形目,Phasianidae,"Partridges, Pheasants, Grouse, and Allies",,Ammoperdix,,2,0,漠鹑 (Ammoperdix griseogularis); 沙鹑 (Ammoperdix heyi)
Galliformes,鸡形目,Phasianidae,"Partridges, Pheasants, Grouse, and Allies",,Argusianus,,1,0,大眼斑雉 (Argusianus argus)
Galliformes,鸡形目,Phasianidae,"Partridges, Pheasants, Grouse, and Allies",,Bonasa,,1,0,披肩榛鸡 (Bonasa umbellus)
Galliformes,鸡形目,Phasianidae,"Partridges, Pheasants, Grouse, and Allies",,Caloperdix,,1,0,锈红林鹧鸪 (Caloperdix oculeus)
Galliformes,鸡形目,Phasianidae,"Partridges, Pheasants, Grouse, and Allies",,Campocolinus,,3,0,栗顶鹧鸪 (Campocolinus coqui); 白喉鹧鸪 (Campocolinus albogularis); 栗喉鹧鸪 (Campocolinus schlegelii)
Galliformes,鸡形目,Phasianidae,"Partridges, Pheasants, Grouse, and Allies",,Canachites,,1,0,枞树镰翅鸡 (Canachites canadensis)
Galliformes,鸡形目,Phasianidae,"Partridges, Pheasants, Grouse, and Allies",,Catreus,,1,0,彩雉 (Catreus wallichii)
Galliformes,鸡形目,Phasianidae,"Partridges, Pheasants, Grouse, and Allies",,Centrocercus,,2,0,艾草松鸡 (Centrocercus urophasianus); 小艾草松鸡 (Centrocercus minimus)
Galliformes,鸡形目,Phasianidae,"Partridges, Pheasants, Grouse, and Allies",,Dendragapus,,2,0,乌镰翅鸡 (Dendragapus fuliginosus); 蓝镰翅鸡 (Dendragapus obscurus)
Galliformes,鸡形目,Phasianidae,"Partridges, Pheasants, Grouse, and Allies",,Falcipennis,,1,0,镰翅鸡 (Falcipennis falcipennis)
Galliformes,鸡形目,Phasianidae,"Partridges, Pheasants, Grouse, and Allies",,Francolinus,,3,0,中华鹧鸪 (Francolinus pintadeanus); 花彩鹧鸪 (Francolinus pictus); 黑鹧鸪 (Francolinus francolinus)
Galliformes,鸡形目,Phasianidae,"Partridges, Pheasants, Grouse, and Allies",,Galloperdix,,3,0,赤鸡鹑 (Galloperdix spadicea); 彩鸡鹑 (Galloperdix lunulata); 斯里兰卡鸡鹑 (Galloperdix bicalcarata)
Galliformes,鸡形目,Phasianidae,"Partridges, Pheasants, Grouse, and Allies",,Gallus,,4,0,绿原鸡 (Gallus varius); 红原鸡 (Gallus gallus); 灰原鸡 (Gallus sonneratii)
Galliformes,鸡形目,Phasianidae,"Partridges, Pheasants, Grouse, and Allies",,Haematortyx,,1,0,红头林鹧鸪 (Haematortyx sanguiniceps)
Galliformes,鸡形目,Phasianidae,"Partridges, Pheasants, Grouse, and Allies",,Ithaginis,,1,0,血雉 (Ithaginis cruentus)
Galliformes,鸡形目,Phasianidae,"Partridges, Pheasants, Grouse, and Allies",,Lagopus,,4,0,白尾雷鸟 (Lagopus leucura); 岩雷鸟 (Lagopus muta); 苏格兰雷鸟 (Lagopus scotica)
Galliformes,鸡形目,Phasianidae,"Partridges, Pheasants, Grouse, and Allies",,Lyrurus,,2,0,高加索黑琴鸡 (Lyrurus mlokosiewiczi); 黑琴鸡 (Lyrurus tetrix)
Galliformes,鸡形目,Phasianidae,"Partridges, Pheasants, Grouse, and Allies",,Margaroperdix,,1,0,马岛鹑 (Margaroperdix madagarensis)
Galliformes,鸡形目,Phasianidae,"Partridges, Pheasants, Grouse, and Allies",,Melanoperdix,,1,0,黑鹑 (Melanoperdix niger)
Galliformes,鸡形目,Phasianidae,"Partridges, Pheasants, Grouse, and Allies",,Meleagris,,2,0,眼斑火鸡 (Meleagris ocellata); 火鸡 (Meleagris gallopavo)
Galliformes,鸡形目,Phasianidae,"Partridges, Pheasants, Grouse, and Allies",,Ophrysia,,1,0,喜山鹑 (Ophrysia superciliosa)
Galliformes,鸡形目,Phasianidae,"Partridges, Pheasants, Grouse, and Allies",,Ortygornis,,3,0,凤头鹧鸪 (Ortygornis sephaena); 沼泽鹧鸪 (Ortygornis gularis); 灰鹧鸪 (Ortygornis pondicerianus)
Galliformes,鸡形目,Phasianidae,"Partridges, Pheasants, Grouse, and Allies",,Pavo,,2,0,蓝孔雀 (Pavo cristatus); 绿孔雀 (Pavo muticus)
Galliformes,鸡形目,Phasianidae,"Partridges, Pheasants, Grouse, and Allies",,Peliperdix,,1,0,林鹧鸪 (Peliperdix lathami)
Galliformes,鸡形目,Phasianidae,"Partridges, Pheasants, Grouse, and Allies",,Perdicula,,4,0,丛林鹑 (Perdicula asiatica); 岩林鹑 (Perdicula argoondah); 红嘴林鹑 (Perdicula erythrorhyncha)
Galliformes,鸡形目,Phasianidae,"Partridges, Pheasants, Grouse, and Allies",,Perdix,,3,0,高原山鹑 (Perdix hodgsoniae); 斑翅山鹑 (Perdix dauurica); 灰山鹑 (Perdix perdix)
Galliformes,鸡形目,Phasianidae,"Partridges, Pheasants, Grouse, and Allies",,Phasianus,,2,0,绿雉 (Phasianus versicolor); 雉鸡 (Phasianus colchicus)
Galliformes,鸡形目,Phasianidae,"Partridges, Pheasants, Grouse, and Allies",,Pternistis,,23,0,哈氏鹧鸪 (Pternistis hartlaubi); 艳鹧鸪 (Pternistis nobilis); 喀麦隆鹧鸪 (Pternistis camerunensis)
Galliformes,鸡形目,Phasianidae,"Partridges, Pheasants, Grouse, and Allies",,Pucrasia,,1,0,勺鸡 (Pucrasia macrolopha)
Galliformes,鸡形目,Phasianidae,"Partridges, Pheasants, Grouse, and Allies",,Rheinardia,,2,0,冠眼斑雉 (Rheinardia ocellata); 马来冠眼斑雉 (Rheinardia nigrescens)
Galliformes,鸡形目,Phasianidae,"Partridges, Pheasants, Grouse, and Allies",,Rhizothera,,2,0,长嘴山鹑 (Rhizothera longirostris); 白腹长嘴山鹑 (Rhizothera dulitensis)
Galliformes,鸡形目,Phasianidae,"Partridges, Pheasants, Grouse, and Allies",,Rollulus,,1,0,冕鹧鸪 (Rollulus rouloul)
Galliformes,鸡形目,Phasianidae,"Partridges, Pheasants, Grouse, and Allies",,Scleroptila,,9,0,环颈鹧鸪 (Scleroptila streptophora); 红翅鹧鸪 (Scleroptila levaillantii); 芬氏鹧鸪 (Scleroptila finschi)
Galliformes,鸡形目,Phasianidae,"Partridges, Pheasants, Grouse, and Allies",,Synoicus,,4,0,褐鹌鹑 (Synoicus ypsilophorus); 雪山鹑 (Synoicus monorthonyx); 蓝胸鹑 (Synoicus chinensis)
Galliformes,鸡形目,Phasianidae,"Partridges, Pheasants, Grouse, and Allies",,Tetrao,,2,0,黑嘴松鸡 (Tetrao urogalloides); 西方松鸡 (Tetrao urogallus)
Galliformes,鸡形目,Phasianidae,"Partridges, Pheasants, Grouse, and Allies",,Tetrastes,,2,0,斑尾榛鸡 (Tetrastes sewerzowi); 花尾榛鸡 (Tetrastes bonasia)
Galliformes,鸡形目,Phasianidae,"Partridges, Pheasants, Grouse, and Allies",,Tropicoperdix,,3,0,绿脚树鹧鸪 (Tropicoperdix chloropus); 栗胸树鹧鸪 (Tropicoperdix charltonii); 沙巴树鹧鸪 (Tropicoperdix graydoni)
Galliformes,鸡形目,Phasianidae,"Partridges, Pheasants, Grouse, and Allies",,Tympanuchus,,3,0,尖尾松鸡 (Tympanuchus phasianellus); 草原松鸡 (Tympanuchus cupido); 小草原松鸡 (Tympanuchus pallidicinctus)
Galliformes,鸡形目,Phasianidae,"Partridges, Pheasants, Grouse, and Allies",,Xenoperdix,,1,0,坦桑尼亚鹑 (Xenoperdix udzungwensis)
Gaviiformes,潜鸟目,Gaviidae,Loons,,Gavia,,5,0,红喉潜鸟 (Gavia stellata); 普通潜鸟 (Gavia immer); 黄嘴潜鸟 (Gavia adamsii)
Gruiformes,鹤形目,Aramidae,Limpkin,,Aramus,,1,0,秧鹤 (Aramus guarauna)
Gruiformes,鹤形目,Gruidae,Cranes,,Balearica,,2,0,灰冕鹤 (Balearica regulorum); 黑冕鹤 (Balearica pavonina)
Gruiformes,鹤形目,Heliornithidae,Finfoots,,Heliornis,,1,0,日䴘 (Heliornis fulica)
Gruiformes,鹤形目,Heliornithidae,Finfoots,,Podica,,1,0,非洲鳍趾䴘 (Podica senegalensis)
Gruiformes,鹤形目,Psophiidae,Trumpeters,,Psophia,,3,0,灰翅喇叭声鹤 (Psophia crepitans); 白翅喇叭声鹤 (Psophia leucoptera); 绿翅喇叭声鹤 (Psophia viridis)
Gruiformes,鹤形目,Rallidae,"Rails, Gallinules, and Coots",,Aenigmatolimnas,,1,0,斑纹田鸡 (Aenigmatolimnas marginalis)
Gruiformes,鹤形目,Rallidae,"Rails, Gallinules, and Coots",,Amaurolimnas,,1,0,纯色秧鸡 (Amaurolimnas concolor)
Gruiformes,鹤形目,Rallidae,"Rails, Gallinules, and Coots",,Amaurornis,,5,0,苏拉威西苦恶鸟 (Amaurornis isabellina); 菲律宾苦恶鸟 (Amaurornis olivacea); 白胸苦恶鸟 (Amaurornis phoenicurus)
Gruiformes,鹤形目,Rallidae,"Rails, Gallinules, and Coots",,Anurolimnas,,1,0,栗头田鸡 (Anurolimnas castaneiceps)
Gruiformes,鹤形目,Rallidae,"Rails, Gallinules, and Coots",,Aphanapteryx,,1,0,红秧鸡 (Aphanapteryx bonasia)
Gruiformes,鹤形目,Rallidae,"Rails, Gallinules, and Coots",,Aphanocrex,,1,0,圣岛秧鸡 (Aphanocrex podarces)
Gruiformes,鹤形目,Rallidae,"Rails, Gallinules, and Coots",,Aramides,,8,0,大林秧鸡 (Aramides ypecaha); 褐林秧鸡 (Aramides wolfi); 小林秧鸡 (Aramides mangle)
Gruiformes,鹤形目,Rallidae,"Rails, Gallinules, and Coots",,Aramidopsis,,1,0,普氏秧鸡 (Aramidopsis plateni)
Gruiformes,鹤形目,Rallidae,"Rails, Gallinules, and Coots",,Canirallus,,1,0,灰喉秧鸡 (Canirallus oculeus)
Gruiformes,鹤形目,Rallidae,"Rails, Gallinules, and Coots",,Crecopsis,,1,0,非洲秧鸡 (Crecopsis egregia)
Gruiformes,鹤形目,Rallidae,"Rails, Gallinules, and Coots",,Diaphorapteryx,,1,0,大查岛秧鸡 (Diaphorapteryx hawkinsi)
Gruiformes,鹤形目,Rallidae,"Rails, Gallinules, and Coots",,Dryolimnas,,2,0,留尼汪秧鸡 (Dryolimnas augusti); 白喉秧鸡 (Dryolimnas cuvieri)
Gruiformes,鹤形目,Rallidae,"Rails, Gallinules, and Coots",,Erythromachus,,1,0,罗德里格斯秧鸡 (Erythromachus leguati)
Gruiformes,鹤形目,Rallidae,"Rails, Gallinules, and Coots",,Fulica,,11,0,红额骨顶 (Fulica rufifrons); 角骨顶 (Fulica cornuta); 黄腿骨顶 (Fulica armillata)
Gruiformes,鹤形目,Rallidae,"Rails, Gallinules, and Coots",,Gallinula,,7,0,圣岛骨顶 (Gallinula silvestris); 特岛骨顶 (Gallinula nesiotis); 果夫岛黑水鸡 (Gallinula comeri)
Gruiformes,鹤形目,Rallidae,"Rails, Gallinules, and Coots",,Gallirallus,,18,0,卡岛秧鸡 (Gallirallus calayanensis); 华氏秧鸡 (Gallirallus wallacii); 栗腹秧鸡 (Gallirallus castaneoventris)
Gruiformes,鹤形目,Rallidae,"Rails, Gallinules, and Coots",,Gymnocrex,,3,0,蓝脸秧鸡 (Gymnocrex rosenbergii); 裸眼秧鸡 (Gymnocrex plumbeiventris); 塔劳秧鸡 (Gymnocrex talaudensis)
Gruiformes,鹤形目,Rallidae,"Rails, Gallinules, and Coots",,Himantornis,,1,0,噪秧鸡 (Himantornis haematopus)
Gruiformes,鹤形目,Rallidae,"Rails, Gallinules, and Coots",,Laterallus,,11,0,荒岛秧鸡 (Laterallus rogersi); 达尔文花田鸡 (Laterallus notatus); 黄胸田鸡 (Laterallus flaviventer)
Gruiformes,鹤形目,Rallidae,"Rails, Gallinules, and Coots",,Lewinia,,4,0,灰胸秧鸡 (Lewinia striata); 褐斑秧鸡 (Lewinia mirifica); 卢氏秧鸡 (Lewinia pectoralis)
Gruiformes,鹤形目,Rallidae,"Rails, Gallinules, and Coots",,Megacrex,,1,0,新几内亚秧鸡 (Megacrex inepta)
Gruiformes,鹤形目,Rallidae,"Rails, Gallinules, and Coots",,Mundia,,1,0,阿森松秧鸡 (Mundia elpenor)
Gruiformes,鹤形目,Rallidae,"Rails, Gallinules, and Coots",,Mustelirallus,,4,0,灰喉田鸡 (Mustelirallus albicollis); 古巴秧鸡 (Mustelirallus cerverai); 哥伦比亚秧鸡 (Mustelirallus colombianus)
Gruiformes,鹤形目,Rallidae,"Rails, Gallinules, and Coots",,Paragallinula,,1,0,小黑水鸡 (Paragallinula angulata)
Gruiformes,鹤形目,Rallidae,"Rails, Gallinules, and Coots",,Pardirallus,,3,0,美洲斑秧鸡 (Pardirallus maculatus); 暗色秧鸡 (Pardirallus nigricans); 铅色秧鸡 (Pardirallus sanguinolentus)
Gruiformes,鹤形目,Rallidae,"Rails, Gallinules, and Coots",,Porphyrio,,8,0,辉青水鸡 (Porphyrio alleni); 紫青水鸡 (Porphyrio martinica); 淡青水鸡 (Porphyrio flavirostris)
Gruiformes,鹤形目,Rallidae,"Rails, Gallinules, and Coots",,Porphyriops,,1,0,斑胁水鸡 (Porphyriops melanops)
Gruiformes,鹤形目,Rallidae,"Rails, Gallinules, and Coots",,Porzana,,3,0,黑脸田鸡 (Porzana carolina); 斑胸田鸡 (Porzana porzana); 斑田鸡 (Porzana fluminea)
Gruiformes,鹤形目,Rallidae,"Rails, Gallinules, and Coots",,Rallina,,4,0,红颈秧鸡 (Rallina tricolor); 安达曼秧鸡 (Rallina canningi); 红腿斑秧鸡 (Rallina fasciata)
Gruiformes,鹤形目,Rallidae,"Rails, Gallinules, and Coots",,Rallus,,14,0,里氏秧鸡 (Rallus obsoletus); 阿芝秧鸡 (Rallus tenuirostris); 红树林秧鸡 (Rallus longirostris)
Gruiformes,鹤形目,Rallidae,"Rails, Gallinules, and Coots",,Rougetius,,1,0,鲁氏秧鸡 (Rougetius rougetii)
Gruiformes,鹤形目,Rallidae,"Rails, Gallinules, and Coots",,Rufirallus,,5,0,眼斑田鸡 (Rufirallus schomburgkii); 红顶田鸡 (Rufirallus viridis); 黑斑田鸡 (Rufirallus fasciatus)
Gruiformes,鹤形目,Rallidae,"Rails, Gallinules, and Coots",,Tribonyx,,2,0,黑尾水鸡 (Tribonyx ventralis); 绿水鸡 (Tribonyx mortierii)
Gruiformes,鹤形目,Sarothruridae,Flufftails,,Mentocrex,,2,0,石林秧鸡 (Mentocrex beankaensis); 马岛林秧鸡 (Mentocrex kioloides)
Gruiformes,鹤形目,Sarothruridae,Flufftails,,Rallicula,,4,0,栗秧鸡 (Rallicula rubra); 白纹栗秧鸡 (Rallicula leucospila); 黑翅栗秧鸡 (Rallicula forbesi)
Gruiformes,鹤形目,Sarothruridae,Flufftails,,Sarothrura,,9,0,白斑侏秧鸡 (Sarothrura pulchra); 黄斑侏秧鸡 (Sarothrura elegans); 红胸侏秧鸡 (Sarothrura rufa)
Leptosomiformes,鹃三宝鸟目,Leptosomidae,Cuckoo-roller,,Leptosomus,,1,0,鹃三宝鸟 (Leptosomus discolor)
Mesitornithiformes,拟鹑目,Mesitornithidae,Mesites,,Mesitornis,,2,0,白胸拟鹑 (Mesitornis variegatus); 褐拟鹑 (Mesitornis unicolor)
Mesitornithiformes,拟鹑目,Mesitornithidae,Mesites,,Monias,,1,0,本氏拟鹑 (Monias benschi)
Musophagiformes,蕉鹃目,Musophagidae,Turacos,,Corythaeola,,1,0,蓝蕉鹃 (Corythaeola cristata)
Musophagiformes,蕉鹃目,Musophagidae,Turacos,,Crinifer,,5,0,南非灰蕉鹃 (Crinifer concolor); 棕脸灰蕉鹃 (Crinifer personatus); 白腹灰蕉鹃 (Crinifer leucogaster)
Musophagiformes,蕉鹃目,Musophagidae,Turacos,,Gallirex,,2,0,紫冠蕉鹃 (Gallirex porphyreolophus); 红胸蕉鹃 (Gallirex johnstoni)
Musophagiformes,蕉鹃目,Musophagidae,Turacos,,Menelikornis,,2,0,王子蕉鹃 (Menelikornis ruspolii); 白颊蕉鹃 (Menelikornis leucotis)
Musophagiformes,蕉鹃目,Musophagidae,Turacos,,Tauraco,,13,0,紫蕉鹃 (Tauraco violaceus); 短冠紫蕉鹃 (Tauraco rossae); 黄嘴蕉鹃 (Tauraco macrorhynchus)
Nyctibiiformes,林鸱目,Nyctibiidae,Potoos,林鸱科,Nyctibius,,6,0,大钩嘴夜鹰 (Nyctibius grandis); 长尾钩嘴夜鹰 (Nyctibius aethereus); 钩嘴夜鹰 (Nyctibius griseus)
Nyctibiiformes,林鸱目,Nyctibiidae,Potoos,林鸱科,Phyllaemulor,,1,0,棕钩嘴夜鹰 (Phyllaemulor bracteatus)
Opisthocomiformes,麝雉目,Opisthocomidae,Hoatzin,,Opisthocomus,,1,0,麝雉 (Opisthocomus hoazin)
Otidiformes,鸨形目,Otididae,Bustards,,Afrotis,,2,0,黑鸨 (Afrotis afra); 白翅黑鸨 (Afrotis afraoides)
Otidiformes,鸨形目,Otididae,Bustards,,Ardeotis,,4,0,阿拉伯鹭鸨 (Ardeotis arabs); 灰颈鹭鸨 (Ardeotis kori); 印度鹭鸨 (Ardeotis nigriceps)
Otidiformes,鸨形目,Otididae,Bustards,,Eupodotis,,2,0,蓝鸨 (Eupodotis caerulescens); 白腹鸨 (Eupodotis senegalensis)
Otidiformes,鸨形目,Otididae,Bustards,,Heterotetrax,,3,0,黑喉鸨 (Heterotetrax vigorsii); 鲁氏鸨 (Heterotetrax rueppelii); 褐鸨 (Heterotetrax humilis)
Otidiformes,鸨形目,Otididae,Bustards,,Houbaropsis,,1,0,南亚鸨 (Houbaropsis bengalensis)
Otidiformes,鸨形目,Otididae,Bustards,,Lissotis,,2,0,灰黑腹鸨 (Lissotis hartlaubii); 褐黑腹鸨 (Lissotis melanogaster)
Otidiformes,鸨形目,Otididae,Bustards,,Lophotis,,3,0,萨氏鸨 (Lophotis savilei); 黄冠鸨 (Lophotis gindiana); 红冠鸨 (Lophotis ruficrista)
Otidiformes,鸨形目,Otididae,Bustards,,Neotis,,4,0,黑头鸨 (Neotis ludwigii); 黑冠鸨 (Neotis denhami); 黑脸鸨 (Neotis heuglinii)
Otidiformes,鸨形目,Otididae,Bustards,,Otis,,1,0,大鸨 (Otis tarda)
Otidiformes,鸨形目,Otididae,Bustards,,Sypheotides,,1,0,凤头鸨 (Sypheotides indicus)
Passeriformes,雀形目,Acanthisittidae,New Zealand Wrens,,Acanthisitta,,1,0,刺鹩 (Acanthisitta chloris)
Passeriformes,雀形目,Acanthisittidae,New Zealand Wrens,,Traversia,,1,0,斯蒂芬岛异鹩 (Traversia lyalli)
Passeriformes,雀形目,Acanthisittidae,New Zealand Wrens,,Xenicus,,2,0,新西兰岩鹩 (Xenicus gilviventris); 丛异鹩 (Xenicus longipes)
Passeriformes,雀形目,Acanthizidae,"Gerygones, Thornbills, Scrubwrens, and Allies",,Acanthiza,,14,0,黄尾刺嘴莺 (Acanthiza chrysorrhoa); 新几内亚刺嘴莺 (Acanthiza cinerea); 巴布亚刺嘴莺 (Acanthiza murina)
Passeriformes,雀形目,Acanthizidae,"Gerygones, Thornbills, Scrubwrens, and Allies",,Acanthornis,,1,0,灌丛丝刺莺 (Acanthornis magna)
Passeriformes,雀形目,Acanthizidae,"Gerygones, Thornbills, Scrubwrens, and Allies",,Aethomyias,,6,0,淡嘴丝刺莺 (Aethomyias spilodera); 中山鼠莺 (Aethomyias nigrorufus); 瓦格丝刺莺 (Aethomyias rufescens)
Passeriformes,雀形目,Acanthizidae,"Gerygones, Thornbills, Scrubwrens, and Allies",,Aphelocephala,,3,0,白脸刺莺 (Aphelocephala leucopsis); 斑纹白脸刺莺 (Aphelocephala nigricincta); 栗胸白脸刺莺 (Aphelocephala pectoralis)
Passeriformes,雀形目,Acanthizidae,"Gerygones, Thornbills, Scrubwrens, and Allies",,Calamanthus,,3,0,田刺莺 (Calamanthus fuliginosus); 褐刺莺 (Calamanthus campestris); 西地刺莺 (Calamanthus montanellus)
Passeriformes,雀形目,Acanthizidae,"Gerygones, Thornbills, Scrubwrens, and Allies",,Gerygone,,20,0,黄腹噪刺莺 (Gerygone chrysogaster); 褐噪刺莺 (Gerygone mouki); 灰头噪刺莺 (Gerygone chloronota)
Passeriformes,雀形目,Acanthizidae,"Gerygones, Thornbills, Scrubwrens, and Allies",,Hylacola,,2,0,栗尾地刺莺 (Hylacola pyrrhopygia); 怯地刺莺 (Hylacola cauta)
Passeriformes,雀形目,Acanthizidae,"Gerygones, Thornbills, Scrubwrens, and Allies",,Neosericornis,,1,0,黄喉丝刺莺 (Neosericornis citreogularis)
Passeriformes,雀形目,Acanthizidae,"Gerygones, Thornbills, Scrubwrens, and Allies",,Oreoscopus,,1,0,蕨鹩刺莺 (Oreoscopus gutturalis)
Passeriformes,雀形目,Acanthizidae,"Gerygones, Thornbills, Scrubwrens, and Allies",,Origma,,3,0,山鼠莺 (Origma robusta); 低地鼠莺 (Origma murina); 岩刺莺 (Origma solitaria)
Passeriformes,雀形目,Acanthizidae,"Gerygones, Thornbills, Scrubwrens, and Allies",,Pachycare,,1,0,金脸啸鹟 (Pachycare flavogriseum)
Passeriformes,雀形目,Acanthizidae,"Gerygones, Thornbills, Scrubwrens, and Allies",,Pycnoptilus,,1,0,随莺 (Pycnoptilus floccosus)
Passeriformes,雀形目,Acanthizidae,"Gerygones, Thornbills, Scrubwrens, and Allies",,Pyrrholaemus,,2,0,斑刺莺 (Pyrrholaemus sagittatus); 红喉刺莺 (Pyrrholaemus brunneus)
Passeriformes,雀形目,Acanthizidae,"Gerygones, Thornbills, Scrubwrens, and Allies",,Sericornis,,7,0,褐色丝刺莺 (Sericornis humilis); 白眉丝刺莺 (Sericornis frontalis); 斑丝刺莺 (Sericornis maculatus)
Passeriformes,雀形目,Acanthizidae,"Gerygones, Thornbills, Scrubwrens, and Allies",,Smicrornis,,1,0,褐阔嘴莺 (Smicrornis brevirostris)
Passeriformes,雀形目,Acrocephalidae,Reed Warblers and Allies,,Arundinax,,1,0,厚嘴苇莺 (Arundinax aedon)
Passeriformes,雀形目,Acrocephalidae,Reed Warblers and Allies,,Calamonastides,,1,0,细嘴捕蝇莺 (Calamonastides gracilirostris)
Passeriformes,雀形目,Acrocephalidae,Reed Warblers and Allies,,Graueria,,1,0,格氏丛莺 (Graueria vittata)
Passeriformes,雀形目,Acrocephalidae,Reed Warblers and Allies,,Hippolais,,4,0,绿篱莺 (Hippolais icterina); 歌篱莺 (Hippolais polyglotta); 淡色篱莺 (Hippolais languida)
Passeriformes,雀形目,Acrocephalidae,Reed Warblers and Allies,,Nesillas,,5,0,阿达薮莺 (Nesillas aldabrana); 马岛薮莺 (Nesillas typica); 荒漠薮莺 (Nesillas lantzii)
Passeriformes,雀形目,Aegithalidae,"Tit-warblers, Bushtits, and Long-tailed Tit",,Psaltriparus,,1,0,短嘴长尾山雀 (Psaltriparus minimus)
Passeriformes,雀形目,Aegithinidae,Ioras,,Aegithina,,4,0,黑翅雀鹎 (Aegithina tiphia); 白尾雀鹎 (Aegithina nigrolutea); 绿雀鹎 (Aegithina viridissima)
Passeriformes,雀形目,Alaudidae,Larks,,Alaemon,,2,0,小拟戴胜百灵 (Alaemon hamertoni); 拟戴胜百灵 (Alaemon alaudipes)
Passeriformes,雀形目,Alaudidae,Larks,,Alauda,,4,0,白翅云雀 (Alauda leucoptera); 拉索云雀 (Alauda razae); 小云雀 (Alauda gulgula)
Passeriformes,雀形目,Alaudidae,Larks,,Alaudala,,5,0,棕短趾百灵 (Alaudala somalica); 亚洲短趾百灵 (Alaudala cheleensis); 小短趾百灵 (Alaudala rufescens)
Passeriformes,雀形目,Alaudidae,Larks,,Amirafra,,3,0,领歌百灵 (Amirafra collaris); 垂耳歌百灵 (Amirafra rufocinnamomea); 安哥拉歌百灵 (Amirafra angolensis)
Passeriformes,雀形目,Alaudidae,Larks,,Ammomanes,,3,0,斑尾漠百灵 (Ammomanes cinctura); 棕尾漠百灵 (Ammomanes phoenicura); 漠百灵 (Ammomanes deserti)
Passeriformes,雀形目,Alaudidae,Larks,,Ammomanopsis,,1,0,格氏漠百灵 (Ammomanopsis grayi)
Passeriformes,雀形目,Alaudidae,Larks,,Calendulauda,,8,0,锈色歌百灵 (Calendulauda rufa); 萨博塔歌百灵 (Calendulauda sabota); 吉氏歌百灵 (Calendulauda gilletti)
Passeriformes,雀形目,Alaudidae,Larks,,Certhilauda,,4,0,短爪歌百灵 (Certhilauda chuana); 卡鲁歌百灵 (Certhilauda subcoronata); 半颈环歌百灵 (Certhilauda semitorquata)
Passeriformes,雀形目,Alaudidae,Larks,,Chersomanes,,2,0,比氏直爪百灵 (Chersomanes beesleyi); 直爪百灵 (Chersomanes albofasciata)
Passeriformes,雀形目,Alaudidae,Larks,,Chersophilus,,1,0,杜氏百灵 (Chersophilus duponti)
Passeriformes,雀形目,Alaudidae,Larks,,Corypha,,11,0,苏丹歌百灵 (Corypha kurrae); 振翅歌百灵 (Corypha apiata); 东振翅歌百灵 (Corypha fasciolata)
Passeriformes,雀形目,Alaudidae,Larks,,Eremalauda,,2,0,图氏沙百灵 (Eremalauda dunni); 阿拉伯百灵 (Eremalauda eremodites)
Passeriformes,雀形目,Alaudidae,Larks,,Eremophila,,2,0,漠角百灵 (Eremophila bilopha); 角百灵 (Eremophila alpestris)
Passeriformes,雀形目,Alaudidae,Larks,,Eremopterix,,8,0,黑耳雀百灵 (Eremopterix australis); 马岛雀百灵 (Eremopterix hova); 灰背雀百灵 (Eremopterix verticalis)
Passeriformes,雀形目,Alaudidae,Larks,,Galerida,,6,0,长嘴凤头百灵 (Galerida magnirostris); 太阳凤头百灵 (Galerida modesta); 塞氏凤头百灵 (Galerida deva)
Passeriformes,雀形目,Alaudidae,Larks,,Heteromirafra,,2,0,拉氏歌百灵 (Heteromirafra ruddi); 阿氏歌百灵 (Heteromirafra archeri)
Passeriformes,雀形目,Alaudidae,Larks,,Lullula,,1,0,林百灵 (Lullula arborea)
Passeriformes,雀形目,Alaudidae,Larks,,Mirafra,,7,0,雀歌百灵 (Mirafra passerina); 金歌百灵 (Mirafra cordofanica); 威氏歌百灵 (Mirafra williamsi)
Passeriformes,雀形目,Alaudidae,Larks,,Pinarocorys,,2,0,棕腰歌百灵 (Pinarocorys erythropygia); 黑歌百灵 (Pinarocorys nigricans)
Passeriformes,雀形目,Alaudidae,Larks,,Plocealauda,,5,0,缅甸歌百灵 (Plocealauda microptera); 东洋歌百灵 (Plocealauda erythrocephala); 斯里兰卡歌百灵 (Plocealauda affinis)
Passeriformes,雀形目,Alaudidae,Larks,,Ramphocoris,,1,0,厚嘴百灵 (Ramphocoris clotbey)
Passeriformes,雀形目,Alaudidae,Larks,,Spizocorys,,7,0,斯氏沙百灵 (Spizocorys starki); 花脸沙百灵 (Spizocorys personata); 粉嘴沙百灵 (Spizocorys conirostris)
Passeriformes,雀形目,Artamidae,"Woodswallows, Bellmagpies, and Allies",,Cracticus,,6,0,黑背钟鹊 (Cracticus mentalis); 灰钟鹊 (Cracticus torquatus); 银背钟鹊 (Cracticus argenteus)
Passeriformes,雀形目,Artamidae,"Woodswallows, Bellmagpies, and Allies",,Gymnorhina,,1,0,澳洲钟鹊 (Gymnorhina tibicen)
Passeriformes,雀形目,Artamidae,"Woodswallows, Bellmagpies, and Allies",,Melloria,,1,0,黑钟鹊 (Melloria quoyi)
Passeriformes,雀形目,Artamidae,"Woodswallows, Bellmagpies, and Allies",,Peltops,,2,0,盾钟鹊 (Peltops blainvillii); 山盾钟鹊 (Peltops montanus)
Passeriformes,雀形目,Artamidae,"Woodswallows, Bellmagpies, and Allies",,Strepera,,3,0,斑噪钟鹊 (Strepera graculina); 黑噪钟鹊 (Strepera fuliginosa); 灰噪钟鹊 (Strepera versicolor)
Passeriformes,雀形目,Atrichornithidae,Scrubbirds,,Atrichornis,,2,0,噪薮鸟 (Atrichornis clamosus); 棕薮鸟 (Atrichornis rufescens)
Passeriformes,雀形目,Bernieridae,Malagasy Warblers and Tetrakas,,Bernieria,,1,0,长嘴马岛莺 (Bernieria madagascariensis)
Passeriformes,雀形目,Bernieridae,Malagasy Warblers and Tetrakas,,Crossleyia,,2,0,黄眉马岛莺 (Crossleyia xanthophrys); 暗色旋木鹎 (Crossleyia tenebrosa)
Passeriformes,雀形目,Bernieridae,Malagasy Warblers and Tetrakas,,Cryptosylvicola,,1,0,隐马岛莺 (Cryptosylvicola randrianasoloi)
Passeriformes,雀形目,Bernieridae,Malagasy Warblers and Tetrakas,,Hartertula,,1,0,楔尾马岛莺 (Hartertula flavoviridis)
Passeriformes,雀形目,Bernieridae,Malagasy Warblers and Tetrakas,,Oxylabes,,1,0,白喉马岛莺 (Oxylabes madagascariensis)
Passeriformes,雀形目,Bernieridae,Malagasy Warblers and Tetrakas,,Randia,,1,0,绣眼马岛莺 (Randia pseudozosterops)
Passeriformes,雀形目,Bernieridae,Malagasy Warblers and Tetrakas,,Thamnornis,,1,0,绿马岛莺 (Thamnornis chloropetoides)
Passeriformes,雀形目,Bernieridae,Malagasy Warblers and Tetrakas,,Xanthomixis,,3,0,短嘴旋木鹎 (Xanthomixis zosterops); 阿氏旋木鹎 (Xanthomixis apperti); 灰冠旋木鹎 (Xanthomixis cinereiceps)
Passeriformes,雀形目,Buphagidae,Oxpeckers,,Buphagus,,2,0,红嘴牛椋鸟 (Buphagus erythroryncha); 黄嘴牛椋鸟 (Buphagus africanus)
Passeriformes,雀形目,Calcariidae,Longspurs and Snow Buntings,,Calcarius,,3,0,铁爪鹀 (Calcarius lapponicus); 栗领铁爪鹀 (Calcarius ornatus); 黄腹铁爪鹀 (Calcarius pictus)
Passeriformes,雀形目,Calcariidae,Longspurs and Snow Buntings,,Plectrophenax,,2,0,麦氏鹀 (Plectrophenax hyperboreus); 雪鹀 (Plectrophenax nivalis)
Passeriformes,雀形目,Calcariidae,Longspurs and Snow Buntings,,Rhynchophanes,,1,0,麦氏铁爪鹀 (Rhynchophanes mccownii)
Passeriformes,雀形目,Callaeidae,New Zealand Wattlebirds,,Callaeas,,2,0,垂耳鸦 (Callaeas cinereus); 北岛垂耳鸦 (Callaeas wilsoni)
Passeriformes,雀形目,Callaeidae,New Zealand Wattlebirds,,Heteralocha,,1,0,镰嘴垂耳鸦 (Heteralocha acutirostris)
Passeriformes,雀形目,Callaeidae,New Zealand Wattlebirds,,Philesturnus,,2,0,鞍背鸦 (Philesturnus carunculatus); 北岛鞍背鸦 (Philesturnus rufusater)
Passeriformes,雀形目,Calyptomenidae,African and Green Broadbills,,Calyptomena,,3,0,绿阔嘴鸟 (Calyptomena viridis); 丽绿阔嘴鸟 (Calyptomena hosii); 黑喉绿阔嘴鸟 (Calyptomena whiteheadi)
Passeriformes,雀形目,Calyptomenidae,African and Green Broadbills,,Smithornis,,3,0,非洲阔嘴鸟 (Smithornis capensis); 灰头阔嘴鸟 (Smithornis sharpei); 棕胁阔嘴鸟 (Smithornis rufolateralis)
Passeriformes,雀形目,Calyptophilidae,Chat-tanagers,,Calyptophilus,,2,0,西䳭唐纳雀 (Calyptophilus tertius); 东䳭唐纳雀 (Calyptophilus frugivorus)
Passeriformes,雀形目,Campephagidae,Cuckooshrikes,,Campephaga,,4,0,黑鹃鵙 (Campephaga flava); 红腹鹃鵙 (Campephaga petiti); 红肩鹃鵙 (Campephaga phoenicea)
Passeriformes,雀形目,Campephagidae,Cuckooshrikes,,Campochaera,,1,0,橙鹃鵙 (Campochaera sloetii)
Passeriformes,雀形目,Campephagidae,Cuckooshrikes,,Ceblepyris,,5,0,科摩罗鹃鵙 (Ceblepyris cucullatus); 马岛鹃鵙 (Ceblepyris cinereus); 格氏鹃鵙 (Ceblepyris graueri)
Passeriformes,雀形目,Campephagidae,Cuckooshrikes,,Celebesica,,1,0,姬鹃鵙 (Celebesica abbotti)
Passeriformes,雀形目,Campephagidae,Cuckooshrikes,,Coracina,,27,0,厚嘴鹃鵙 (Coracina caeruleogrisea); 黑冠鹃鵙 (Coracina longicauda); 双色鹃鵙 (Coracina bicolor)
Passeriformes,雀形目,Campephagidae,Cuckooshrikes,,Cyanograucalus,,1,0,蓝鹃鵙 (Cyanograucalus azureus)
Passeriformes,雀形目,Campephagidae,Cuckooshrikes,,Edolisoma,,31,0,山鹃鵙 (Edolisoma anale); 菲律宾黑鹃鵙 (Edolisoma coerulescens); 白翅鹃鵙 (Edolisoma ostentum)
Passeriformes,雀形目,Campephagidae,Cuckooshrikes,,Lalage,,20,0,斑鸣鹃鵙 (Lalage maculosa); 萨摩亚鸣鹃鵙 (Lalage sharpei); 长尾鸣鹃鵙 (Lalage leucopyga)
Passeriformes,雀形目,Campephagidae,Cuckooshrikes,,Lobotos,,2,0,加纳鹃鵙 (Lobotos lobatus); 鹂鹃鵙 (Lobotos oriolinus)
Passeriformes,雀形目,Campephagidae,Cuckooshrikes,,Malindangia,,1,0,尖尾鹃鵙 (Malindangia mcgregori)
Passeriformes,雀形目,Cardinalidae,Cardinals and Allies,,Amaurospiza,,4,0,蓝籽雀 (Amaurospiza concolor); 厄瓜多尔食籽雀 (Amaurospiza aequatorialis); 委内瑞拉籽雀 (Amaurospiza carrizalensis)
Passeriformes,雀形目,Cardinalidae,Cardinals and Allies,,Cardinalis,,3,0,锡嘴主红雀 (Cardinalis phoeniceus); 主红雀 (Cardinalis cardinalis); 灰额主红雀 (Cardinalis sinuatus)
Passeriformes,雀形目,Cardinalidae,Cardinals and Allies,,Caryothraustes,,2,0,黑脸厚嘴雀 (Caryothraustes poliogaster); 黄绿厚嘴雀 (Caryothraustes canadensis)
Passeriformes,雀形目,Cardinalidae,Cardinals and Allies,,Chlorothraupis,,4,0,卡氏唐纳雀 (Chlorothraupis carmioli); 绿唐纳雀 (Chlorothraupis frenata); 黄眉绿唐纳雀 (Chlorothraupis olivacea)
Passeriformes,雀形目,Cardinalidae,Cardinals and Allies,,Cyanocompsa,,1,0,蓝彩鹀 (Cyanocompsa parellina)
Passeriformes,雀形目,Cardinalidae,Cardinals and Allies,,Cyanoloxia,,4,0,蓝大彩鹀 (Cyanoloxia glaucocaerulea); 蓝黑彩鹀 (Cyanoloxia cyanoides); 亚马孙彩鹀 (Cyanoloxia rothschildii)
Passeriformes,雀形目,Cardinalidae,Cardinals and Allies,,Driophlox,,4,0,红喉蚁唐纳雀 (Driophlox fuscicauda); 烟色蚁唐纳雀 (Driophlox gutturalis); 黑颊蚁唐纳雀 (Driophlox atrimaxillaris)
Passeriformes,雀形目,Cardinalidae,Cardinals and Allies,,Granatellus,,4,0,红胸䳭莺 (Granatellus venustus); 灰喉䳭莺 (Granatellus sallaei); 玫胸䳭莺 (Granatellus pelzelni)
Passeriformes,雀形目,Cardinalidae,Cardinals and Allies,,Habia,,1,0,红头蚁唐纳雀 (Habia rubica)
Passeriformes,雀形目,Cardinalidae,Cardinals and Allies,,Passerina,,7,0,靛蓝彩鹀 (Passerina cyanea); 白腹蓝彩鹀 (Passerina amoena); 斑翅蓝彩鹀 (Passerina caerulea)
Passeriformes,雀形目,Cardinalidae,Cardinals and Allies,,Periporphyrus,,2,0,黑头红锡嘴雀 (Periporphyrus erythromelas); 朱领锡嘴雀 (Periporphyrus celaeno)
Passeriformes,雀形目,Cardinalidae,Cardinals and Allies,,Pheucticus,,6,0,黄色斑翅雀 (Pheucticus chrysopeplus); 黄腹斑翅雀 (Pheucticus chrysogaster); 黑腿斑翅雀 (Pheucticus tibialis)
Passeriformes,雀形目,Cardinalidae,Cardinals and Allies,,Piranga,,9,0,红头丽唐纳雀 (Piranga erythrocephala); 红冠丽唐纳雀 (Piranga rubriceps); 白翅丽唐纳雀 (Piranga leucoptera)
Passeriformes,雀形目,Cardinalidae,Cardinals and Allies,,Spiza,,1,0,美洲雀 (Spiza americana)
Passeriformes,雀形目,Cettiidae,Bush Warblers and Allies,,Abroscopus,,3,0,黄腹鹟莺 (Abroscopus superciliaris); 棕脸鹟莺 (Abroscopus albogularis); 黑脸鹟莺 (Abroscopus schisticeps)
Passeriformes,雀形目,Cettiidae,Bush Warblers and Allies,,Cettia,,4,0,大树莺 (Cettia major); 棕顶树莺 (Cettia brunnifrons); 栗头地莺 (Cettia castaneocoronata)
Passeriformes,雀形目,Cettiidae,Bush Warblers and Allies,,Hemitesia,,2,0,纽氏丛莺 (Hemitesia neumanni); 淡脚树莺 (Hemitesia pallidipes)
Passeriformes,雀形目,Cettiidae,Bush Warblers and Allies,,Phyllergates,,2,0,褐头缝叶莺 (Phyllergates heterolaemus); 金头拟缝叶莺 (Phyllergates cucullatus)
Passeriformes,雀形目,Cettiidae,Bush Warblers and Allies,,Scotocerca,,1,0,纹鹪莺 (Scotocerca inquieta)
Passeriformes,雀形目,Cettiidae,Bush Warblers and Allies,,Tickellia,,1,0,宽嘴鹟莺 (Tickellia hodgsoni)
Passeriformes,雀形目,Chaetopidae,Rockjumpers,,Chaetops,,2,0,棕岩鸫 (Chaetops frenatus); 橙胸岩鸫 (Chaetops aurantius)
Passeriformes,雀形目,Chloropseidae,Leafbirds,,Chloropsis,,12,0,黄翅叶鹎 (Chloropsis flavipennis); 黄喉叶鹎 (Chloropsis palawanensis); 大绿叶鹎 (Chloropsis sonnerati)
Passeriformes,雀形目,Cinclidae,Dippers,,Cinclus,,5,0,河乌 (Cinclus cinclus); 褐河乌 (Cinclus pallasii); 美洲河乌 (Cinclus mexicanus)
Passeriformes,雀形目,Cinclosomatidae,Jewel-babblers and Quail-thrushes,,Cinclosoma,,8,0,斑鹑鸫 (Cinclosoma punctatum); 栗鹑鸫 (Cinclosoma castanotum); 铜背鹑鸫 (Cinclosoma clarum)
Passeriformes,雀形目,Cinclosomatidae,Jewel-babblers and Quail-thrushes,,Ptilorrhoa,,4,0,斑丽鸫 (Ptilorrhoa leucosticta); 蓝丽鸫 (Ptilorrhoa caerulescens); 棕头丽鸫 (Ptilorrhoa geislerorum)
Passeriformes,雀形目,Cisticolidae,Cisticolas and Allies,,Apalis,,25,0,斑喉娇莺 (Apalis thoracica); 暗喉娇莺 (Apalis fuscigularis); 黄喉娇莺 (Apalis flavigularis)
Passeriformes,雀形目,Cisticolidae,Cisticolas and Allies,,Artisornis,,2,0,红顶缝叶莺 (Artisornis metopias); 长嘴缝叶莺 (Artisornis moreaui)
Passeriformes,雀形目,Cisticolidae,Cisticolas and Allies,,Bathmocercus,,2,0,黑头棕莺 (Bathmocercus cerviniventris); 黑脸棕莺 (Bathmocercus rufus)
Passeriformes,雀形目,Cisticolidae,Cisticolas and Allies,,Calamonastes,,4,0,墨伊拱翅莺 (Calamonastes undosus); 斯氏拱翅莺 (Calamonastes stierlingi); 灰拱翅莺 (Calamonastes simplex)
Passeriformes,雀形目,Cisticolidae,Cisticolas and Allies,,Camaroptera,,4,0,绿背拱翅莺 (Camaroptera brachyura); 绿尾拱翅莺 (Camaroptera harterti); 黄眉拱翅莺 (Camaroptera superciliaris)
Passeriformes,雀形目,Cisticolidae,Cisticolas and Allies,,Cisticola,,53,0,红脸扇尾莺 (Cisticola erythrops); 歌扇尾莺 (Cisticola cantans); 哨声扇尾莺 (Cisticola lateralis)
Passeriformes,雀形目,Cisticolidae,Cisticolas and Allies,,Drymocichla,,1,0,红翅灰莺 (Drymocichla incana)
Passeriformes,雀形目,Cisticolidae,Cisticolas and Allies,,Eminia,,1,0,灰顶莺 (Eminia lepida)
Passeriformes,雀形目,Cisticolidae,Cisticolas and Allies,,Eremomela,,10,0,黄臀孤莺 (Eremomela flavicrissalis); 黄嘴孤莺 (Eremomela icteropygialis); 绿背孤莺 (Eremomela pusilla)
Passeriformes,雀形目,Cisticolidae,Cisticolas and Allies,,Euryptila,,1,0,红胸莺 (Euryptila subcinnamomea)
Passeriformes,雀形目,Cisticolidae,Cisticolas and Allies,,Hypergerus,,1,0,鹂莺 (Hypergerus atriceps)
Passeriformes,雀形目,Cisticolidae,Cisticolas and Allies,,Incana,,1,0,索岛鹪莺 (Incana incana)
Passeriformes,雀形目,Cisticolidae,Cisticolas and Allies,,Malcorus,,1,0,棕耳鹪莺 (Malcorus pectoralis)
Passeriformes,雀形目,Cisticolidae,Cisticolas and Allies,,Micromacronus,,2,0,小雀莺 (Micromacronus leytensis); 棉兰雀莺 (Micromacronus sordidus)
Passeriformes,雀形目,Cisticolidae,Cisticolas and Allies,,Neomixis,,3,0,北杂鹛 (Neomixis tenella); 绿杂鹛 (Neomixis viridis); 纹喉杂鹛 (Neomixis striatigula)
Passeriformes,雀形目,Cisticolidae,Cisticolas and Allies,,Oreolais,,2,0,领娇莺 (Oreolais ruwenzorii); 黑领娇莺 (Oreolais pulcher)
Passeriformes,雀形目,Cisticolidae,Cisticolas and Allies,,Oreophilais,,1,0,罗氏山鹪莺 (Oreophilais robertsi)
Passeriformes,雀形目,Cisticolidae,Cisticolas and Allies,,Orthotomus,,13,0,长尾缝叶莺 (Orthotomus sutorius); 吕宋缝叶莺 (Orthotomus frontalis); 黑喉缝叶莺 (Orthotomus atrogularis)
Passeriformes,雀形目,Cisticolidae,Cisticolas and Allies,,Phragmacia,,1,0,亚纹山鹪莺 (Phragmacia substriata)
Passeriformes,雀形目,Cisticolidae,Cisticolas and Allies,,Phyllolais,,1,0,黄腹莺 (Phyllolais pulchella)
Passeriformes,雀形目,Cisticolidae,Cisticolas and Allies,,Poliolais,,1,0,白尾拱翅莺 (Poliolais lopezi)
Passeriformes,雀形目,Cisticolidae,Cisticolas and Allies,,Scepomycter,,1,0,莫氏莺 (Scepomycter winifredae)
Passeriformes,雀形目,Cisticolidae,Cisticolas and Allies,,Schistolais,,2,0,白眉山鹪莺 (Schistolais leontica); 白颏山鹪莺 (Schistolais leucopogon)
Passeriformes,雀形目,Cisticolidae,Cisticolas and Allies,,Spiloptila,,1,0,蟋蟀鹪莺 (Spiloptila clamans)
Passeriformes,雀形目,Cisticolidae,Cisticolas and Allies,,Urolais,,1,0,绿长尾莺 (Urolais epichlorus)
Passeriformes,雀形目,Climacteridae,Australasian Treecreepers,,Climacteris,,5,0,白眉短嘴旋木雀 (Climacteris affinis); 红眉短嘴旋木雀 (Climacteris erythrops); 褐短嘴旋木雀 (Climacteris picumnus)
Passeriformes,雀形目,Climacteridae,Australasian Treecreepers,,Cormobates,,2,0,短嘴旋木雀 (Cormobates placens); 白喉短嘴旋木雀 (Cormobates leucophaea)
Passeriformes,雀形目,Cnemophilidae,Satinbirds,,Cnemophilus,,2,0,黑短嘴极乐鸟 (Cnemophilus loriae); 黑腹短嘴极乐鸟 (Cnemophilus macgregorii)
Passeriformes,雀形目,Cnemophilidae,Satinbirds,,Loboparadisea,,1,0,黄胸短嘴极乐鸟 (Loboparadisea sericea)
Passeriformes,雀形目,Conopophagidae,Gnateaters,,Conopophaga,,10,0,黑腹食蚊鸟 (Conopophaga melanogaster); 黑颊食蚊鸟 (Conopophaga melanops); 栗带食蚊鸟 (Conopophaga aurita)
Passeriformes,雀形目,Conopophagidae,Gnateaters,,Pittasoma,,2,0,黑顶蚁鸫 (Pittasoma michleri); 棕冠蚁鸫 (Pittasoma rufopileatum)
Passeriformes,雀形目,Corcoracidae,White-winged Chough and Apostlebird,,Corcorax,,1,0,白翅澳鸦 (Corcorax melanorhamphos)
Passeriformes,雀形目,Corcoracidae,White-winged Chough and Apostlebird,,Struthidea,,1,0,灰短嘴澳鸦 (Struthidea cinerea)
Passeriformes,雀形目,Corvidae,"Crows, Jays, and Magpies",,Aphelocoma,,7,0,丛鸦 (Aphelocoma coerulescens); 圣岛丛鸦 (Aphelocoma insularis); 西丛鸦 (Aphelocoma californica)
Passeriformes,雀形目,Corvidae,"Crows, Jays, and Magpies",,Cissa,,4,0,蓝绿鹊 (Cissa chinensis); 印支绿鹊 (Cissa hypoleuca); 短尾绿鹊 (Cissa thalassina)
Passeriformes,雀形目,Corvidae,"Crows, Jays, and Magpies",,Cyanocitta,,2,0,冠蓝鸦 (Cyanocitta cristata); 暗冠蓝鸦 (Cyanocitta stelleri)
Passeriformes,雀形目,Corvidae,"Crows, Jays, and Magpies",,Cyanocorax,,19,0,黑喉鹊鸦 (Cyanocorax colliei); 白喉鹊鸦 (Cyanocorax formosus); 褐鸦 (Cyanocorax morio)
Passeriformes,雀形目,Corvidae,"Crows, Jays, and Magpies",,Cyanolyca,,9,0,白喉蓝头鹊 (Cyanolyca mirabilis); 小蓝头鹊 (Cyanolyca nanus); 黑喉蓝头鹊 (Cyanolyca pumilo)
Passeriformes,雀形目,Corvidae,"Crows, Jays, and Magpies",,Cyanopica,,2,0,蓝尾灰喜鹊 (Cyanopica cooki); 灰喜鹊 (Cyanopica cyanus)
Passeriformes,雀形目,Corvidae,"Crows, Jays, and Magpies",,Dendrocitta,,7,0,棕腹树鹊 (Dendrocitta vagabunda); 灰树鹊 (Dendrocitta formosae); 马来树鹊 (Dendrocitta occipitalis)
Passeriformes,雀形目,Corvidae,"Crows, Jays, and Magpies",,Garrulus,,3,0,松鸦 (Garrulus glandarius); 黑头松鸦 (Garrulus lanceolatus); 琉球松鸦 (Garrulus lidthi)
Passeriformes,雀形目,Corvidae,"Crows, Jays, and Magpies",,Gymnorhinus,,1,0,蓝头鸦 (Gymnorhinus cyanocephalus)
Passeriformes,雀形目,Corvidae,"Crows, Jays, and Magpies",,Platysmurus,,2,0,白翅鹊 (Platysmurus leucopterus); 婆罗洲白翅鹊 (Platysmurus aterrimus)
Passeriformes,雀形目,Corvidae,"Crows, Jays, and Magpies",,Ptilostomus,,1,0,须嘴鸦 (Ptilostomus afer)
Passeriformes,雀形目,Corvidae,"Crows, Jays, and Magpies",,Pyrrhocorax,,2,0,黄嘴山鸦 (Pyrrhocorax graculus); 红嘴山鸦 (Pyrrhocorax pyrrhocorax)
Passeriformes,雀形目,Corvidae,"Crows, Jays, and Magpies",,Zavattariornis,,1,0,灰丛鸦 (Zavattariornis stresemanni)
Passeriformes,雀形目,Cotingidae,Cotingas,,Ampelioides,,1,0,鳞斑食果伞鸟 (Ampelioides tschudii)
Passeriformes,雀形目,Cotingidae,Cotingas,,Ampelion,,2,0,红冠伞鸟 (Ampelion rubrocristatus); 栗冠伞鸟 (Ampelion rufaxilla)
Passeriformes,雀形目,Cotingidae,Cotingas,,Carpodectes,,3,0,南美白伞鸟 (Carpodectes hopkei); 黄嘴白伞鸟 (Carpodectes antoniae); 中美白伞鸟 (Carpodectes nitidus)
Passeriformes,雀形目,Cotingidae,Cotingas,,Carpornis,,2,0,黑头食果伞鸟 (Carpornis melanocephala); 冠食果伞鸟 (Carpornis cucullata)
Passeriformes,雀形目,Cotingidae,Cotingas,,Cephalopterus,,3,0,裸颈伞鸟 (Cephalopterus glabricollis); 亚马孙伞鸟 (Cephalopterus ornatus); 长耳垂伞鸟 (Cephalopterus penduliger)
Passeriformes,雀形目,Cotingidae,Cotingas,,Conioptilon,,1,0,黑脸伞鸟 (Conioptilon mcilhennyi)
Passeriformes,雀形目,Cotingidae,Cotingas,,Cotinga,,7,0,秀丽伞鸟 (Cotinga amabilis); 绿伞鸟 (Cotinga ridgwayi); 蓝伞鸟 (Cotinga nattererii)
Passeriformes,雀形目,Cotingidae,Cotingas,,Doliornis,,2,0,栗肛伞鸟 (Doliornis sclateri); 栗腹伞鸟 (Doliornis remseni)
Passeriformes,雀形目,Cotingidae,Cotingas,,Gymnoderus,,1,0,裸颈果伞鸟 (Gymnoderus foetidus)
Passeriformes,雀形目,Cotingidae,Cotingas,,Haematoderus,,1,0,绯红果伞鸟 (Haematoderus militaris)
Passeriformes,雀形目,Cotingidae,Cotingas,,Lipaugus,,9,0,棕伞鸟 (Lipaugus unirufus); 红领伞鸟 (Lipaugus streptophorus); 尖声伞鸟 (Lipaugus vociferans)
Passeriformes,雀形目,Cotingidae,Cotingas,,Perissocephalus,,1,0,三色伞鸟 (Perissocephalus tricolor)
Passeriformes,雀形目,Cotingidae,Cotingas,,Phibalura,,1,0,燕尾伞鸟 (Phibalura flavirostris)
Passeriformes,雀形目,Cotingidae,Cotingas,,Phoenicircus,,2,0,圭亚那红伞鸟 (Phoenicircus carnifex); 黑颈红伞鸟 (Phoenicircus nigricollis)
Passeriformes,雀形目,Cotingidae,Cotingas,,Phytotoma,,3,0,秘鲁割草鸟 (Phytotoma raimondii); 红胸割草鸟 (Phytotoma rutila); 棕尾割草鸟 (Phytotoma rara)
Passeriformes,雀形目,Cotingidae,Cotingas,,Pipreola,,11,0,绿黑食果伞鸟 (Pipreola riefferii); 斑尾食果伞鸟 (Pipreola intermedia); 横斑食果伞鸟 (Pipreola arcuata)
Passeriformes,雀形目,Cotingidae,Cotingas,,Porphyrolaema,,1,0,紫喉伞鸟 (Porphyrolaema porphyrolaema)
Passeriformes,雀形目,Cotingidae,Cotingas,,Procnias,,4,0,肉垂钟伞鸟 (Procnias tricarunculatus); 白钟伞鸟 (Procnias albus); 须钟伞鸟 (Procnias averano)
Passeriformes,雀形目,Cotingidae,Cotingas,,Pyroderus,,1,0,红领果伞鸟 (Pyroderus scutatus)
Passeriformes,雀形目,Cotingidae,Cotingas,,Querula,,1,0,紫喉果伞鸟 (Querula purpurata)
Passeriformes,雀形目,Cotingidae,Cotingas,,Rupicola,,2,0,圭亚那冠伞鸟 (Rupicola rupicola); 安第斯冠伞鸟 (Rupicola peruvianus)
Passeriformes,雀形目,Cotingidae,Cotingas,,Snowornis,,2,0,灰尾伞鸟 (Snowornis subalaris); 橄榄绿伞鸟 (Snowornis cryptolophus)
Passeriformes,雀形目,Cotingidae,Cotingas,,Xipholena,,3,0,白翅紫伞鸟 (Xipholena punicea); 白尾伞鸟 (Xipholena lamellipennis); 白翅伞鸟 (Xipholena atropurpurea)
Passeriformes,雀形目,Cotingidae,Cotingas,,Zaratornis,,1,0,白颊伞鸟 (Zaratornis stresemanni)
Passeriformes,雀形目,Dasyornithidae,Bristlebirds,,Dasyornis,,3,0,西刺莺 (Dasyornis longirostris); 棕刺莺 (Dasyornis brachypterus); 短翅刺莺 (Dasyornis broadbenti)
Passeriformes,雀形目,Dicaeidae,Flowerpeckers,,Dicaeum,,44,0,眼镜啄花鸟 (Dicaeum dayakorum); 金腰啄花鸟 (Dicaeum annae); 黄胁啄花鸟 (Dicaeum aureolimbatum)
Passeriformes,雀形目,Dicaeidae,Flowerpeckers,,Prionochilus,,5,0,黄喉锯齿啄花鸟 (Prionochilus maculatus); 绯胸锯齿啄花鸟 (Prionochilus percussus); 巴拉望啄花鸟 (Prionochilus plateni)
Passeriformes,雀形目,Donacobiidae,Donacobius,,Donacobius,,1,0,黑顶鹪莺 (Donacobius atricapilla)
Passeriformes,雀形目,Dulidae,Palmchat,,Dulus,,1,0,棕榈䳭 (Dulus dominicus)
Passeriformes,雀形目,Erythrocercidae,Yellow Flycatchers,,Erythrocercus,,3,0,栗顶红鹟 (Erythrocercus mccallii); 黄红鹟 (Erythrocercus holochlorus); 利氏红鹟 (Erythrocercus livingstonei)
Passeriformes,雀形目,Estrildidae,"Munias, Parrotfinches, Waxbills, and Allies",,Amadina,,2,0,红头环喉雀 (Amadina erythrocephala); 环喉雀 (Amadina fasciata)
Passeriformes,雀形目,Estrildidae,"Munias, Parrotfinches, Waxbills, and Allies",,Amandava,,3,0,绿梅花雀 (Amandava formosa); 橙胸梅花雀 (Amandava subflava); 红梅花雀 (Amandava amandava)
Passeriformes,雀形目,Estrildidae,"Munias, Parrotfinches, Waxbills, and Allies",,Brunhilda,,2,0,黑颊梅花雀 (Brunhilda erythronotos); 红腰梅花雀 (Brunhilda charmosyna)
Passeriformes,雀形目,Estrildidae,"Munias, Parrotfinches, Waxbills, and Allies",,Chloebia,,1,0,七彩文鸟 (Chloebia gouldiae)
Passeriformes,雀形目,Estrildidae,"Munias, Parrotfinches, Waxbills, and Allies",,Clytospiza,,1,0,褐双点雀 (Clytospiza monteiri)
Passeriformes,雀形目,Estrildidae,"Munias, Parrotfinches, Waxbills, and Allies",,Coccopygia,,3,0,黄腹梅花雀 (Coccopygia quartinia); 安哥拉梅花雀 (Coccopygia bocagei); 黑颊黄腹梅花雀 (Coccopygia melanotis)
Passeriformes,雀形目,Estrildidae,"Munias, Parrotfinches, Waxbills, and Allies",,Cryptospiza,,4,0,谢氏朱翅雀 (Cryptospiza shelleyi); 暗腹朱翅雀 (Cryptospiza jacksoni); 绿背朱翅雀 (Cryptospiza salvadorii)
Passeriformes,雀形目,Estrildidae,"Munias, Parrotfinches, Waxbills, and Allies",,Delacourella,,1,0,灰头绿背织雀 (Delacourella capistrata)
Passeriformes,雀形目,Estrildidae,"Munias, Parrotfinches, Waxbills, and Allies",,Emblema,,3,0,彩火尾雀 (Emblema pictum); 星雀 (Emblema ruficauda); 褐头星雀 (Emblema modestum)
Passeriformes,雀形目,Estrildidae,"Munias, Parrotfinches, Waxbills, and Allies",,Erythrura,,11,0,长尾鹦雀 (Erythrura prasina); 绿脸鹦雀 (Erythrura viridifacies); 绿尾鹦雀 (Erythrura hyperythra)
Passeriformes,雀形目,Estrildidae,"Munias, Parrotfinches, Waxbills, and Allies",,Estrilda,,11,0,黑顶梅花雀 (Estrilda nonnula); 坎氏梅花雀 (Estrilda kandti); 黑头梅花雀 (Estrilda atricapilla)
Passeriformes,雀形目,Estrildidae,"Munias, Parrotfinches, Waxbills, and Allies",,Euodice,,2,0,白喉文鸟 (Euodice malabarica); 银嘴文鸟 (Euodice cantans)
Passeriformes,雀形目,Estrildidae,"Munias, Parrotfinches, Waxbills, and Allies",,Euschistospiza,,2,0,朱背双斑雀 (Euschistospiza dybowskii); 乌双斑雀 (Euschistospiza cinereovinacea)
Passeriformes,雀形目,Estrildidae,"Munias, Parrotfinches, Waxbills, and Allies",,Glaucestrilda,,3,0,淡蓝梅花雀 (Glaucestrilda caerulescens); 黑尾梅花雀 (Glaucestrilda perreini); 纽氏梅花雀 (Glaucestrilda thomensis)
Passeriformes,雀形目,Estrildidae,"Munias, Parrotfinches, Waxbills, and Allies",,Granatina,,2,0,紫耳蓝饰雀 (Granatina granatina); 紫蓝饰雀 (Granatina ianthinogaster)
Passeriformes,雀形目,Estrildidae,"Munias, Parrotfinches, Waxbills, and Allies",,Heteromunia,,1,0,斑胸文鸟 (Heteromunia pectoralis)
Passeriformes,雀形目,Estrildidae,"Munias, Parrotfinches, Waxbills, and Allies",,Hypargos,,2,0,玫胸斑雀 (Hypargos margaritatus); 朱胸斑雀 (Hypargos niveoguttatus)
Passeriformes,雀形目,Estrildidae,"Munias, Parrotfinches, Waxbills, and Allies",,Lagonosticta,,10,0,红嘴火雀 (Lagonosticta senegala); 褐背火雀 (Lagonosticta nitidula); 斑胸火雀 (Lagonosticta rufopicta)
Passeriformes,雀形目,Estrildidae,"Munias, Parrotfinches, Waxbills, and Allies",,Lepidopygia,,1,0,马岛文鸟 (Lepidopygia nana)
Passeriformes,雀形目,Estrildidae,"Munias, Parrotfinches, Waxbills, and Allies",,Mandingoa,,1,0,绿背斑雀 (Mandingoa nitidula)
Passeriformes,雀形目,Estrildidae,"Munias, Parrotfinches, Waxbills, and Allies",,Mayrimunia,,2,0,白斑文鸟 (Mayrimunia leucosticta); 纹头文鸟 (Mayrimunia tristissima)
Passeriformes,雀形目,Estrildidae,"Munias, Parrotfinches, Waxbills, and Allies",,Neochmia,,2,0,赤胸星雀 (Neochmia phaeton); 红眉火尾雀 (Neochmia temporalis)
Passeriformes,雀形目,Estrildidae,"Munias, Parrotfinches, Waxbills, and Allies",,Nesocharis,,2,0,白领绿背织雀 (Nesocharis ansorgei); 小绿背织雀 (Nesocharis shelleyi)
Passeriformes,雀形目,Estrildidae,"Munias, Parrotfinches, Waxbills, and Allies",,Nigrita,,4,0,白胸黑雀 (Nigrita fusconotus); 栗胸黑雀 (Nigrita bicolor); 灰冠黑雀 (Nigrita canicapillus)
Passeriformes,雀形目,Estrildidae,"Munias, Parrotfinches, Waxbills, and Allies",,Oreostruthus,,1,0,红胁火尾雀 (Oreostruthus fuliginosus)
Passeriformes,雀形目,Estrildidae,"Munias, Parrotfinches, Waxbills, and Allies",,Ortygospiza,,1,0,黑喉鹑雀 (Ortygospiza atricollis)
Passeriformes,雀形目,Estrildidae,"Munias, Parrotfinches, Waxbills, and Allies",,Paludipasser,,1,0,蝗鹑雀 (Paludipasser locustella)
Passeriformes,雀形目,Estrildidae,"Munias, Parrotfinches, Waxbills, and Allies",,Parmoptila,,3,0,红额啄花雀 (Parmoptila rubrifrons); 啄花雀 (Parmoptila woodhousei); 雨林红额啄花雀 (Parmoptila jamesoni)
Passeriformes,雀形目,Estrildidae,"Munias, Parrotfinches, Waxbills, and Allies",,Poephila,,3,0,白耳草雀 (Poephila personata); 长尾草雀 (Poephila acuticauda); 黑喉草雀 (Poephila cincta)
Passeriformes,雀形目,Estrildidae,"Munias, Parrotfinches, Waxbills, and Allies",,Pyrenestes,,3,0,小裂籽雀 (Pyrenestes minor); 赤红裂籽雀 (Pyrenestes sanguineus); 黑腹裂籽雀 (Pyrenestes ostrinus)
Passeriformes,雀形目,Estrildidae,"Munias, Parrotfinches, Waxbills, and Allies",,Pytilia,,5,0,绿翅斑腹雀 (Pytilia melba); 橙翅斑腹雀 (Pytilia afra); 红翅斑腹雀 (Pytilia phoenicoptera)
Passeriformes,雀形目,Estrildidae,"Munias, Parrotfinches, Waxbills, and Allies",,Spermestes,,4,0,斑颊文鸟 (Spermestes griseicapilla); 铜色文鸟 (Spermestes cucullata); 鹊文鸟 (Spermestes fringilloides)
Passeriformes,雀形目,Estrildidae,"Munias, Parrotfinches, Waxbills, and Allies",,Spermophaga,,3,0,灰颊蓝嘴雀 (Spermophaga poliogenys); 红胸蓝嘴雀 (Spermophaga haematina); 红头蓝嘴雀 (Spermophaga ruficapilla)
Passeriformes,雀形目,Estrildidae,"Munias, Parrotfinches, Waxbills, and Allies",,Stagonopleura,,3,0,斑胁火尾雀 (Stagonopleura guttata); 红耳火尾雀 (Stagonopleura oculata); 艳火尾雀 (Stagonopleura bella)
Passeriformes,雀形目,Estrildidae,"Munias, Parrotfinches, Waxbills, and Allies",,Stizoptera,,1,0,双斑草雀 (Stizoptera bichenovii)
Passeriformes,雀形目,Estrildidae,"Munias, Parrotfinches, Waxbills, and Allies",,Taeniopygia,,1,0,巽他斑胸草雀 (Taeniopygia guttata)
Passeriformes,雀形目,Estrildidae,"Munias, Parrotfinches, Waxbills, and Allies",,Uraeginthus,,3,0,蓝饰雀 (Uraeginthus angolensis); 红颊蓝饰雀 (Uraeginthus bengalus); 蓝顶蓝饰雀 (Uraeginthus cyanocephalus)
Passeriformes,雀形目,Eulacestomatidae,Ploughbill,,Eulacestoma,,1,0,肉垂犁嘴鸟 (Eulacestoma nigropectus)
Passeriformes,雀形目,Eupetidae,Rail-babbler,,Eupetes,,1,0,白眉长颈鸫 (Eupetes macrocerus)
Passeriformes,雀形目,Eurylaimidae,Grauer's Broadbill and Asian Broadbills,,Corydon,,1,0,暗色阔嘴鸟 (Corydon sumatranus)
Passeriformes,雀形目,Eurylaimidae,Grauer's Broadbill and Asian Broadbills,,Cymbirhynchus,,1,0,黑红阔嘴鸟 (Cymbirhynchus macrorhynchos)
Passeriformes,雀形目,Eurylaimidae,Grauer's Broadbill and Asian Broadbills,,Eurylaimus,,2,0,黑黄阔嘴鸟 (Eurylaimus ochromalus); 带斑阔嘴鸟 (Eurylaimus javanicus)
Passeriformes,雀形目,Eurylaimidae,Grauer's Broadbill and Asian Broadbills,,Psarisomus,,1,0,长尾阔嘴鸟 (Psarisomus dalhousiae)
Passeriformes,雀形目,Eurylaimidae,Grauer's Broadbill and Asian Broadbills,,Pseudocalyptomena,,1,0,非洲绿阔嘴鸟 (Pseudocalyptomena graueri)
Passeriformes,雀形目,Eurylaimidae,Grauer's Broadbill and Asian Broadbills,,Sarcophanops,,2,0,肉垂阔嘴鸟 (Sarcophanops steerii); 米岛阔嘴鸟 (Sarcophanops samarensis)
Passeriformes,雀形目,Falcunculidae,Shriketits,,Falcunculus,,3,0,东鵙雀鹟 (Falcunculus frontatus); 西鵙雀鹟 (Falcunculus leucogaster); 北鵙雀鹟 (Falcunculus whitei)
Passeriformes,雀形目,Formicariidae,Antthrushes,,Chamaeza,,6,0,短尾蚁鸫 (Chamaeza campanisona); 纵纹蚁鸫 (Chamaeza nobilis); 萨氏蚁鸫 (Chamaeza meruloides)
Passeriformes,雀形目,Formicariidae,Antthrushes,,Formicarius,,6,0,棕顶蚁鸫 (Formicarius colma); 玛雅蚁鸫 (Formicarius moniliger); 黑脸蚁鸫 (Formicarius analis)
Passeriformes,雀形目,Fringillidae,"Finches, Euphonias, and Allies",,Acanthis,,1,0,白腰朱顶雀 (Acanthis flammea)
Passeriformes,雀形目,Fringillidae,"Finches, Euphonias, and Allies",,Akialoa,,4,0,长嘴导颚雀 (Akialoa obscura); 大喙雀 (Akialoa ellisiana); 考艾大喙雀 (Akialoa stejnegeri)
Passeriformes,雀形目,Fringillidae,"Finches, Euphonias, and Allies",,Bucanetes,,2,0,蒙古沙雀 (Bucanetes mongolicus); 沙雀 (Bucanetes githagineus)
Passeriformes,雀形目,Fringillidae,"Finches, Euphonias, and Allies",,Callacanthis,,1,0,红眉金翅雀 (Callacanthis burtoni)
Passeriformes,雀形目,Fringillidae,"Finches, Euphonias, and Allies",,Carduelis,,4,0,桔黄丝雀 (Carduelis citrinella); 科西嘉黄丝雀 (Carduelis corsicana); 灰冠金翅雀 (Carduelis caniceps)
Passeriformes,雀形目,Fringillidae,"Finches, Euphonias, and Allies",,Chloridops,,1,0,科纳松雀 (Chloridops kona)
Passeriformes,雀形目,Fringillidae,"Finches, Euphonias, and Allies",,Chloris,,5,0,欧金翅雀 (Chloris chloris); 金翅雀 (Chloris sinica); 高山金翅雀 (Chloris spinoides)
Passeriformes,雀形目,Fringillidae,"Finches, Euphonias, and Allies",,Chlorodrepanis,,3,0,夏威夷绿雀 (Chlorodrepanis virens); 瓦岛绿雀 (Chlorodrepanis flava); 考岛绿雀 (Chlorodrepanis stejnegeri)
Passeriformes,雀形目,Fringillidae,"Finches, Euphonias, and Allies",,Chlorophonia,,10,0,亮丽歌雀 (Chlorophonia elegantissima); 蓝头歌雀 (Chlorophonia musica); 波多黎各歌雀 (Chlorophonia sclateri)
Passeriformes,雀形目,Fringillidae,"Finches, Euphonias, and Allies",,Chrysocorythus,,2,0,棉岛金丝雀 (Chrysocorythus mindanensis); 山金丝雀 (Chrysocorythus estherae)
Passeriformes,雀形目,Fringillidae,"Finches, Euphonias, and Allies",,Ciridops,,1,0,安娜黑领雀 (Ciridops anna)
Passeriformes,雀形目,Fringillidae,"Finches, Euphonias, and Allies",,Coccothraustes,,1,0,锡嘴雀 (Coccothraustes coccothraustes)
Passeriformes,雀形目,Fringillidae,"Finches, Euphonias, and Allies",,Crithagra,,38,0,白腰丝雀 (Crithagra leucopygia); 黄额丝雀 (Crithagra mozambica); 非洲丝雀 (Crithagra citrinelloides)
Passeriformes,雀形目,Fringillidae,"Finches, Euphonias, and Allies",,Drepanis,,3,0,镰嘴管舌雀 (Drepanis coccinea); 夏威夷监督吸蜜鸟 (Drepanis pacifica); 黑监督吸蜜鸟 (Drepanis funerea)
Passeriformes,雀形目,Fringillidae,"Finches, Euphonias, and Allies",,Dysmorodrepanis,,1,0,夏威夷钩嘴雀 (Dysmorodrepanis munroi)
Passeriformes,雀形目,Fringillidae,"Finches, Euphonias, and Allies",,Eophona,,2,0,黑头蜡嘴雀 (Eophona personata); 黑尾蜡嘴雀 (Eophona migratoria)
Passeriformes,雀形目,Fringillidae,"Finches, Euphonias, and Allies",,Euphonia,,25,0,牙买加歌雀 (Euphonia jamaica); 橙冠歌雀 (Euphonia saturata); 铅灰歌雀 (Euphonia plumbea)
Passeriformes,雀形目,Fringillidae,"Finches, Euphonias, and Allies",,Fringilla,,8,0,燕雀 (Fringilla montifringilla); 蓝燕雀 (Fringilla teydea); 加纳利蓝燕雀 (Fringilla polatzeki)
Passeriformes,雀形目,Fringillidae,"Finches, Euphonias, and Allies",,Haemorhous,,3,0,家朱雀 (Haemorhous mexicanus); 紫朱雀 (Haemorhous purpureus); 卡氏朱雀 (Haemorhous cassinii)
Passeriformes,雀形目,Fringillidae,"Finches, Euphonias, and Allies",,Hemignathus,,4,0,考岛短镰嘴雀 (Hemignathus hanapepe); 短镰嘴雀 (Hemignathus lucidus); 茂岛短镰嘴雀 (Hemignathus affinis)
Passeriformes,雀形目,Fringillidae,"Finches, Euphonias, and Allies",,Hesperiphona,,2,0,黄昏锡嘴雀 (Hesperiphona vespertina); 黑头锡嘴雀 (Hesperiphona abeillei)
Passeriformes,雀形目,Fringillidae,"Finches, Euphonias, and Allies",,Himatione,,2,0,白臀蜜雀 (Himatione sanguinea); 莱岛蜜雀 (Himatione fraithii)
Passeriformes,雀形目,Fringillidae,"Finches, Euphonias, and Allies",,Leucosticte,,6,0,林岭雀 (Leucosticte nemoricola); 高山岭雀 (Leucosticte brandti); 粉红腹岭雀 (Leucosticte arctoa)
Passeriformes,雀形目,Fringillidae,"Finches, Euphonias, and Allies",,Linaria,,4,0,黄嘴朱顶雀 (Linaria flavirostris); 赤胸朱顶雀 (Linaria cannabina); 也门朱顶雀 (Linaria yemenensis)
Passeriformes,雀形目,Fringillidae,"Finches, Euphonias, and Allies",,Linurgus,,1,0,鹂雀 (Linurgus olivaceus)
Passeriformes,雀形目,Fringillidae,"Finches, Euphonias, and Allies",,Loxia,,6,0,海地交嘴雀 (Loxia megaplaga); 白翅交嘴雀 (Loxia leucoptera); 鹦交嘴雀 (Loxia pytyopsittacus)
Passeriformes,雀形目,Fringillidae,"Finches, Euphonias, and Allies",,Loxioides,,1,0,黄胸管舌雀 (Loxioides bailleui)
Passeriformes,雀形目,Fringillidae,"Finches, Euphonias, and Allies",,Loxops,,5,0,夏威夷悬木雀 (Loxops mana); 考岛管舌雀 (Loxops caeruleirostris); 红管舌雀 (Loxops coccineus)
Passeriformes,雀形目,Fringillidae,"Finches, Euphonias, and Allies",,Magumma,,1,0,小绿雀 (Magumma parva)
Passeriformes,雀形目,Fringillidae,"Finches, Euphonias, and Allies",,Melamprosops,,1,0,毛岛蜜雀 (Melamprosops phaeosoma)
Passeriformes,雀形目,Fringillidae,"Finches, Euphonias, and Allies",,Oreomystis,,1,0,考岛悬木雀 (Oreomystis bairdi)
Passeriformes,雀形目,Fringillidae,"Finches, Euphonias, and Allies",,Palmeria,,1,0,冠旋蜜雀 (Palmeria dolei)
Passeriformes,雀形目,Fringillidae,"Finches, Euphonias, and Allies",,Paroreomyza,,3,0,瓦岛管舌雀 (Paroreomyza maculata); 莫岛管舌雀 (Paroreomyza flammea); 毛岛管舌雀 (Paroreomyza montana)
Passeriformes,雀形目,Fringillidae,"Finches, Euphonias, and Allies",,Pinicola,,1,0,松雀 (Pinicola enucleator)
Passeriformes,雀形目,Fringillidae,"Finches, Euphonias, and Allies",,Procarduelis,,1,0,暗胸朱雀 (Procarduelis nipalensis)
Passeriformes,雀形目,Fringillidae,"Finches, Euphonias, and Allies",,Pseudonestor,,1,0,毛岛鹦嘴雀 (Pseudonestor xanthophrys)
Passeriformes,雀形目,Fringillidae,"Finches, Euphonias, and Allies",,Psittirostra,,1,0,鹦嘴管舌雀 (Psittirostra psittacea)
Passeriformes,雀形目,Fringillidae,"Finches, Euphonias, and Allies",,Rhodacanthis,,2,0,大管舌鸟 (Rhodacanthis palmeri); 黄头拟管舌鸟 (Rhodacanthis flaviceps)
Passeriformes,雀形目,Fringillidae,"Finches, Euphonias, and Allies",,Rhodopechys,,1,0,红翅沙雀 (Rhodopechys sanguineus)
Passeriformes,雀形目,Fringillidae,"Finches, Euphonias, and Allies",,Rhynchostruthus,,3,0,阿拉伯锡嘴雀 (Rhynchostruthus percivali); 金翅锡嘴雀 (Rhynchostruthus socotranus); 索马里锡嘴雀 (Rhynchostruthus louisae)
Passeriformes,雀形目,Fringillidae,"Finches, Euphonias, and Allies",,Telespiza,,2,0,莱岛拟管舌雀 (Telespiza cantans); 尼岛拟管舌雀 (Telespiza ultima)
Passeriformes,雀形目,Fringillidae,"Finches, Euphonias, and Allies",,Viridonia,,1,0,大颚雀 (Viridonia sagittirostris)
Passeriformes,雀形目,Furnariidae,Ovenbirds and Woodcreepers,,Acrobatornis,,1,0,粉腿针尾雀 (Acrobatornis fonsecai)
Passeriformes,雀形目,Furnariidae,Ovenbirds and Woodcreepers,,Anabacerthia,,5,0,鳞喉拾叶雀 (Anabacerthia variegaticeps); 高山拾叶雀 (Anabacerthia striaticollis); 棕尾拾叶雀 (Anabacerthia ruficaudata)
Passeriformes,雀形目,Furnariidae,Ovenbirds and Woodcreepers,,Anabazenops,,2,0,白领拾叶雀 (Anabazenops fuscus); 冠拾叶雀 (Anabazenops dorsalis)
Passeriformes,雀形目,Furnariidae,Ovenbirds and Woodcreepers,,Ancistrops,,1,0,栗翅钩嘴雀 (Ancistrops strigilatus)
Passeriformes,雀形目,Furnariidae,Ovenbirds and Woodcreepers,,Anumbius,,1,0,集木雀 (Anumbius annumbi)
Passeriformes,雀形目,Furnariidae,Ovenbirds and Woodcreepers,,Aphrastura,,2,0,马萨岛雷雀 (Aphrastura masafuerae); 棘尾雷雀 (Aphrastura spinicauda)
Passeriformes,雀形目,Furnariidae,Ovenbirds and Woodcreepers,,Asthenes,,29,0,白胸卡纳灶鸟 (Asthenes dorbignyi); 暗翅卡纳灶鸟 (Asthenes arequipae); 苍尾卡纳灶鸟 (Asthenes huancavelicae)
Passeriformes,雀形目,Furnariidae,Ovenbirds and Woodcreepers,,Automolus,,11,0,栗冠拾叶雀 (Automolus rufipileatus); 褐腰拾叶雀 (Automolus melanopezus); 北黄喉拾叶雀 (Automolus cervinigularis)
Passeriformes,雀形目,Furnariidae,Ovenbirds and Woodcreepers,,Berlepschia,,1,0,尖尾棕榈雀 (Berlepschia rikeri)
Passeriformes,雀形目,Furnariidae,Ovenbirds and Woodcreepers,,Campylorhamphus,,6,0,红嘴镰嘴䴕雀 (Campylorhamphus trochilirostris); 黑嘴镰嘴䴕雀 (Campylorhamphus falcularius); 淡嘴镰嘴䴕雀 (Campylorhamphus procurvoides)
Passeriformes,雀形目,Furnariidae,Ovenbirds and Woodcreepers,,Certhiasomus,,1,0,斑喉䴕雀 (Certhiasomus stictolaemus)
Passeriformes,雀形目,Furnariidae,Ovenbirds and Woodcreepers,,Certhiaxis,,2,0,红白针尾雀 (Certhiaxis mustelinus); 黄颏针尾雀 (Certhiaxis cinnamomeus)
Passeriformes,雀形目,Furnariidae,Ovenbirds and Woodcreepers,,Cichlocolaptes,,2,0,隐秘树猎雀 (Cichlocolaptes mazarbarnetti); 淡眉树猎雀 (Cichlocolaptes leucophrus)
Passeriformes,雀形目,Furnariidae,Ovenbirds and Woodcreepers,,Cinclodes,,15,0,长尾抖尾地雀 (Cinclodes pabsti); 斑翅抖尾地雀 (Cinclodes fuscus); 淡黑抖尾地雀 (Cinclodes antarcticus)
Passeriformes,雀形目,Furnariidae,Ovenbirds and Woodcreepers,,Clibanornis,,5,0,栗顶拾叶雀 (Clibanornis rectirostris); 地棘雀 (Clibanornis dendrocolaptoides); 红冠拾叶雀 (Clibanornis erythrocephalus)
Passeriformes,雀形目,Furnariidae,Ovenbirds and Woodcreepers,,Coryphistera,,1,0,拟鹨灌丛雀 (Coryphistera alaudina)
Passeriformes,雀形目,Furnariidae,Ovenbirds and Woodcreepers,,Cranioleuca,,20,0,锈背软尾雀 (Cranioleuca berlepschi); 秘鲁针尾雀 (Cranioleuca marcapatae); 维山针尾雀 (Cranioleuca weskei)
Passeriformes,雀形目,Furnariidae,Ovenbirds and Woodcreepers,,Deconychura,,3,0,小长尾䴕雀 (Deconychura typica); 长尾䴕雀 (Deconychura longicauda); 南长尾䴕雀 (Deconychura pallida)
Passeriformes,雀形目,Furnariidae,Ovenbirds and Woodcreepers,,Dendrexetastes,,1,0,红喉䴕雀 (Dendrexetastes rufigula)
Passeriformes,雀形目,Furnariidae,Ovenbirds and Woodcreepers,,Dendrocincla,,6,0,霸䴕雀 (Dendrocincla tyrannina); 白颏䴕雀 (Dendrocincla merula); 黄䴕雀 (Dendrocincla homochroa)
Passeriformes,雀形目,Furnariidae,Ovenbirds and Woodcreepers,,Dendrocolaptes,,5,0,北斑䴕雀 (Dendrocolaptes sanctithomae); 斑䴕雀 (Dendrocolaptes certhia); 黑斑䴕雀 (Dendrocolaptes picumnus)
Passeriformes,雀形目,Furnariidae,Ovenbirds and Woodcreepers,,Dendroma,,2,0,栗翅拾叶雀 (Dendroma erythroptera); 黄额拾叶雀 (Dendroma rufa)
Passeriformes,雀形目,Furnariidae,Ovenbirds and Woodcreepers,,Dendroplex,,2,0,奇氏䴕雀 (Dendroplex kienerii); 直嘴䴕雀 (Dendroplex picus)
Passeriformes,雀形目,Furnariidae,Ovenbirds and Woodcreepers,,Drymornis,,1,0,弯嘴䴕雀 (Drymornis bridgesii)
Passeriformes,雀形目,Furnariidae,Ovenbirds and Woodcreepers,,Drymotoxeres,,1,0,大镰嘴䴕雀 (Drymotoxeres pucheranii)
Passeriformes,雀形目,Furnariidae,Ovenbirds and Woodcreepers,,Furnarius,,8,0,白斑灶鸟 (Furnarius figulus); 太平洋灶鸟 (Furnarius cinnamomeus); 加勒比灶鸟 (Furnarius longirostris)
Passeriformes,雀形目,Furnariidae,Ovenbirds and Woodcreepers,,Geocerthia,,1,0,条纹爬地雀 (Geocerthia serrana)
Passeriformes,雀形目,Furnariidae,Ovenbirds and Woodcreepers,,Geositta,,11,0,岸掘穴雀 (Geositta peruviana); 细嘴掘穴雀 (Geositta tenuirostris); 掘穴雀 (Geositta cunicularia)
Passeriformes,雀形目,Furnariidae,Ovenbirds and Woodcreepers,,Glyphorynchus,,1,0,楔嘴䴕雀 (Glyphorynchus spirurus)
Passeriformes,雀形目,Furnariidae,Ovenbirds and Woodcreepers,,Heliobletus,,1,0,尖嘴树猎雀 (Heliobletus contaminatus)
Passeriformes,雀形目,Furnariidae,Ovenbirds and Woodcreepers,,Hellmayrea,,1,0,白眉针尾雀 (Hellmayrea gularis)
Passeriformes,雀形目,Furnariidae,Ovenbirds and Woodcreepers,,Hylexetastes,,3,0,斑腹䴕雀 (Hylexetastes stresemanni); 红嘴䴕雀 (Hylexetastes perrotii); 纯色䴕雀 (Hylexetastes uniformis)
Passeriformes,雀形目,Furnariidae,Ovenbirds and Woodcreepers,,Lepidocolaptes,,11,0,纹头䴕雀 (Lepidocolaptes souleyetii); 窄嘴䴕雀 (Lepidocolaptes angustirostris); 白纹䴕雀 (Lepidocolaptes leucogaster)
Passeriformes,雀形目,Furnariidae,Ovenbirds and Woodcreepers,,Leptasthenura,,9,0,褐顶针尾雀 (Leptasthenura fuliginiceps); 须针尾雀 (Leptasthenura platensis); 纯背针尾雀 (Leptasthenura aegithaloides)
Passeriformes,雀形目,Furnariidae,Ovenbirds and Woodcreepers,,Limnoctites,,2,0,直嘴芦雀 (Limnoctites rectirostris); 黄须针尾雀 (Limnoctites sulphuriferus)
Passeriformes,雀形目,Furnariidae,Ovenbirds and Woodcreepers,,Limnornis,,1,0,弯嘴芦雀 (Limnornis curvirostris)
Passeriformes,雀形目,Furnariidae,Ovenbirds and Woodcreepers,,Lochmias,,1,0,尖尾溪雀 (Lochmias nematura)
Passeriformes,雀形目,Furnariidae,Ovenbirds and Woodcreepers,,Margarornis,,4,0,华丽爬树雀 (Margarornis bellulus); 棕爬树雀 (Margarornis rubiginosus); 黄斑爬树雀 (Margarornis stellatus)
Passeriformes,雀形目,Furnariidae,Ovenbirds and Woodcreepers,,Mazaria,,1,0,白腹针尾雀 (Mazaria propinqua)
Passeriformes,雀形目,Furnariidae,Ovenbirds and Woodcreepers,,Megaxenops,,1,0,大翘嘴雀 (Megaxenops parnaguae)
Passeriformes,雀形目,Furnariidae,Ovenbirds and Woodcreepers,,Metopothrix,,1,0,橙额绒顶雀 (Metopothrix aurantiaca)
Passeriformes,雀形目,Furnariidae,Ovenbirds and Woodcreepers,,Microxenops,,1,0,棕尾翘嘴雀 (Microxenops milleri)
Passeriformes,雀形目,Furnariidae,Ovenbirds and Woodcreepers,,Nasica,,1,0,长嘴䴕雀 (Nasica longirostris)
Passeriformes,雀形目,Furnariidae,Ovenbirds and Woodcreepers,,Neophilydor,,2,0,蓝灰拾叶雀 (Neophilydor fuscipenne); 棕腰拾叶雀 (Neophilydor erythrocercum)
Passeriformes,雀形目,Furnariidae,Ovenbirds and Woodcreepers,,Ochetorhynchus,,4,0,岩爬地雀 (Ochetorhynchus andaecola); 直嘴爬地雀 (Ochetorhynchus ruficaudus); 斑尾爬地雀 (Ochetorhynchus phoenicurus)
Passeriformes,雀形目,Furnariidae,Ovenbirds and Woodcreepers,,Phacellodomus,,10,0,淡色棘雀 (Phacellodomus inornatus); 棕额棘雀 (Phacellodomus rufifrons); 纹额棘雀 (Phacellodomus striaticeps)
Passeriformes,雀形目,Furnariidae,Ovenbirds and Woodcreepers,,Philydor,,3,0,诺氏拾叶雀 (Philydor novaesi); 黑顶拾叶雀 (Philydor atricapillus); 红腰拾叶雀 (Philydor pyrrhodes)
Passeriformes,雀形目,Furnariidae,Ovenbirds and Woodcreepers,,Phleocryptes,,1,0,拟鹩针尾雀 (Phleocryptes melanops)
Passeriformes,雀形目,Furnariidae,Ovenbirds and Woodcreepers,,Premnoplex,,2,0,白喉斑尾雀 (Premnoplex tatei); 点斑尾雀 (Premnoplex brunnescens)
Passeriformes,雀形目,Furnariidae,Ovenbirds and Woodcreepers,,Premnornis,,1,0,锈翅斑尾雀 (Premnornis guttuliger)
Passeriformes,雀形目,Furnariidae,Ovenbirds and Woodcreepers,,Pseudasthenes,,4,0,乌尾卡纳灶鸟 (Pseudasthenes humicola); 南美卡纳灶鸟 (Pseudasthenes patagonica); 栗卡纳灶鸟 (Pseudasthenes steinbachi)
Passeriformes,雀形目,Furnariidae,Ovenbirds and Woodcreepers,,Pseudocolaptes,,3,0,黄簇颊灶鸫 (Pseudocolaptes lawrencii); 太平洋簇颊灶鸫 (Pseudocolaptes johnsoni); 条纹簇颊灶鸫 (Pseudocolaptes boissonneautii)
Passeriformes,雀形目,Furnariidae,Ovenbirds and Woodcreepers,,Pseudoseisura,,4,0,棕巨灶鸫 (Pseudoseisura cristata); 灰冠巨灶鸫 (Pseudoseisura unirufa); 褐巨灶鸫 (Pseudoseisura lophotes)
Passeriformes,雀形目,Furnariidae,Ovenbirds and Woodcreepers,,Pygarrhichas,,1,0,白喉爬树雀 (Pygarrhichas albogularis)
Passeriformes,雀形目,Furnariidae,Ovenbirds and Woodcreepers,,Roraimia,,1,0,红斑尾雀 (Roraimia adusta)
Passeriformes,雀形目,Furnariidae,Ovenbirds and Woodcreepers,,Schoeniophylax,,1,0,霍托针尾雀 (Schoeniophylax phryganophilus)
Passeriformes,雀形目,Furnariidae,Ovenbirds and Woodcreepers,,Sclerurus,,7,0,茶喉硬尾雀 (Sclerurus mexicanus); 暗色硬尾雀 (Sclerurus obscurior); 短嘴硬尾雀 (Sclerurus rufigularis)
Passeriformes,雀形目,Furnariidae,Ovenbirds and Woodcreepers,,Siptornis,,1,0,眼纹刺尾雀 (Siptornis striaticollis)
Passeriformes,雀形目,Furnariidae,Ovenbirds and Woodcreepers,,Sittasomus,,1,0,绿䴕雀 (Sittasomus griseicapillus)
Passeriformes,雀形目,Furnariidae,Ovenbirds and Woodcreepers,,Spartonoica,,1,0,栗顶针尾雀 (Spartonoica maluroides)
Passeriformes,雀形目,Furnariidae,Ovenbirds and Woodcreepers,,Sylviorthorhynchus,,2,0,阿根廷线尾雀 (Sylviorthorhynchus desmurii); 茶色针尾雀 (Sylviorthorhynchus yanacensis)
Passeriformes,雀形目,Furnariidae,Ovenbirds and Woodcreepers,,Synallaxis,,37,0,褐颊针尾雀 (Synallaxis scutata); 灰腹针尾雀 (Synallaxis cinerascens); 纯顶针尾雀 (Synallaxis gujanensis)
Passeriformes,雀形目,Furnariidae,Ovenbirds and Woodcreepers,,Syndactyla,,8,0,点斑拾叶雀 (Syndactyla guttulata); 线纹拾叶雀 (Syndactyla subalaris); 黄眉拾叶雀 (Syndactyla rufosuperciliata)
Passeriformes,雀形目,Furnariidae,Ovenbirds and Woodcreepers,,Tarphonomus,,2,0,玻利维亚爬地雀 (Tarphonomus harterti); 查科爬地雀 (Tarphonomus certhioides)
Passeriformes,雀形目,Furnariidae,Ovenbirds and Woodcreepers,,Thripadectes,,7,0,纯色树猎雀 (Thripadectes ignobilis); 火红树猎雀 (Thripadectes flammulatus); 黄喉树猎雀 (Thripadectes scrutator)
Passeriformes,雀形目,Furnariidae,Ovenbirds and Woodcreepers,,Thripophaga,,5,0,斑针尾雀 (Thripophaga gutturata); 条纹软尾雀 (Thripophaga macroura); 委内瑞拉软尾雀 (Thripophaga cherriei)
Passeriformes,雀形目,Furnariidae,Ovenbirds and Woodcreepers,,Upucerthia,,4,0,林爬地雀 (Upucerthia saturatior); 鳞喉爬地雀 (Upucerthia dumetaria); 白喉爬地雀 (Upucerthia albigula)
Passeriformes,雀形目,Furnariidae,Ovenbirds and Woodcreepers,,Xenerpestes,,2,0,赤道灰尾雀 (Xenerpestes singularis); 双斑灰尾雀 (Xenerpestes minlosi)
Passeriformes,雀形目,Furnariidae,Ovenbirds and Woodcreepers,,Xenops,,5,0,细嘴翘嘴雀 (Xenops tenuirostris); 北纯色翘嘴雀 (Xenops mexicanus); 亚马孙纯色翘嘴雀 (Xenops genibarbis)
Passeriformes,雀形目,Furnariidae,Ovenbirds and Woodcreepers,,Xiphocolaptes,,4,0,强嘴䴕雀 (Xiphocolaptes promeropirhynchus); 须䴕雀 (Xiphocolaptes falcirostris); 白喉䴕雀 (Xiphocolaptes albicollis)
Passeriformes,雀形目,Furnariidae,Ovenbirds and Woodcreepers,,Xiphorhynchus,,13,0,纵纹䴕雀 (Xiphorhynchus obsoletus); 大西洋䴕雀 (Xiphorhynchus atlanticus); 小䴕雀 (Xiphorhynchus fuscus)
Passeriformes,雀形目,Grallariidae,Antpittas,,Cryptopezus,,1,0,斑胸蚁鸫 (Cryptopezus nattereri)
Passeriformes,雀形目,Grallariidae,Antpittas,,Grallaria,,47,0,波纹蚁鸫 (Grallaria squamigera); 巨蚁鸫 (Grallaria gigantea); 大蚁鸫 (Grallaria excelsa)
Passeriformes,雀形目,Grallariidae,Antpittas,,Grallaricula,,10,0,赭胸蚁鸫 (Grallaricula flavirostris); 贝胸蚁鸫 (Grallaricula loricata); 巾冠蚁鸫 (Grallaricula cucullata)
Passeriformes,雀形目,Grallariidae,Antpittas,,Hylopezus,,6,0,纹胸蚁鸫 (Hylopezus perspicillatus); 斑蚁鸫 (Hylopezus macularius); 帕拉蚁鸫 (Hylopezus paraensis)
Passeriformes,雀形目,Grallariidae,Antpittas,,Myrmothera,,6,0,白眼先蚁鸫 (Myrmothera fulviventris); 亚马孙蚁鸫 (Myrmothera berlepschi); 黄腹蚁鸫 (Myrmothera dives)
Passeriformes,雀形目,Hirundinidae,Swallows,燕科,Alopochelidon,,1,0,棕头燕 (Alopochelidon fucata)
Passeriformes,雀形目,Hirundinidae,Swallows,燕科,Atronanus,,1,0,林燕 (Atronanus fuliginosus)
Passeriformes,雀形目,Hirundinidae,Swallows,燕科,Atticora,,3,0,黑顶南美燕 (Atticora pileata); 白腿燕 (Atticora tibialis); 白斑燕 (Atticora fasciata)
Passeriformes,雀形目,Hirundinidae,Swallows,燕科,Cecropis,,9,0,小纹燕 (Cecropis abyssinica); 褐胸燕 (Cecropis semirufa); 大纹燕 (Cecropis cucullata)
Passeriformes,雀形目,Hirundinidae,Swallows,燕科,Cheramoeca,,1,0,白背燕 (Cheramoeca leucosterna)
Passeriformes,雀形目,Hirundinidae,Swallows,燕科,Hirundo,,16,0,蓝燕 (Hirundo atrocaerulea); 刚果燕 (Hirundo nigrorufa); 斑翅燕 (Hirundo leucosoma)
Passeriformes,雀形目,Hirundinidae,Swallows,燕科,Neophedina,,1,0,斑沙燕 (Neophedina cincta)
Passeriformes,雀形目,Hirundinidae,Swallows,燕科,Orochelidon,,3,0,淡脚南美燕 (Orochelidon flavipes); 褐腹南美燕 (Orochelidon murina); 安第斯燕 (Orochelidon andecola)
Passeriformes,雀形目,Hirundinidae,Swallows,燕科,Petrochelidon,,10,0,红海燕 (Petrochelidon perdita); 非洲斑燕 (Petrochelidon spilodera); 红喉燕 (Petrochelidon rufigula)
Passeriformes,雀形目,Hirundinidae,Swallows,燕科,Phedina,,1,0,马岛原燕 (Phedina borbonica)
Passeriformes,雀形目,Hirundinidae,Swallows,燕科,Phedinopsis,,1,0,布氏原燕 (Phedinopsis brazzae)
Passeriformes,雀形目,Hirundinidae,Swallows,燕科,Progne,,9,0,紫崖燕 (Progne subis); 古巴崖燕 (Progne cryptoleuca); 加勒比崖燕 (Progne dominicensis)
Passeriformes,雀形目,Hirundinidae,Swallows,燕科,Psalidoprocne,,5,0,叉尾锯翅燕 (Psalidoprocne obscura); 方尾锯翅燕 (Psalidoprocne nitens); 山地锯翅燕 (Psalidoprocne fuliginosa)
Passeriformes,雀形目,Hirundinidae,Swallows,燕科,Pseudhirundo,,1,0,灰腰燕 (Pseudhirundo griseopyga)
Passeriformes,雀形目,Hirundinidae,Swallows,燕科,Pseudochelidon,,2,0,非洲河燕 (Pseudochelidon eurystomina); 白眼河燕 (Pseudochelidon sirintarae)
Passeriformes,雀形目,Hirundinidae,Swallows,燕科,Ptyonoprogne,,5,0,非洲岩燕 (Ptyonoprogne fuligula); 纯色岩燕 (Ptyonoprogne concolor); 岩燕 (Ptyonoprogne rupestris)
Passeriformes,雀形目,Hirundinidae,Swallows,燕科,Pygochelidon,,2,0,黑领燕 (Pygochelidon melanoleuca); 蓝白南美燕 (Pygochelidon cyanoleuca)
Passeriformes,雀形目,Hirundinidae,Swallows,燕科,Riparia,,6,0,刚果沙燕 (Riparia congica); 崖沙燕 (Riparia riparia); 淡色沙燕 (Riparia diluta)
Passeriformes,雀形目,Hirundinidae,Swallows,燕科,Stelgidopteryx,,2,0,红翎毛翅燕 (Stelgidopteryx ruficollis); 中北美毛翅燕 (Stelgidopteryx serripennis)
Passeriformes,雀形目,Hirundinidae,Swallows,燕科,Tachycineta,,9,0,双色树燕 (Tachycineta bicolor); 秘鲁树燕 (Tachycineta stolzmanni); 白翅树燕 (Tachycineta albiventer)
Passeriformes,雀形目,Hyliidae,Hylias,,Hylia,,1,0,绿莺 (Hylia prasina)
Passeriformes,雀形目,Hyliidae,Hylias,,Pholidornis,,1,0,拟雀莺 (Pholidornis rushiae)
Passeriformes,雀形目,Hyliotidae,Hyliotas,,Hyliota,,4,0,黄腹丛莺 (Hyliota flavigaster); 南丛莺 (Hyliota australis); 坦桑丛莺 (Hyliota usambara)
Passeriformes,雀形目,Hylocitreidae,Hylocitrea,,Hylocitrea,,1,0,林啸鹟 (Hylocitrea bonensis)
Passeriformes,雀形目,Hypocoliidae,Hypocolius,,Hypocolius,,1,0,灰连雀 (Hypocolius ampelinus)
Passeriformes,雀形目,Icteridae,"New World Blackbirds, Troupials, and Allies",,Agelaioides,,2,0,纯色栗翅牛鹂 (Agelaioides fringillarius); 栗翅牛鹂 (Agelaioides badius)
Passeriformes,雀形目,Icteridae,"New World Blackbirds, Troupials, and Allies",,Agelaius,,5,0,红翅黑鹂 (Agelaius phoeniceus); 红肩黑鹂 (Agelaius assimilis); 三色黑鹂 (Agelaius tricolor)
Passeriformes,雀形目,Icteridae,"New World Blackbirds, Troupials, and Allies",,Agelasticus,,3,0,白眼黑鹂 (Agelasticus xanthophthalmus); 纯蓝黑鹂 (Agelasticus cyanopus); 黄翅黑鹂 (Agelasticus thilius)
Passeriformes,雀形目,Icteridae,"New World Blackbirds, Troupials, and Allies",,Amblycercus,,1,0,黄嘴酋长鹂 (Amblycercus holosericeus)
Passeriformes,雀形目,Icteridae,"New World Blackbirds, Troupials, and Allies",,Amblyramphus,,1,0,红头黑鹂 (Amblyramphus holosericeus)
Passeriformes,雀形目,Icteridae,"New World Blackbirds, Troupials, and Allies",,Anumara,,1,0,福氏黑鹂 (Anumara forbesi)
Passeriformes,雀形目,Icteridae,"New World Blackbirds, Troupials, and Allies",,Cacicus,,10,0,黑酋长鹂 (Cacicus solitarius); 金翅酋长鹂 (Cacicus chrysopterus); 厄瓜多尔酋长鹂 (Cacicus sclateri)
Passeriformes,雀形目,Icteridae,"New World Blackbirds, Troupials, and Allies",,Cassiculus,,1,0,黄翅酋长鹂 (Cassiculus melanicterus)
Passeriformes,雀形目,Icteridae,"New World Blackbirds, Troupials, and Allies",,Chrysomus,,2,0,栗顶黑鹂 (Chrysomus ruficapillus); 黄巾黑鹂 (Chrysomus icterocephalus)
Passeriformes,雀形目,Icteridae,"New World Blackbirds, Troupials, and Allies",,Curaeus,,1,0,南美黑鹂 (Curaeus curaeus)
Passeriformes,雀形目,Icteridae,"New World Blackbirds, Troupials, and Allies",,Dives,,2,0,艳拟鹂 (Dives dives); 丛拟鹂 (Dives warczewiczi)
Passeriformes,雀形目,Icteridae,"New World Blackbirds, Troupials, and Allies",,Dolichonyx,,1,0,刺歌雀 (Dolichonyx oryzivorus)
Passeriformes,雀形目,Icteridae,"New World Blackbirds, Troupials, and Allies",,Euphagus,,2,0,蓝头黑鹂 (Euphagus cyanocephalus); 锈色黑鹂 (Euphagus carolinus)
Passeriformes,雀形目,Icteridae,"New World Blackbirds, Troupials, and Allies",,Gnorimopsar,,1,0,巴西拟鹂 (Gnorimopsar chopi)
Passeriformes,雀形目,Icteridae,"New World Blackbirds, Troupials, and Allies",,Gymnomystax,,1,0,黄头拟鹂 (Gymnomystax mexicanus)
Passeriformes,雀形目,Icteridae,"New World Blackbirds, Troupials, and Allies",,Hypopyrrhus,,1,0,红腹拟鹩哥 (Hypopyrrhus pyrohypogaster)
Passeriformes,雀形目,Icteridae,"New World Blackbirds, Troupials, and Allies",,Icteria,,1,0,黄胸大䳭莺 (Icteria virens)
Passeriformes,雀形目,Icteridae,"New World Blackbirds, Troupials, and Allies",,Icterus,,32,0,海地拟鹂 (Icterus dominicensis); 古巴拟鹂 (Icterus melanopsis); 巴哈马拟鹂 (Icterus northropi)
Passeriformes,雀形目,Icteridae,"New World Blackbirds, Troupials, and Allies",,Lampropsar,,1,0,绒额拟鹩哥 (Lampropsar tanagrinus)
Passeriformes,雀形目,Icteridae,"New World Blackbirds, Troupials, and Allies",,Leistes,,5,0,彭巴草地鹨 (Leistes militaris); 白眉草地鹨 (Leistes superciliaris); 红胸草地鹨 (Leistes bellicosus)
Passeriformes,雀形目,Icteridae,"New World Blackbirds, Troupials, and Allies",,Macroagelaius,,2,0,山拟鹩哥 (Macroagelaius subalaris); 金簇山拟鹩哥 (Macroagelaius imthurni)
Passeriformes,雀形目,Icteridae,"New World Blackbirds, Troupials, and Allies",,Molothrus,,6,0,啸声牛鹂 (Molothrus rufoaxillaris); 紫辉牛鹂 (Molothrus bonariensis); 铜色牛鹂 (Molothrus aeneus)
Passeriformes,雀形目,Icteridae,"New World Blackbirds, Troupials, and Allies",,Nesopsar,,1,0,牙买加黑鹂 (Nesopsar nigerrimus)
Passeriformes,雀形目,Icteridae,"New World Blackbirds, Troupials, and Allies",,Oreopsar,,1,0,玻利维亚拟鹂 (Oreopsar bolivianus)
Passeriformes,雀形目,Icteridae,"New World Blackbirds, Troupials, and Allies",,Psarocolius,,9,0,褐背拟椋鸟 (Psarocolius angustifrons); 暗绿拟椋鸟 (Psarocolius atrovirens); 绿拟椋鸟 (Psarocolius viridis)
Passeriformes,雀形目,Icteridae,"New World Blackbirds, Troupials, and Allies",,Pseudoleistes,,2,0,褐黄沼泽雀 (Pseudoleistes virescens); 黄腰沼泽雀 (Pseudoleistes guirahuro)
Passeriformes,雀形目,Icteridae,"New World Blackbirds, Troupials, and Allies",,Ptiloxena,,1,0,古巴黑鹂 (Ptiloxena atroviolacea)
Passeriformes,雀形目,Icteridae,"New World Blackbirds, Troupials, and Allies",,Quiscalus,,7,0,拟八哥 (Quiscalus quiscula); 宽尾拟八哥 (Quiscalus major); 大尾拟八哥 (Quiscalus mexicanus)
Passeriformes,雀形目,Icteridae,"New World Blackbirds, Troupials, and Allies",,Sturnella,,3,0,西草地鹨 (Sturnella neglecta); 东草地鹨 (Sturnella magna); 奇瓦瓦草地鹨 (Sturnella lilianae)
Passeriformes,雀形目,Icteridae,"New World Blackbirds, Troupials, and Allies",,Xanthocephalus,,1,0,黄头黑鹂 (Xanthocephalus xanthocephalus)
Passeriformes,雀形目,Icteridae,"New World Blackbirds, Troupials, and Allies",,Xanthopsar,,1,0,橙头黑鹂 (Xanthopsar flavus)
Passeriformes,雀形目,Ifritidae,Ifrit,,Ifrita,,1,0,蓝顶鹛鸫 (Ifrita kowaldi)
Passeriformes,雀形目,Irenidae,Fairy-bluebirds,,Irena,,3,0,和平鸟 (Irena puella); 巴拉望和平鸟 (Irena tweeddalii); 蓝腹和平鸟 (Irena cyanogastra)
Passeriformes,雀形目,Laniidae,Shrikes,,Corvinella,,1,0,黄嘴鹊鵙 (Corvinella corvina)
Passeriformes,雀形目,Laniidae,Shrikes,,Eurocephalus,,2,0,白腰林鵙 (Eurocephalus ruppelli); 白顶林鵙 (Eurocephalus anguitimens)
Passeriformes,雀形目,Laniidae,Shrikes,,Urolestes,,1,0,白肩鹊鵙 (Urolestes melanoleucus)
Passeriformes,雀形目,Leiothrichidae,Laughingthrushes and Allies,,Argya,,16,0,灰鸫鹛 (Argya malcolmi); 灰头噪鹛 (Argya cinereifrons); 细嘴鸫鹛 (Argya longirostris)
Passeriformes,雀形目,Leiothrichidae,Laughingthrushes and Allies,,Cutia,,2,0,越南姬鹛 (Cutia legalleni); 斑胁姬鹛 (Cutia nipalensis)
Passeriformes,雀形目,Leiothrichidae,Laughingthrushes and Allies,,Grammatoptila,,1,0,条纹噪鹛 (Grammatoptila striata)
Passeriformes,雀形目,Leiothrichidae,Laughingthrushes and Allies,,Laniellus,,2,0,斑南洋鹛 (Laniellus albonotatus); 灰冠南洋鹛 (Laniellus langbianis)
Passeriformes,雀形目,Leiothrichidae,Laughingthrushes and Allies,,Leioptila,,1,0,栗背奇鹛 (Leioptila annectens)
Passeriformes,雀形目,Leiothrichidae,Laughingthrushes and Allies,,Leiothrix,,2,0,红嘴相思鸟 (Leiothrix lutea); 银耳相思鸟 (Leiothrix argentauris)
Passeriformes,雀形目,Leiothrichidae,Laughingthrushes and Allies,,Minla,,1,0,火尾希鹛 (Minla ignotincta)
Passeriformes,雀形目,Leiothrichidae,Laughingthrushes and Allies,,Montecincla,,4,0,白胸噪鹛 (Montecincla jerdoni); 灰颈噪鹛 (Montecincla cachinnans); 暗灰胸噪鹛 (Montecincla fairbanki)
Passeriformes,雀形目,Leiothrichidae,Laughingthrushes and Allies,,Turdoides,,19,0,刺鸫鹛 (Turdoides nipalensis); 斗蓬鹛 (Turdoides atripennis); 白喉鹟鹛 (Turdoides gilberti)
Passeriformes,雀形目,Locustellidae,"Grasshopper Warblers, Grassbirds, and Allies",,Bradypterus,,12,0,灌丛短翅莺 (Bradypterus sylvaticus); 班戈短翅莺 (Bradypterus bangwaensis); 薮短翅莺 (Bradypterus barratti)
Passeriformes,雀形目,Locustellidae,"Grasshopper Warblers, Grassbirds, and Allies",,Catriscus,,1,0,扇尾芦莺 (Catriscus brevirostris)
Passeriformes,雀形目,Locustellidae,"Grasshopper Warblers, Grassbirds, and Allies",,Cincloramphus,,12,0,褐鹨莺 (Cincloramphus cruralis); 俾斯麦草莺 (Cincloramphus grosvenori); 锈色草莺 (Cincloramphus rubiginosus)
Passeriformes,雀形目,Locustellidae,"Grasshopper Warblers, Grassbirds, and Allies",,Elaphrornis,,1,0,帕氏短翅莺 (Elaphrornis palliseri)
Passeriformes,雀形目,Locustellidae,"Grasshopper Warblers, Grassbirds, and Allies",,Malia,,1,0,苏拉威西鹛莺 (Malia grata)
Passeriformes,雀形目,Locustellidae,"Grasshopper Warblers, Grassbirds, and Allies",,Megalurus,,1,0,沼泽大尾莺 (Megalurus palustris)
Passeriformes,雀形目,Locustellidae,"Grasshopper Warblers, Grassbirds, and Allies",,Poodytes,,5,0,佛莱河蝗莺 (Poodytes albolimbatus); 刺蝗莺 (Poodytes carteri); 姬蝗莺 (Poodytes gramineus)
Passeriformes,雀形目,Locustellidae,"Grasshopper Warblers, Grassbirds, and Allies",,Robsonius,,3,0,锈脸地莺 (Robsonius rabori); 吕宋地莺 (Robsonius thompsoni); 灰斑地莺 (Robsonius sorsogonensis)
Passeriformes,雀形目,Locustellidae,"Grasshopper Warblers, Grassbirds, and Allies",,Schoenicola,,2,0,须草莺 (Schoenicola striatus); 阔尾芦莺 (Schoenicola platyurus)
Passeriformes,雀形目,Machaerirhynchidae,Boatbills,,Machaerirhynchus,,2,0,黑胸船嘴鹟 (Machaerirhynchus nigripectus); 黄胸船嘴鹟 (Machaerirhynchus flaviventer)
Passeriformes,雀形目,Macrosphenidae,"Longbills, Crombecs, and Allies",,Achaetops,,1,0,岩莺 (Achaetops pycnopygius)
Passeriformes,雀形目,Macrosphenidae,"Longbills, Crombecs, and Allies",,Cryptillas,,1,0,维氏短翅莺 (Cryptillas victorini)
Passeriformes,雀形目,Macrosphenidae,"Longbills, Crombecs, and Allies",,Macrosphenus,,5,0,肯氏长嘴莺 (Macrosphenus kempi); 黄长嘴莺 (Macrosphenus flavicans); 灰长嘴莺 (Macrosphenus concolor)
Passeriformes,雀形目,Macrosphenidae,"Longbills, Crombecs, and Allies",,Melocichla,,1,0,须薮莺 (Melocichla mentalis)
Passeriformes,雀形目,Macrosphenidae,"Longbills, Crombecs, and Allies",,Sphenoeacus,,1,0,草莺 (Sphenoeacus afer)
Passeriformes,雀形目,Macrosphenidae,"Longbills, Crombecs, and Allies",,Sylvietta,,9,0,绿森莺 (Sylvietta virens); 黄腹森莺 (Sylvietta denti); 白眉森莺 (Sylvietta leucophrys)
Passeriformes,雀形目,Malaconotidae,Bushshrikes and Allies,,Bocagia,,1,0,小红翅鵙 (Bocagia minuta)
Passeriformes,雀形目,Malaconotidae,Bushshrikes and Allies,,Chlorophoneus,,6,0,灰绿丛鵙 (Chlorophoneus bocagei); 橙胸丛鵙 (Chlorophoneus sulfureopectus); 暗绿丛鵙 (Chlorophoneus olivaceus)
Passeriformes,雀形目,Malaconotidae,Bushshrikes and Allies,,Dryoscopus,,6,0,蓬背鵙 (Dryoscopus gambensis); 普氏篷背鵙 (Dryoscopus pringlii); 黑背蓬背鵙 (Dryoscopus cubla)
Passeriformes,雀形目,Malaconotidae,Bushshrikes and Allies,,Laniarius,,22,0,红颈黑鵙 (Laniarius ruficeps); 索马里黑鵙 (Laniarius nigerrimus); 卢氏黑鵙 (Laniarius luehderi)
Passeriformes,雀形目,Malaconotidae,Bushshrikes and Allies,,Malaconotus,,6,0,红胸丛鵙 (Malaconotus cruentus); 中非丛鵙 (Malaconotus lagdeni); 绿胸丛鵙 (Malaconotus gladiator)
Passeriformes,雀形目,Malaconotidae,Bushshrikes and Allies,,Nilaus,,1,0,非洲鵙 (Nilaus afer)
Passeriformes,雀形目,Malaconotidae,Bushshrikes and Allies,,Rhodophoneus,,1,0,粉斑丛鵙 (Rhodophoneus cruentus)
Passeriformes,雀形目,Malaconotidae,Bushshrikes and Allies,,Tchagra,,4,0,黑冠红翅鵙 (Tchagra senegalus); 褐冠红翅鵙 (Tchagra australis); 纹斑红翅鵙 (Tchagra jamesi)
Passeriformes,雀形目,Malaconotidae,Bushshrikes and Allies,,Telophorus,,3,0,南非丛鵙 (Telophorus zeylonus); 四色丛鵙 (Telophorus viridis); 杜氏丛鵙 (Telophorus dohertyi)
Passeriformes,雀形目,Maluridae,"Grasswrens, Fairywrens, and Emu-wrens",,Amytornis,,14,0,灰草鹩莺 (Amytornis barbatus); 棕草鹩莺 (Amytornis whitei); 沙丘草鹩莺 (Amytornis oweni)
Passeriformes,雀形目,Maluridae,"Grasswrens, Fairywrens, and Emu-wrens",,Chenorhamphus,,2,0,阔嘴细尾鹩莺 (Chenorhamphus grayi); 坎氏细尾鹩莺 (Chenorhamphus campbelli)
Passeriformes,雀形目,Maluridae,"Grasswrens, Fairywrens, and Emu-wrens",,Clytomyias,,1,0,棕鹩莺 (Clytomyias insignis)
Passeriformes,雀形目,Maluridae,"Grasswrens, Fairywrens, and Emu-wrens",,Malurus,,12,0,蓝细尾鹩莺 (Malurus cyanocephalus); 紫冠细尾鹩莺 (Malurus coronatus); 红翅细尾鹩莺 (Malurus elegans)
Passeriformes,雀形目,Maluridae,"Grasswrens, Fairywrens, and Emu-wrens",,Sipodotus,,1,0,华氏鹩莺 (Sipodotus wallacii)
Passeriformes,雀形目,Maluridae,"Grasswrens, Fairywrens, and Emu-wrens",,Stipiturus,,3,0,帚尾鹩莺 (Stipiturus malachurus); 棕帚尾鹩莺 (Stipiturus ruficeps); 马里帚尾鹩莺 (Stipiturus mallee)
Passeriformes,雀形目,Melampittidae,Melampittas,,Megalampitta,,1,0,大黑脚风鸟 (Megalampitta gigantea)
Passeriformes,雀形目,Melampittidae,Melampittas,,Melampitta,,1,0,小黑脚风鸟 (Melampitta lugubris)
Passeriformes,雀形目,Melanocharitidae,Longbills and Berrypeckers,,Melanocharis,,8,0,暗色啄果鸟 (Melanocharis arfakiana); 黑啄果鸟 (Melanocharis nigra); 黄胸啄果鸟 (Melanocharis longicauda)
Passeriformes,雀形目,Melanocharitidae,Longbills and Berrypeckers,,Oedistoma,,2,0,侏弯嘴吸蜜鸟 (Oedistoma pygmaeum); 小弯嘴吸蜜鸟 (Oedistoma iliolophus)
Passeriformes,雀形目,Melanocharitidae,Longbills and Berrypeckers,,Toxorhamphus,,2,0,灰颏弯嘴吸蜜鸟 (Toxorhamphus poliopterus); 黄腹弯嘴吸蜜鸟 (Toxorhamphus novaeguineae)
Passeriformes,雀形目,Melanopareiidae,Crescentchests,,Melanopareia,,4,0,领月胸窜鸟 (Melanopareia torquata); 绿冠月胸窜鸟 (Melanopareia maximiliani); 秘鲁月胸窜鸟 (Melanopareia maranonica)
Passeriformes,雀形目,Meliphagidae,Honeyeaters,,Acanthagenys,,1,0,刺颊垂蜜鸟 (Acanthagenys rufogularis)
Passeriformes,雀形目,Meliphagidae,Honeyeaters,,Acanthorhynchus,,2,0,西尖嘴吸蜜鸟 (Acanthorhynchus superciliosus); 东尖嘴吸蜜鸟 (Acanthorhynchus tenuirostris)
Passeriformes,雀形目,Meliphagidae,Honeyeaters,,Anthochaera,,5,0,灰颊垂蜜鸟 (Anthochaera chrysoptera); 小垂蜜鸟 (Anthochaera lunulata); 王吸蜜鸟 (Anthochaera phrygia)
Passeriformes,雀形目,Meliphagidae,Honeyeaters,,Anthornis,,2,0,查塔姆吸蜜鸟 (Anthornis melanocephala); 新西兰吸蜜鸟 (Anthornis melanura)
Passeriformes,雀形目,Meliphagidae,Honeyeaters,,Ashbyia,,1,0,漠澳䳭 (Ashbyia lovensis)
Passeriformes,雀形目,Meliphagidae,Honeyeaters,,Bolemoreus,,2,0,暗喉吸蜜鸟 (Bolemoreus frenatus); 纹腹吸蜜鸟 (Bolemoreus hindwoodi)
Passeriformes,雀形目,Meliphagidae,Honeyeaters,,Caligavis,,3,0,黄脸吸蜜鸟 (Caligavis chrysops); 黑喉吸蜜鸟 (Caligavis subfrenata); 暗吸蜜鸟 (Caligavis obscura)
Passeriformes,雀形目,Meliphagidae,Honeyeaters,,Certhionyx,,1,0,白肩黑吸蜜鸟 (Certhionyx variegatus)
Passeriformes,雀形目,Meliphagidae,Honeyeaters,,Cissomela,,1,0,带胸黑吸蜜鸟 (Cissomela pectoralis)
Passeriformes,雀形目,Meliphagidae,Honeyeaters,,Conopophila,,3,0,棕斑蚊蜜鸟 (Conopophila albogularis); 红喉蚊蜜鸟 (Conopophila rufogularis); 灰蚊蜜鸟 (Conopophila whitei)
Passeriformes,雀形目,Meliphagidae,Honeyeaters,,Entomyzon,,1,0,蓝脸吸蜜鸟 (Entomyzon cyanotis)
Passeriformes,雀形目,Meliphagidae,Honeyeaters,,Epthianura,,4,0,黄澳䳭 (Epthianura crocea); 绯红澳䳭 (Epthianura tricolor); 橙澳䳭 (Epthianura aurifrons)
Passeriformes,雀形目,Meliphagidae,Honeyeaters,,Foulehaio,,3,0,西肉垂吸蜜鸟 (Foulehaio procerior); 肉垂吸蜜鸟 (Foulehaio carunculatus); 北肉垂吸蜜鸟 (Foulehaio taviunensis)
Passeriformes,雀形目,Meliphagidae,Honeyeaters,,Gavicalis,,3,0,杂色吸蜜鸟 (Gavicalis versicolor); 饰颈吸蜜鸟 (Gavicalis fasciogularis); 歌吸蜜鸟 (Gavicalis virescens)
Passeriformes,雀形目,Meliphagidae,Honeyeaters,,Gliciphila,,3,0,横斑澳蜜鸟 (Gliciphila undulata); 茶冠澳蜜鸟 (Gliciphila melanops); White-bellied Honeyeater (Gliciphila notabilis)
Passeriformes,雀形目,Meliphagidae,Honeyeaters,,Glycichaera,,1,0,白眼吸蜜鸟 (Glycichaera fallax)
Passeriformes,雀形目,Meliphagidae,Honeyeaters,,Grantiella,,1,0,彩蚊蜜鸟 (Grantiella picta)
Passeriformes,雀形目,Meliphagidae,Honeyeaters,,Guadalcanaria,,1,0,瓜岛吸蜜鸟 (Guadalcanaria inexpectata)
Passeriformes,雀形目,Meliphagidae,Honeyeaters,,Gymnomyza,,4,0,绿裸吸蜜鸟 (Gymnomyza viridis); 褐嘴裸吸蜜鸟 (Gymnomyza brunneirostris); 黑胸裸吸蜜鸟 (Gymnomyza samoensis)
Passeriformes,雀形目,Meliphagidae,Honeyeaters,,Lichenostomus,,2,0,紫颊纹吸蜜鸟 (Lichenostomus cratitius); 黄冠吸蜜鸟 (Lichenostomus melanops)
Passeriformes,雀形目,Meliphagidae,Honeyeaters,,Lichmera,,10,0,Scaly-crowned Honeyeater (Lichmera lombokia); 绿岩吸蜜鸟 (Lichmera argentauris); 褐岩吸蜜鸟 (Lichmera indistincta)
Passeriformes,雀形目,Meliphagidae,Honeyeaters,,Macgregoria,,1,0,麦氏饮蜜鸟 (Macgregoria pulchra)
Passeriformes,雀形目,Meliphagidae,Honeyeaters,,Manorina,,4,0,矿吸蜜鸟 (Manorina melanophrys); 黑额矿吸蜜鸟 (Manorina melanocephala); 黄喉矿吸蜜鸟 (Manorina flavigula)
Passeriformes,雀形目,Meliphagidae,Honeyeaters,,Meliarchus,,1,0,圣克里吸蜜鸟 (Meliarchus sclateri)
Passeriformes,雀形目,Meliphagidae,Honeyeaters,,Melidectes,,6,0,棕胸寻蜜鸟 (Melidectes torquatus); 棕眉寻蜜鸟 (Melidectes ochromelas); 白额寻蜜鸟 (Melidectes leucostephes)
Passeriformes,雀形目,Meliphagidae,Honeyeaters,,Melilestes,,1,0,巨嘴盗蜜鸟 (Melilestes megarhynchus)
Passeriformes,雀形目,Meliphagidae,Honeyeaters,,Melionyx,,3,0,暗寻蜜鸟 (Melionyx fuscus); 短须寻蜜鸟 (Melionyx nouhuysi); 长须寻蜜鸟 (Melionyx princeps)
Passeriformes,雀形目,Meliphagidae,Honeyeaters,,Meliphacator,,1,0,黄脸肉垂吸蜜鸟 (Meliphacator provocator)
Passeriformes,雀形目,Meliphagidae,Honeyeaters,,Meliphaga,,17,0,蓬背吸蜜鸟 (Meliphaga aruensis); 黄斑吸蜜鸟 (Meliphaga notata); 利氏吸蜜鸟 (Meliphaga lewinii)
Passeriformes,雀形目,Meliphagidae,Honeyeaters,,Melipotes,,4,0,阿法饮蜜鸟 (Melipotes gymnops); 烟色饮蜜鸟 (Melipotes fumigatus); 红脸饮蜜鸟 (Melipotes carolae)
Passeriformes,雀形目,Meliphagidae,Honeyeaters,,Melithreptus,,7,0,白喉抚蜜鸟 (Melithreptus albogularis); 西白颈抚蜜鸟 (Melithreptus chloropsis); 白颈抚蜜鸟 (Melithreptus lunatus)
Passeriformes,雀形目,Meliphagidae,Honeyeaters,,Melitograis,,1,0,摩鹿加吮蜜鸟 (Melitograis gilolensis)
Passeriformes,雀形目,Meliphagidae,Honeyeaters,,Myza,,2,0,暗耳汲蜜鸟 (Myza celebensis); 白耳汲蜜鸟 (Myza sarasinorum)
Passeriformes,雀形目,Meliphagidae,Honeyeaters,,Myzomela,,41,0,布氏摄蜜鸟 (Myzomela blasii); 白颏摄蜜鸟 (Myzomela albigula); 红喉摄蜜鸟 (Myzomela eques)
Passeriformes,雀形目,Meliphagidae,Honeyeaters,,Nesoptilotis,,2,0,黄喉吸蜜鸟 (Nesoptilotis flavicollis); 白耳吸蜜鸟 (Nesoptilotis leucotis)
Passeriformes,雀形目,Meliphagidae,Honeyeaters,,Philemon,,16,0,小吮蜜鸟 (Philemon citreogularis); 麦氏吮蜜鸟 (Philemon meyeri); 帝汶吮蜜鸟 (Philemon inornatus)
Passeriformes,雀形目,Meliphagidae,Honeyeaters,,Phylidonyris,,3,0,月斑澳蜜鸟 (Phylidonyris pyrrhopterus); 黄翅澳蜜鸟 (Phylidonyris novaehollandiae); 白颊澳蜜鸟 (Phylidonyris niger)
Passeriformes,雀形目,Meliphagidae,Honeyeaters,,Plectorhyncha,,1,0,纵纹吸蜜鸟 (Plectorhyncha lanceolata)
Passeriformes,雀形目,Meliphagidae,Honeyeaters,,Prosthemadera,,1,0,簇胸吸蜜鸟 (Prosthemadera novaeseelandiae)
Passeriformes,雀形目,Meliphagidae,Honeyeaters,,Ptiloprora,,6,0,铅色嗜蜜鸟 (Ptiloprora plumbea); 绿纹嗜蜜鸟 (Ptiloprora meekiana); 红胁嗜蜜鸟 (Ptiloprora erythropleura)
Passeriformes,雀形目,Meliphagidae,Honeyeaters,,Ptilotula,,6,0,黄痣吸蜜鸟 (Ptilotula ornata); 白痣吸蜜鸟 (Ptilotula penicillata); 淡黄吸蜜鸟 (Ptilotula flavescens)
Passeriformes,雀形目,Meliphagidae,Honeyeaters,,Purnella,,1,0,白额澳蜜鸟 (Purnella albifrons)
Passeriformes,雀形目,Meliphagidae,Honeyeaters,,Pycnopygius,,3,0,绿褐吸蜜鸟 (Pycnopygius ixoides); 苍额吸蜜鸟 (Pycnopygius cinereus); 纹头吸蜜鸟 (Pycnopygius stictocephalus)
Passeriformes,雀形目,Meliphagidae,Honeyeaters,,Ramsayornis,,2,0,斑胸胶蜜鸟 (Ramsayornis fasciatus); 褐背胶蜜鸟 (Ramsayornis modestus)
Passeriformes,雀形目,Meliphagidae,Honeyeaters,,Stomiopera,,2,0,白颊纹吸蜜鸟 (Stomiopera unicolor); 黄吸蜜鸟 (Stomiopera flava)
Passeriformes,雀形目,Meliphagidae,Honeyeaters,,Stresemannia,,1,0,所罗门盗蜜鸟 (Stresemannia bougainvillei)
Passeriformes,雀形目,Meliphagidae,Honeyeaters,,Sugomel,,1,0,黑吸蜜鸟 (Sugomel nigrum)
Passeriformes,雀形目,Meliphagidae,Honeyeaters,,Timeliopsis,,2,0,灰喉直嘴吸蜜鸟 (Timeliopsis griseigula); 黄喉直嘴吸蜜鸟 (Timeliopsis fulvigula)
Passeriformes,雀形目,Meliphagidae,Honeyeaters,,Trichodere,,1,0,白纹岩吸蜜鸟 (Trichodere cockerelli)
Passeriformes,雀形目,Meliphagidae,Honeyeaters,,Vosea,,1,0,山寻蜜鸟 (Vosea whitemanensis)
Passeriformes,雀形目,Meliphagidae,Honeyeaters,,Xanthotis,,3,0,茶胸吸蜜鸟 (Xanthotis flaviventer); 斑吸蜜鸟 (Xanthotis polygrammus); 黄纹吸蜜鸟 (Xanthotis macleayanus)
Passeriformes,雀形目,Menuridae,Lyrebirds,,Menura,,2,0,艾氏琴鸟 (Menura alberti); 华丽琴鸟 (Menura novaehollandiae)
Passeriformes,雀形目,Mimidae,Mockingbirds and Thrashers,,Allenia,,1,0,鳞胸嘲鸫 (Allenia fusca)
Passeriformes,雀形目,Mimidae,Mockingbirds and Thrashers,,Cinclocerthia,,2,0,灰旋木嘲鸫 (Cinclocerthia gutturalis); 红尾旋木嘲鸫 (Cinclocerthia ruficauda)
Passeriformes,雀形目,Mimidae,Mockingbirds and Thrashers,,Dumetella,,1,0,灰嘲鸫 (Dumetella carolinensis)
Passeriformes,雀形目,Mimidae,Mockingbirds and Thrashers,,Margarops,,1,0,珠眼嘲鸫 (Margarops fuscatus)
Passeriformes,雀形目,Mimidae,Mockingbirds and Thrashers,,Melanoptila,,1,0,黑嘲鸫 (Melanoptila glabrirostris)
Passeriformes,雀形目,Mimidae,Mockingbirds and Thrashers,,Melanotis,,2,0,蓝白嘲鸫 (Melanotis hypoleucus); 蓝嘲鸫 (Melanotis caerulescens)
Passeriformes,雀形目,Mimidae,Mockingbirds and Thrashers,,Mimus,,14,0,智利小嘲鸫 (Mimus thenca); 南美小嘲鸫 (Mimus patagonicus); 淡褐小嘲鸫 (Mimus saturninus)
Passeriformes,雀形目,Mimidae,Mockingbirds and Thrashers,,Oreoscoptes,,1,0,高山弯嘴嘲鸫 (Oreoscoptes montanus)
Passeriformes,雀形目,Mimidae,Mockingbirds and Thrashers,,Ramphocinclus,,2,0,白胸嘲鸫 (Ramphocinclus brachyurus); 圣卢西亚嘲鸫 (Ramphocinclus sanctaeluciae)
Passeriformes,雀形目,Mimidae,Mockingbirds and Thrashers,,Toxostoma,,10,0,弯嘴嘲鸫 (Toxostoma curvirostre); 墨西哥弯嘴嘲鸫 (Toxostoma ocellatum); 褐弯嘴嘲鸫 (Toxostoma rufum)
Passeriformes,雀形目,Mitrospingidae,Mitrospingid Tanagers,,Lamprospiza,,1,0,红嘴唐纳雀 (Lamprospiza melanoleuca)
Passeriformes,雀形目,Mitrospingidae,Mitrospingid Tanagers,,Mitrospingus,,2,0,乌脸唐纳雀 (Mitrospingus cassinii); 绿背唐纳雀 (Mitrospingus oleagineus)
Passeriformes,雀形目,Mitrospingidae,Mitrospingid Tanagers,,Orthogonys,,1,0,巴西绿唐纳雀 (Orthogonys chloricterus)
Passeriformes,雀形目,Modulatricidae,Dapple-throat and Allies,,Arcanator,,1,0,纹喉䳭 (Arcanator orostruthus)
Passeriformes,雀形目,Modulatricidae,Dapple-throat and Allies,,Kakamega,,1,0,灰胸雅鹛 (Kakamega poliothorax)
Passeriformes,雀形目,Modulatricidae,Dapple-throat and Allies,,Modulatrix,,1,0,斑喉䳭 (Modulatrix stictigula)
Passeriformes,雀形目,Mohoidae,Hawaiian Honeyeaters,,Chaetoptila,,1,0,鬓吸蜜鸟 (Chaetoptila angustipluma)
Passeriformes,雀形目,Mohoidae,Hawaiian Honeyeaters,,Moho,,4,0,考岛吸蜜鸟 (Moho braccatus); 欧胡吸蜜鸟 (Moho apicalis); 毕氏吸蜜鸟 (Moho bishopi)
Passeriformes,雀形目,Mohouidae,Whiteheads,,Mohoua,,3,0,白头刺莺 (Mohoua albicilla); 黄头刺莺 (Mohoua ochrocephala); 新西兰刺莺 (Mohoua novaeseelandiae)
Passeriformes,雀形目,Monarchidae,"Monarch Flycatchers, Paradise Flycatchers, and Shrikebills",,Arses,,4,0,饰颈皱鹟 (Arses telescopthalmus); 领皱鹟 (Arses lorealis); 栗领皱鹟 (Arses insularis)
Passeriformes,雀形目,Monarchidae,"Monarch Flycatchers, Paradise Flycatchers, and Shrikebills",,Carterornis,,4,0,白枕王鹟 (Carterornis pileatus); 洛伊王鹟 (Carterornis castus); 白耳王鹟 (Carterornis leucotis)
Passeriformes,雀形目,Monarchidae,"Monarch Flycatchers, Paradise Flycatchers, and Shrikebills",,Chasiempis,,3,0,蚋鹟 (Chasiempis sandwichensis); 考岛蚋鹟 (Chasiempis sclateri); 檀香山蚋鹟 (Chasiempis ibidis)
Passeriformes,雀形目,Monarchidae,"Monarch Flycatchers, Paradise Flycatchers, and Shrikebills",,Clytorhynchus,,5,0,南鵙嘴鹟 (Clytorhynchus pachycephaloides); 伦纳鵙嘴鹟 (Clytorhynchus hamlini); 斐济鵙嘴鹟 (Clytorhynchus vitiensis)
Passeriformes,雀形目,Monarchidae,"Monarch Flycatchers, Paradise Flycatchers, and Shrikebills",,Grallina,,2,0,山鹊鹩 (Grallina bruijnii); 鹊鹩 (Grallina cyanoleuca)
Passeriformes,雀形目,Monarchidae,"Monarch Flycatchers, Paradise Flycatchers, and Shrikebills",,Hypothymis,,4,0,仙王鹟 (Hypothymis coelestis); 短冠王鹟 (Hypothymis helenae); 灰蓝王鹟 (Hypothymis puella)
Passeriformes,雀形目,Monarchidae,"Monarch Flycatchers, Paradise Flycatchers, and Shrikebills",,Mayrornis,,3,0,杂色灰鹟 (Mayrornis versicolor); 斐济灰鹟 (Mayrornis lessoni); 蓝灰鹟 (Mayrornis schistaceus)
Passeriformes,雀形目,Monarchidae,"Monarch Flycatchers, Paradise Flycatchers, and Shrikebills",,Metabolus,,1,0,特鲁克鹟 (Metabolus rugensis)
Passeriformes,雀形目,Monarchidae,"Monarch Flycatchers, Paradise Flycatchers, and Shrikebills",,Monarcha,,7,0,雅岛王鹟 (Monarcha godeffroyi); 提岛王鹟 (Monarcha takatsukasae); 岛王鹟 (Monarcha cinerascens)
Passeriformes,雀形目,Monarchidae,"Monarch Flycatchers, Paradise Flycatchers, and Shrikebills",,Myiagra,,21,0,帕劳阔嘴鹟 (Myiagra erythrops); 关岛阔嘴鹟 (Myiagra freycineti); 波岛阔嘴鹟 (Myiagra pluto)
Passeriformes,雀形目,Monarchidae,"Monarch Flycatchers, Paradise Flycatchers, and Shrikebills",,Neolalage,,1,0,棕腹鹟 (Neolalage banksiana)
Passeriformes,雀形目,Monarchidae,"Monarch Flycatchers, Paradise Flycatchers, and Shrikebills",,Pomarea,,9,0,黑腹果鹟 (Pomarea nigra); 莫岛果鹟 (Pomarea maupitiensis); 白腹果鹟 (Pomarea dimidiata)
Passeriformes,雀形目,Monarchidae,"Monarch Flycatchers, Paradise Flycatchers, and Shrikebills",,Symposiachrus,,23,0,黑王鹟 (Symposiachrus axillaris); 棕王鹟 (Symposiachrus rubiensis); 梅氏王鹟 (Symposiachrus sacerdotum)
Passeriformes,雀形目,Monarchidae,"Monarch Flycatchers, Paradise Flycatchers, and Shrikebills",,Trochocercus,,2,0,蓝头凤头鹟 (Trochocercus nitens); 非洲凤头鹟 (Trochocercus cyanomelas)
Passeriformes,雀形目,Motacillidae,Wagtails and Pipits,,Hemimacronyx,,1,0,黄胸鹨 (Hemimacronyx chloris)
Passeriformes,雀形目,Motacillidae,Wagtails and Pipits,,Macronyx,,8,0,夏氏长爪鹡鸰 (Macronyx sharpei); 橙喉长爪鹡鸰 (Macronyx capensis); 黄喉长爪鹡鸰 (Macronyx croceus)
Passeriformes,雀形目,Motacillidae,Wagtails and Pipits,,Tmetothylacus,,1,0,金鹨 (Tmetothylacus tenellus)
Passeriformes,雀形目,Muscicapidae,"Chats, Old World Flycatchers, and Allies",,Agricola,,2,0,噪鹟 (Agricola infuscatus); 苍色鹟 (Agricola pallidus)
Passeriformes,雀形目,Muscicapidae,"Chats, Old World Flycatchers, and Allies",,Alethe,,2,0,白尾鸲鸫 (Alethe diademata); 红冠鸲鸫 (Alethe castanea)
Passeriformes,雀形目,Muscicapidae,"Chats, Old World Flycatchers, and Allies",,Anthipes,,2,0,棕眉姬鹟 (Anthipes solitaris); 白喉姬鹟 (Anthipes monileger)
Passeriformes,雀形目,Muscicapidae,"Chats, Old World Flycatchers, and Allies",,Artomyias,,2,0,乌氏鹟 (Artomyias ussheri); 非洲乌鹟 (Artomyias fuliginosa)
Passeriformes,雀形目,Muscicapidae,"Chats, Old World Flycatchers, and Allies",,Bradornis,,3,0,暗蓝鹟 (Bradornis comitatus); 南非灰鹟 (Bradornis mariquensis); 非洲灰鹟 (Bradornis microrhynchus)
Passeriformes,雀形目,Muscicapidae,"Chats, Old World Flycatchers, and Allies",,Campicoloides,,1,0,黄纹石䳭 (Campicoloides bifasciatus)
Passeriformes,雀形目,Muscicapidae,"Chats, Old World Flycatchers, and Allies",,Cercotrichas,,5,0,黑薮鸲 (Cercotrichas podobe); 棕薮鸲 (Cercotrichas galactotes); 沙薮鸲 (Cercotrichas paena)
Passeriformes,雀形目,Muscicapidae,"Chats, Old World Flycatchers, and Allies",,Chamaetylas,,4,0,褐胸鸲鸫 (Chamaetylas poliocephala); 红喉鸲鸫 (Chamaetylas poliophrys); 棕脸鸲鸫 (Chamaetylas choloensis)
Passeriformes,雀形目,Muscicapidae,"Chats, Old World Flycatchers, and Allies",,Cichladusa,,3,0,晨鸫 (Cichladusa arquata); 红尾晨鸫 (Cichladusa ruficauda); 斑晨鸫 (Cichladusa guttata)
Passeriformes,雀形目,Muscicapidae,"Chats, Old World Flycatchers, and Allies",,Cinclidium,,1,0,蓝额长脚地鸲 (Cinclidium frontale)
Passeriformes,雀形目,Muscicapidae,"Chats, Old World Flycatchers, and Allies",,Copsychus,,17,0,印度鸲 (Copsychus fulicatus); 鹊鸲 (Copsychus saularis); 橙尾鹊鸲 (Copsychus pyrropygus)
Passeriformes,雀形目,Muscicapidae,"Chats, Old World Flycatchers, and Allies",,Cossypha,,8,0,蓝肩歌䳭 (Cossypha cyanocampter); 卢氏歌䳭 (Cossypha semirufa); 白眉歌䳭 (Cossypha heuglini)
Passeriformes,雀形目,Muscicapidae,"Chats, Old World Flycatchers, and Allies",,Cossyphicula,,2,0,白腹歌䳭 (Cossyphicula roberti); 高山歌䳭 (Cossyphicula isabellae)
Passeriformes,雀形目,Muscicapidae,"Chats, Old World Flycatchers, and Allies",,Dessonornis,,4,0,阿氏歌䳭 (Dessonornis archeri); 绿胁歌䳭 (Dessonornis anomalus); 黄喉歌䳭 (Dessonornis caffer)
Passeriformes,雀形目,Muscicapidae,"Chats, Old World Flycatchers, and Allies",,Emarginata,,3,0,镰翅岩䳭 (Emarginata sinuata); 灰岩䳭 (Emarginata schlegelii); 特拉岩䳭 (Emarginata tractrac)
Passeriformes,雀形目,Muscicapidae,"Chats, Old World Flycatchers, and Allies",,Empidornis,,1,0,银鹟 (Empidornis semipartitus)
Passeriformes,雀形目,Muscicapidae,"Chats, Old World Flycatchers, and Allies",,Erithacus,,1,0,欧亚鸲 (Erithacus rubecula)
Passeriformes,雀形目,Muscicapidae,"Chats, Old World Flycatchers, and Allies",,Eumyias,,11,0,山氏仙鹟 (Eumyias sanfordi); 蓝额仙鹟 (Eumyias hoevelli); 蓝背仙鹟 (Eumyias hyacinthinus)
Passeriformes,雀形目,Muscicapidae,"Chats, Old World Flycatchers, and Allies",,Fraseria,,8,0,白眉森鹟 (Fraseria cinerascens); 非洲森鹟 (Fraseria ocreata); 灰喉雀鹟 (Fraseria griseigularis)
Passeriformes,雀形目,Muscicapidae,"Chats, Old World Flycatchers, and Allies",,Heinrichia,,1,0,大短翅鸫 (Heinrichia calligyna)
Passeriformes,雀形目,Muscicapidae,"Chats, Old World Flycatchers, and Allies",,Heteroxenicus,,1,0,栗背短翅鸫 (Heteroxenicus stellatus)
Passeriformes,雀形目,Muscicapidae,"Chats, Old World Flycatchers, and Allies",,Humblotia,,1,0,哈氏鹟 (Humblotia flavirostris)
Passeriformes,雀形目,Muscicapidae,"Chats, Old World Flycatchers, and Allies",,Irania,,1,0,白喉鸲 (Irania gutturalis)
Passeriformes,雀形目,Muscicapidae,"Chats, Old World Flycatchers, and Allies",,Leonardina,,1,0,菲律宾鹛鸫 (Leonardina woodi)
Passeriformes,雀形目,Muscicapidae,"Chats, Old World Flycatchers, and Allies",,Leucoptilon,,1,0,白尾蓝仙鹟 (Leucoptilon concretum)
Passeriformes,雀形目,Muscicapidae,"Chats, Old World Flycatchers, and Allies",,Luscinia,,4,0,欧歌鸲 (Luscinia luscinia); 新疆歌鸲 (Luscinia megarhynchos); 白腹短翅鸲 (Luscinia phaenicuroides)
Passeriformes,雀形目,Muscicapidae,"Chats, Old World Flycatchers, and Allies",,Melaenornis,,7,0,黄眼黑鹟 (Melaenornis ardesiacus); 西非黑鹟 (Melaenornis annamarulae); 黑鹟 (Melaenornis edolioides)
Passeriformes,雀形目,Muscicapidae,"Chats, Old World Flycatchers, and Allies",,Myiomela,,3,0,白尾蓝地鸲 (Myiomela leucura); 苏门答腊蓝地鸲 (Myiomela sumatrana); 蓝地鸲 (Myiomela diana)
Passeriformes,雀形目,Muscicapidae,"Chats, Old World Flycatchers, and Allies",,Myopornis,,1,0,伯氏鹟 (Myopornis boehmi)
Passeriformes,雀形目,Muscicapidae,"Chats, Old World Flycatchers, and Allies",,Myrmecocichla,,7,0,暗色蚁䳭 (Myrmecocichla nigra); 蚁䳭 (Myrmecocichla aethiops); 南方蚁䳭 (Myrmecocichla formicivora)
Passeriformes,雀形目,Muscicapidae,"Chats, Old World Flycatchers, and Allies",,Namibornis,,1,0,拟鹟鸲 (Namibornis herero)
Passeriformes,雀形目,Muscicapidae,"Chats, Old World Flycatchers, and Allies",,Oenanthe,,31,0,冠䳭 (Oenanthe monacha); 漠䳭 (Oenanthe deserti); 黑耳䳭 (Oenanthe hispanica)
Passeriformes,雀形目,Muscicapidae,"Chats, Old World Flycatchers, and Allies",,Pinarochroa,,1,0,山岩䳭 (Pinarochroa sordida)
Passeriformes,雀形目,Muscicapidae,"Chats, Old World Flycatchers, and Allies",,Pogonocichla,,1,0,白点鸲 (Pogonocichla stellata)
Passeriformes,雀形目,Muscicapidae,"Chats, Old World Flycatchers, and Allies",,Sheppardia,,11,0,灰翅歌䳭 (Sheppardia polioptera); 短尾阿卡拉鸲 (Sheppardia poensis); 伯氏阿卡拉鸲 (Sheppardia bocagei)
Passeriformes,雀形目,Muscicapidae,"Chats, Old World Flycatchers, and Allies",,Sholicola,,2,0,棕胁蓝地鸲 (Sholicola major); 白腹蓝地鸲 (Sholicola albiventris)
Passeriformes,雀形目,Muscicapidae,"Chats, Old World Flycatchers, and Allies",,Sigelus,,1,0,白翅斑黑鹟 (Sigelus silens)
Passeriformes,雀形目,Muscicapidae,"Chats, Old World Flycatchers, and Allies",,Stiphrornis,,3,0,绿背林鸲 (Stiphrornis pyrrholaemus); 橙胸林鸲 (Stiphrornis erythrothorax); 黄胸林鸲 (Stiphrornis mabirae)
Passeriformes,雀形目,Muscicapidae,"Chats, Old World Flycatchers, and Allies",,Swynnertonia,,1,0,斯氏鸲 (Swynnertonia swynnertoni)
Passeriformes,雀形目,Muscicapidae,"Chats, Old World Flycatchers, and Allies",,Thamnolaea,,1,0,桂红蚁䳭 (Thamnolaea cinnamomeiventris)
Passeriformes,雀形目,Muscicapidae,"Chats, Old World Flycatchers, and Allies",,Tychaedon,,5,0,栗腹薮鸲 (Tychaedon coryphoeus); 林薮鸲 (Tychaedon leucosticta); 褐薮鸲 (Tychaedon signata)
Passeriformes,雀形目,Muscicapidae,"Chats, Old World Flycatchers, and Allies",,Vauriella,,4,0,白眉林鹟 (Vauriella gularis); 吕宋林鹟 (Vauriella insignis); 黑林鹟 (Vauriella albigularis)
Passeriformes,雀形目,Muscicapidae,"Chats, Old World Flycatchers, and Allies",,Xenocopsychus,,1,0,穴䳭 (Xenocopsychus ansorgei)
Passeriformes,雀形目,Nectariniidae,Spiderhunters and Sunbirds,太阳鸟科,Aethopyga,,21,0,亮丽太阳鸟 (Aethopyga duyvenbodei); 火尾太阳鸟 (Aethopyga ignicauda); 黑胸太阳鸟 (Aethopyga saturata)
Passeriformes,雀形目,Nectariniidae,Spiderhunters and Sunbirds,太阳鸟科,Anabathmis,,3,0,瑞氏花蜜鸟 (Anabathmis reichenbachii); 普林西比花蜜鸟 (Anabathmis hartlaubii); 黄胸花蜜鸟 (Anabathmis newtonii)
Passeriformes,雀形目,Nectariniidae,Spiderhunters and Sunbirds,太阳鸟科,Anthobaphes,,1,0,橙胸花蜜鸟 (Anthobaphes violacea)
Passeriformes,雀形目,Nectariniidae,Spiderhunters and Sunbirds,太阳鸟科,Anthreptes,,15,0,纯背食蜜鸟 (Anthreptes reichenowi); 安氏食蜜鸟 (Anthreptes anchietae); 纯色食蜜鸟 (Anthreptes simplex)
Passeriformes,雀形目,Nectariniidae,Spiderhunters and Sunbirds,太阳鸟科,Arachnothera,,13,0,厚嘴捕蛛鸟 (Arachnothera crassirostris); 纹胸捕蛛鸟 (Arachnothera robusta); 橙胁捕蛛鸟 (Arachnothera flammifera)
Passeriformes,雀形目,Nectariniidae,Spiderhunters and Sunbirds,太阳鸟科,Chalcomitra,,7,0,黄喉花蜜鸟 (Chalcomitra adelberti); 乌色花蜜鸟 (Chalcomitra fuliginosa); 绿喉花蜜鸟 (Chalcomitra rubescens)
Passeriformes,雀形目,Nectariniidae,Spiderhunters and Sunbirds,太阳鸟科,Chalcoparia,,1,0,紫颊直嘴太阳鸟 (Chalcoparia singalensis)
Passeriformes,雀形目,Nectariniidae,Spiderhunters and Sunbirds,太阳鸟科,Cinnyris,,62,0,绿腹花蜜鸟 (Cinnyris chloropygius); 姬花蜜鸟 (Cinnyris minullus); 西双领花蜜鸟 (Cinnyris gertrudis)
Passeriformes,雀形目,Nectariniidae,Spiderhunters and Sunbirds,太阳鸟科,Cyanomitra,,7,0,绿头花蜜鸟 (Cyanomitra verticalis); 班氏花蜜鸟 (Cyanomitra bannermani); 蓝喉花蜜鸟 (Cyanomitra cyanolaema)
Passeriformes,雀形目,Nectariniidae,Spiderhunters and Sunbirds,太阳鸟科,Deleornis,,2,0,灰头太阳鸟 (Deleornis axillaris); 红领太阳鸟 (Deleornis fraseri)
Passeriformes,雀形目,Nectariniidae,Spiderhunters and Sunbirds,太阳鸟科,Drepanorhynchus,,1,0,金翅花蜜鸟 (Drepanorhynchus reichenowi)
Passeriformes,雀形目,Nectariniidae,Spiderhunters and Sunbirds,太阳鸟科,Dreptes,,1,0,巨花蜜鸟 (Dreptes thomensis)
Passeriformes,雀形目,Nectariniidae,Spiderhunters and Sunbirds,太阳鸟科,Hedydipna,,4,0,环颈直嘴太阳鸟 (Hedydipna collaris); 小直嘴太阳鸟 (Hedydipna platura); 尼罗直嘴太阳鸟 (Hedydipna metallica)
Passeriformes,雀形目,Nectariniidae,Spiderhunters and Sunbirds,太阳鸟科,Kurochkinegramma,,1,0,蓝枕花蜜鸟 (Kurochkinegramma hypogrammicum)
Passeriformes,雀形目,Nectariniidae,Spiderhunters and Sunbirds,太阳鸟科,Leptocoma,,6,0,紫腰花蜜鸟 (Leptocoma zeylonica); 小花蜜鸟 (Leptocoma minima); 蓝肩花蜜鸟 (Leptocoma brasiliana)
Passeriformes,雀形目,Nectariniidae,Spiderhunters and Sunbirds,太阳鸟科,Nectarinia,,6,0,包氏花蜜鸟 (Nectarinia bocagii); 紫胸花蜜鸟 (Nectarinia purpureiventris); 塔卡花蜜鸟 (Nectarinia tacazze)
Passeriformes,雀形目,Neosittidae,Sittellas,,Daphoenositta,,3,0,黑澳䴓 (Daphoenositta miranda); 巴布亚澳䴓 (Daphoenositta papuensis); 杂色澳䴓 (Daphoenositta chrysoptera)
Passeriformes,雀形目,Nesospingidae,Puerto Rican Tanager,,Nesospingus,,1,0,暗唐纳雀 (Nesospingus speculiferus)
Passeriformes,雀形目,Nicatoridae,Nicators,,Nicator,,3,0,黄翼斑斗鹎 (Nicator chloris); 东非斗鹎 (Nicator gularis); 黄喉斗鹎 (Nicator vireo)
Passeriformes,雀形目,Notiomystidae,Stitchbird,,Notiomystis,,1,0,须吸蜜鸟 (Notiomystis cincta)
Passeriformes,雀形目,Onychorhynchidae,Royal Flycatchers and Allies,,Myiobius,,4,0,茶胸黄腰霸鹟 (Myiobius villosus); 硫磺腰霸鹟 (Myiobius sulphureipygius); 须黄腰霸鹟 (Myiobius barbatus)
Passeriformes,雀形目,Onychorhynchidae,Royal Flycatchers and Allies,,Onychorhynchus,,2,0,东皇霸鹟 (Onychorhynchus swainsoni); 皇霸鹟 (Onychorhynchus coronatus)
Passeriformes,雀形目,Onychorhynchidae,Royal Flycatchers and Allies,,Terenotriccus,,1,0,红尾霸鹟 (Terenotriccus erythrurus)
Passeriformes,雀形目,Oreoicidae,Australasian Bellbirds,,Aleadryas,,1,0,棕颈钟鹟 (Aleadryas rufinucha)
Passeriformes,雀形目,Oreoicidae,Australasian Bellbirds,,Oreoica,,1,0,冠钟鹟 (Oreoica gutturalis)
Passeriformes,雀形目,Oreoicidae,Australasian Bellbirds,,Ornorectes,,1,0,冠林钟鹟 (Ornorectes cristatus)
Passeriformes,雀形目,Oriolidae,Old World Orioles,,Pitohui,,4,0,黑头林鵙鹟 (Pitohui dichrous); 褐头林鵙鹟 (Pitohui cerviniventris); 杂色林鵙鹟 (Pitohui kirhocephalus)
Passeriformes,雀形目,Oriolidae,Old World Orioles,,Sphecotheres,,3,0,白腹裸眼鹂 (Sphecotheres hypoleucus); 绿裸眼鹂 (Sphecotheres viridis); 澳裸眼鹂 (Sphecotheres vieilloti)
Passeriformes,雀形目,Oriolidae,Old World Orioles,,Turnagra,,2,0,北岛鸫鹟 (Turnagra tanagra); 纽西兰鸫鹟 (Turnagra capensis)
Passeriformes,雀形目,Orthonychidae,Logrunner and Chowchilla,,Orthonyx,,3,0,新几内亚刺尾鸫 (Orthonyx novaeguineae); 刺尾鸫 (Orthonyx temminckii); 黑头刺尾鸫 (Orthonyx spaldingii)
Passeriformes,雀形目,Oxyruncidae,Sharpbill,,Oxyruncus,,1,0,尖喙霸鹟 (Oxyruncus cristatus)
Passeriformes,雀形目,Pachycephalidae,Whistlers and Allies,,Colluricincla,,5,0,褐胸鵙鹟 (Colluricincla woodwardi); 纹胸鵙鹟 (Colluricincla boweri); 灰鵙鹟 (Colluricincla harmonica)
Passeriformes,雀形目,Pachycephalidae,Whistlers and Allies,,Coracornis,,2,0,桑岛啸鹟 (Coracornis sanghirensis); 栗背啸鹟 (Coracornis raveni)
Passeriformes,雀形目,Pachycephalidae,Whistlers and Allies,,Melanorectes,,1,0,黑林鵙鹟 (Melanorectes nigrescens)
Passeriformes,雀形目,Pachycephalidae,Whistlers and Allies,,Pachycephala,,51,0,绿啸鹟 (Pachycephala olivacea); 红眼先啸鹟 (Pachycephala rufogularis); 吉氏啸鹟 (Pachycephala inornata)
Passeriformes,雀形目,Pachycephalidae,Whistlers and Allies,,Pseudorectes,,2,0,斑胸林鵙鹟 (Pseudorectes incertus); 锈色林鵙鹟 (Pseudorectes ferrugineus)
Passeriformes,雀形目,Panuridae,Reedling,,Panurus,,1,0,文须雀 (Panurus biarmicus)
Passeriformes,雀形目,Paradisaeidae,Birds-of-paradise,,Astrapia,,5,0,华丽长尾风鸟 (Astrapia splendidissima); 黑蓝长尾风鸟 (Astrapia nigra); 绿腹长尾风鸟 (Astrapia rothschildi)
Passeriformes,雀形目,Paradisaeidae,Birds-of-paradise,,Cicinnurus,,1,0,王极乐鸟 (Cicinnurus regius)
Passeriformes,雀形目,Paradisaeidae,Birds-of-paradise,,Diphyllodes,,2,0,威氏极乐鸟 (Diphyllodes respublica); 丽色极乐鸟 (Diphyllodes magnificus)
Passeriformes,雀形目,Paradisaeidae,Birds-of-paradise,,Drepanornis,,2,0,淡嘴镰嘴风鸟 (Drepanornis bruijnii); 黑嘴镰嘴风鸟 (Drepanornis albertisi)
Passeriformes,雀形目,Paradisaeidae,Birds-of-paradise,,Epimachus,,2,0,黑镰嘴风鸟 (Epimachus fastosus); 褐镰嘴风鸟 (Epimachus meyeri)
Passeriformes,雀形目,Paradisaeidae,Birds-of-paradise,,Lophorina,,3,0,华美极乐鸟 (Lophorina superba); 中华美极乐鸟 (Lophorina latipennis); 小华美极乐鸟 (Lophorina minor)
Passeriformes,雀形目,Paradisaeidae,Birds-of-paradise,,Lycocorax,,2,0,奥比岛极乐鸟 (Lycocorax obiensis); 褐翅极乐鸟 (Lycocorax pyrrhopterus)
Passeriformes,雀形目,Paradisaeidae,Birds-of-paradise,,Manucodia,,4,0,卷冠辉极乐鸟 (Manucodia comrii); 绿胸辉极乐鸟 (Manucodia chalybatus); 绿辉极乐鸟 (Manucodia jobiensis)
Passeriformes,雀形目,Paradisaeidae,Birds-of-paradise,,Paradigalla,,2,0,长尾肉垂风鸟 (Paradigalla carunculata); 短尾肉垂风鸟 (Paradigalla brevicauda)
Passeriformes,雀形目,Paradisaeidae,Birds-of-paradise,,Paradisaea,,6,0,线翎极乐鸟 (Paradisaea guilielmi); 红极乐鸟 (Paradisaea rubra); 戈氏极乐鸟 (Paradisaea decora)
Passeriformes,雀形目,Paradisaeidae,Birds-of-paradise,,Paradisornis,,1,0,蓝极乐鸟 (Paradisornis rudolphi)
Passeriformes,雀形目,Paradisaeidae,Birds-of-paradise,,Parotia,,6,0,白胁六线风鸟 (Parotia carolae); 青铜六线风鸟 (Parotia berlepschi); 阿法六线风鸟 (Parotia sefilata)
Passeriformes,雀形目,Paradisaeidae,Birds-of-paradise,,Phonygammus,,1,0,号声极乐鸟 (Phonygammus keraudrenii)
Passeriformes,雀形目,Paradisaeidae,Birds-of-paradise,,Pteridophora,,1,0,萨克森极乐鸟 (Pteridophora alberti)
Passeriformes,雀形目,Paradisaeidae,Birds-of-paradise,,Ptiloris,,4,0,大掩鼻风鸟 (Ptiloris paradiseus); 小掩鼻风鸟 (Ptiloris victoriae); 丽色掩鼻风鸟 (Ptiloris magnificus)
Passeriformes,雀形目,Paradisaeidae,Birds-of-paradise,,Seleucidis,,1,0,十二线极乐鸟 (Seleucidis melanoleucus)
Passeriformes,雀形目,Paradisaeidae,Birds-of-paradise,,Semioptera,,1,0,幡羽极乐鸟 (Semioptera wallacii)
Passeriformes,雀形目,Paradoxornithidae,Parrotbills and Allies,,Chamaea,,1,0,鹪雀莺 (Chamaea fasciata)
Passeriformes,雀形目,Paradoxornithidae,Parrotbills and Allies,,Chrysomma,,2,0,金眼鹛雀 (Chrysomma sinense); 杰氏鹛雀 (Chrysomma altirostre)
Passeriformes,雀形目,Paradoxornithidae,Parrotbills and Allies,,Lioparus,,1,0,金胸雀鹛 (Lioparus chrysotis)
Passeriformes,雀形目,Paramythiidae,Tit Berrypecker and Crested Berrypeckers,,Oreocharis,,1,0,拟雀啄果鸟 (Oreocharis arfaki)
Passeriformes,雀形目,Paramythiidae,Tit Berrypecker and Crested Berrypeckers,,Paramythia,,2,0,冠啄果鸟 (Paramythia montium); 西冠啄果鸟 (Paramythia olivacea)
Passeriformes,雀形目,Pardalotidae,Pardalotes,,Pardalotus,,4,0,斑翅食蜜鸟 (Pardalotus punctatus); 多斑食蜜鸟 (Pardalotus quadragintus); 红眉食蜜鸟 (Pardalotus rubricatus)
Passeriformes,雀形目,Paridae,"Tits, Chickadees, and Titmice",,Baeolophus,,5,0,白眉冠山雀 (Baeolophus wollweberi); 纯色冠山雀 (Baeolophus inornatus); 林山雀 (Baeolophus ridgwayi)
Passeriformes,雀形目,Paridae,"Tits, Chickadees, and Titmice",,Cephalopyrus,,1,0,火冠雀 (Cephalopyrus flammiceps)
Passeriformes,雀形目,Paridae,"Tits, Chickadees, and Titmice",,Cyanistes,,3,0,非洲青山雀 (Cyanistes teneriffae); 灰蓝山雀 (Cyanistes cyanus); 青山雀 (Cyanistes caeruleus)
Passeriformes,雀形目,Paridae,"Tits, Chickadees, and Titmice",,Lophophanes,,2,0,褐冠山雀 (Lophophanes dichrous); 凤头山雀 (Lophophanes cristatus)
Passeriformes,雀形目,Paridae,"Tits, Chickadees, and Titmice",,Melaniparus,,14,0,白肩黑山雀 (Melaniparus guineensis); 白翅黑山雀 (Melaniparus leucomelas); 棕胸山雀 (Melaniparus rufiventris)
Passeriformes,雀形目,Paridae,"Tits, Chickadees, and Titmice",,Melanochlora,,1,0,冕雀 (Melanochlora sultanea)
Passeriformes,雀形目,Paridae,"Tits, Chickadees, and Titmice",,Parus,,3,0,绿背山雀 (Parus monticolus); 欧亚大山雀 (Parus major); 大山雀 (Parus cinereus)
Passeriformes,雀形目,Paridae,"Tits, Chickadees, and Titmice",,Sylviparus,,1,0,黄眉林雀 (Sylviparus modestus)
Passeriformes,雀形目,Parulidae,New World Warblers,,Basileuterus,,12,0,扇尾森莺 (Basileuterus lachrymosus); 棕顶王森莺 (Basileuterus rufifrons); 栗顶王森莺 (Basileuterus delattrii)
Passeriformes,雀形目,Parulidae,New World Warblers,,Cardellina,,5,0,加拿大威森莺 (Cardellina canadensis); 黑头威森莺 (Cardellina pusilla); 红脸森莺 (Cardellina rubrifrons)
Passeriformes,雀形目,Parulidae,New World Warblers,,Catharopeza,,1,0,啸森莺 (Catharopeza bishopi)
Passeriformes,雀形目,Parulidae,New World Warblers,,Geothlypis,,14,0,黑胸地莺 (Geothlypis philadelphia); 灰头地莺 (Geothlypis tolmiei); 灰冠黄喉地莺 (Geothlypis poliocephala)
Passeriformes,雀形目,Parulidae,New World Warblers,,Helmitheros,,1,0,食虫森莺 (Helmitheros vermivorum)
Passeriformes,雀形目,Parulidae,New World Warblers,,Leiothlypis,,6,0,灰冠虫森莺 (Leiothlypis peregrina); 橙冠虫森莺 (Leiothlypis celata); 黄腰虫森莺 (Leiothlypis crissalis)
Passeriformes,雀形目,Parulidae,New World Warblers,,Leucopeza,,1,0,淡脚森莺 (Leucopeza semperi)
Passeriformes,雀形目,Parulidae,New World Warblers,,Limnothlypis,,1,0,斯氏森莺 (Limnothlypis swainsonii)
Passeriformes,雀形目,Parulidae,New World Warblers,,Mniotilta,,1,0,黑白森莺 (Mniotilta varia)
Passeriformes,雀形目,Parulidae,New World Warblers,,Myioborus,,12,0,彩鸲莺 (Myioborus pictus); 暗喉鸲莺 (Myioborus miniatus); 褐顶鸲莺 (Myioborus brunniceps)
Passeriformes,雀形目,Parulidae,New World Warblers,,Myiothlypis,,17,0,灰头王森莺 (Myiothlypis griseiceps); 黑头王森莺 (Myiothlypis basilica); 柠黄王森莺 (Myiothlypis luteoviridis)
Passeriformes,雀形目,Parulidae,New World Warblers,,Oporornis,,1,0,灰喉地莺 (Oporornis agilis)
Passeriformes,雀形目,Parulidae,New World Warblers,,Oreothlypis,,2,0,火喉森莺 (Oreothlypis gutturalis); 月胸森莺 (Oreothlypis superciliosa)
Passeriformes,雀形目,Parulidae,New World Warblers,,Parkesia,,2,0,黄眉灶莺 (Parkesia noveboracensis); 白眉灶莺 (Parkesia motacilla)
Passeriformes,雀形目,Parulidae,New World Warblers,,Protonotaria,,1,0,蓝翅黄森莺 (Protonotaria citrea)
Passeriformes,雀形目,Parulidae,New World Warblers,,Seiurus,,1,0,橙顶灶莺 (Seiurus aurocapilla)
Passeriformes,雀形目,Parulidae,New World Warblers,,Setophaga,,35,0,铅色林莺 (Setophaga plumbea); 尖头林莺 (Setophaga pharetra); 小林莺 (Setophaga angelae)
Passeriformes,雀形目,Parulidae,New World Warblers,,Vermivora,,3,0,黑胸虫森莺 (Vermivora bachmanii); 金翅虫森莺 (Vermivora chrysoptera); 蓝翅虫森莺 (Vermivora cyanoptera)
Passeriformes,雀形目,Passerellidae,New World Sparrows,,Aimophila,,3,0,锈红猛雀鹀 (Aimophila rufescens); 棕顶猛雀鹀 (Aimophila ruficeps); 瓦哈猛雀鹀 (Aimophila notosticta)
Passeriformes,雀形目,Passerellidae,New World Sparrows,,Ammodramus,,3,0,黄胸草鹀 (Ammodramus savannarum); 草地蝇鹀 (Ammodramus humeralis); 黄眉蝇鹀 (Ammodramus aurifrons)
Passeriformes,雀形目,Passerellidae,New World Sparrows,,Ammospiza,,4,0,莱氏沙鹀 (Ammospiza leconteii); 海滨沙鹀 (Ammospiza maritima); 纳氏沙鹀 (Ammospiza nelsoni)
Passeriformes,雀形目,Passerellidae,New World Sparrows,,Amphispiza,,1,0,黑喉漠鹀 (Amphispiza bilineata)
Passeriformes,雀形目,Passerellidae,New World Sparrows,,Amphispizopsis,,1,0,五纹猛雀鹀 (Amphispizopsis quinquestriata)
Passeriformes,雀形目,Passerellidae,New World Sparrows,,Arremon,,22,0,哥斯达黎加薮雀 (Arremon costaricensis); 北纹头薮雀 (Arremon basilicus); 东纹头薮雀 (Arremon perijanus)
Passeriformes,雀形目,Passerellidae,New World Sparrows,,Arremonops,,4,0,褐纹头雀 (Arremonops rufivirgatus); 绿背纹头雀 (Arremonops chloronotus); 大黑纹头雀 (Arremonops conirostris)
Passeriformes,雀形目,Passerellidae,New World Sparrows,,Artemisiospiza,,2,0,艾草漠鹀 (Artemisiospiza nevadensis); 贝氏漠鹀 (Artemisiospiza belli)
Passeriformes,雀形目,Passerellidae,New World Sparrows,,Atlapetes,,33,0,棕顶薮雀 (Atlapetes pileatus); 白颈薮雀 (Atlapetes albinucha); 黄踝饰雀 (Atlapetes tibialis)
Passeriformes,雀形目,Passerellidae,New World Sparrows,,Calamospiza,,1,0,白斑黑鹀 (Calamospiza melanocorys)
Passeriformes,雀形目,Passerellidae,New World Sparrows,,Centronyx,,2,0,贝氏草鹀 (Centronyx bairdii); 亨氏草鹀 (Centronyx henslowii)
Passeriformes,雀形目,Passerellidae,New World Sparrows,,Chlorospingus,,8,0,黄喉丛唐纳雀 (Chlorospingus flavigularis); 短嘴丛唐纳雀 (Chlorospingus parvirostris); 灰喉丛唐纳雀 (Chlorospingus canigularis)
Passeriformes,雀形目,Passerellidae,New World Sparrows,,Chondestes,,1,0,云雀鹀 (Chondestes grammacus)
Passeriformes,雀形目,Passerellidae,New World Sparrows,,Junco,,5,0,暗眼灯草鹀 (Junco hyemalis); 瓜岛灯草鹀 (Junco insularis); 墨西哥灯草鹀 (Junco phaeonotus)
Passeriformes,雀形目,Passerellidae,New World Sparrows,,Melospiza,,3,0,歌带鹀 (Melospiza melodia); 沼泽带鹀 (Melospiza georgiana); 林氏带鹀 (Melospiza lincolnii)
Passeriformes,雀形目,Passerellidae,New World Sparrows,,Melozone,,9,0,锈顶地雀 (Melozone kieneri); 棕喉唧鹀 (Melozone fusca); 白喉唧鹀 (Melozone albicollis)
Passeriformes,雀形目,Passerellidae,New World Sparrows,,Oreothraupis,,1,0,拟唐纳雀 (Oreothraupis arremonops)
Passeriformes,雀形目,Passerellidae,New World Sparrows,,Oriturus,,1,0,纹雀鹀 (Oriturus superciliosus)
Passeriformes,雀形目,Passerellidae,New World Sparrows,,Passerculus,,1,0,稀树草鹀 (Passerculus sandwichensis)
Passeriformes,雀形目,Passerellidae,New World Sparrows,,Passerella,,1,0,狐色雀鹀 (Passerella iliaca)
Passeriformes,雀形目,Passerellidae,New World Sparrows,,Peucaea,,8,0,棕翅猛雀鹀 (Peucaea carpalis); 红尾猛雀鹀 (Peucaea sumichrasti); 纹头猛雀鹀 (Peucaea ruficauda)
Passeriformes,雀形目,Passerellidae,New World Sparrows,,Pezopetes,,1,0,大脚薮雀 (Pezopetes capitalis)
Passeriformes,雀形目,Passerellidae,New World Sparrows,,Pipilo,,5,0,绿尾唧鹀 (Pipilo chlorurus); 斑唧鹀 (Pipilo maculatus); 棕胁唧鹀 (Pipilo erythrophthalmus)
Passeriformes,雀形目,Passerellidae,New World Sparrows,,Pooecetes,,1,0,栗肩雀鹀 (Pooecetes gramineus)
Passeriformes,雀形目,Passerellidae,New World Sparrows,,Rhynchospiza,,3,0,通贝斯猛雀鹀 (Rhynchospiza stolzmanni); 央葛斯猛雀鹀 (Rhynchospiza dabbenei); 纹顶猛雀鹀 (Rhynchospiza strigiceps)
Passeriformes,雀形目,Passerellidae,New World Sparrows,,Spizella,,6,0,棕顶雀鹀 (Spizella passerina); 褐雀鹀 (Spizella pallida); 黑颏雀鹀 (Spizella atrogularis)
Passeriformes,雀形目,Passerellidae,New World Sparrows,,Spizelloides,,1,0,美洲树雀鹀 (Spizelloides arborea)
Passeriformes,雀形目,Passerellidae,New World Sparrows,,Torreornis,,1,0,萨帕塔鹀 (Torreornis inexpectata)
Passeriformes,雀形目,Passerellidae,New World Sparrows,,Xenospiza,,1,0,异雀鹀 (Xenospiza baileyi)
Passeriformes,雀形目,Passerellidae,New World Sparrows,,Zonotrichia,,5,0,红领带鹀 (Zonotrichia capensis); 白喉带鹀 (Zonotrichia albicollis); 赫氏带鹀 (Zonotrichia querula)
Passeriformes,雀形目,Passeridae,Snowfinches and Old World Sparrows,,Carpospiza,,1,0,淡色石雀 (Carpospiza brachydactyla)
Passeriformes,雀形目,Passeridae,Snowfinches and Old World Sparrows,,Gymnoris,,4,0,黄斑石雀 (Gymnoris pyrgita); 栗肩石雀 (Gymnoris xanthocollis); 黄喉石雀 (Gymnoris superciliaris)
Passeriformes,雀形目,Passeridae,Snowfinches and Old World Sparrows,,Hypocryptadius,,1,0,桂红绣眼雀 (Hypocryptadius cinnamomeus)
Passeriformes,雀形目,Passeridae,Snowfinches and Old World Sparrows,,Passer,,28,0,灰头麻雀 (Passer griseus); 斯氏麻雀 (Passer swainsonii); 鹦嘴麻雀 (Passer gongonensis)
Passeriformes,雀形目,Passeridae,Snowfinches and Old World Sparrows,,Petronia,,1,0,石雀 (Petronia petronia)
Passeriformes,雀形目,Passeridae,Snowfinches and Old World Sparrows,,Pyrgilauda,,4,0,黑喉雪雀 (Pyrgilauda davidiana); 棕颈雪雀 (Pyrgilauda ruficollis); 棕背雪雀 (Pyrgilauda blanfordi)
Passeriformes,雀形目,Pellorneidae,Ground Babblers and Allies,,Graminicola,,2,0,南亚草鹛 (Graminicola bengalensis); 中华草鹛 (Graminicola striatus)
Passeriformes,雀形目,Pellorneidae,Ground Babblers and Allies,,Illadopsis,,9,0,褐非洲雅鹛 (Illadopsis fulvescens); 苍胸非洲雅鹛 (Illadopsis rufipennis); 灰胸非洲雅鹛 (Illadopsis distans)
Passeriformes,雀形目,Pellorneidae,Ground Babblers and Allies,,Kenopia,,1,0,纹鹪鹛 (Kenopia striata)
Passeriformes,雀形目,Pellorneidae,Ground Babblers and Allies,,Laticilla,,2,0,沼泽山鹪鹛 (Laticilla cinerascens); 长尾山鹪鹛 (Laticilla burnesii)
Passeriformes,雀形目,Pellorneidae,Ground Babblers and Allies,,Malacocincla,,3,0,阿氏雅鹛 (Malacocincla abbotti); 霍氏雅鹛 (Malacocincla sepiaria); 黑眉雅鹛 (Malacocincla perspicillata)
Passeriformes,雀形目,Pellorneidae,Ground Babblers and Allies,,Malacopteron,,6,0,纯色树鹛 (Malacopteron affine); 灰头树鹛 (Malacopteron albogulare); 小红头树鹛 (Malacopteron cinereum)
Passeriformes,雀形目,Pellorneidae,Ground Babblers and Allies,,Napothera,,6,0,纹胸鹪鹛 (Napothera epilepidota); 长嘴鹩鹛 (Napothera malacoptila); 苏门答腊鹩鹛 (Napothera albostriata)
Passeriformes,雀形目,Pellorneidae,Ground Babblers and Allies,,Pellorneum,,15,0,棕头幽鹛 (Pellorneum ruficeps); 褐冠幽鹛 (Pellorneum fuscocapillus); 沼泽幽鹛 (Pellorneum palustre)
Passeriformes,雀形目,Pellorneidae,Ground Babblers and Allies,,Ptilocichla,,3,0,条纹地鹛 (Ptilocichla mindanensis); 加里曼丹地鹛 (Ptilocichla leucogrammica); 菲律宾地鹛 (Ptilocichla falcata)
Passeriformes,雀形目,Pellorneidae,Ground Babblers and Allies,,Turdinus,,3,0,大鹪鹛 (Turdinus macrodactylus); 石纹鹪鹛 (Turdinus marmoratus); 黑喉鹪鹛 (Turdinus atrigularis)
Passeriformes,雀形目,Petroicidae,Australasian Robins,,Amalocichla,,2,0,小地鸲 (Amalocichla incerta); 大地鸲 (Amalocichla sclateriana)
Passeriformes,雀形目,Petroicidae,Australasian Robins,,Cryptomicroeca,,1,0,黄腹鸲鹟 (Cryptomicroeca flaviventris)
Passeriformes,雀形目,Petroicidae,Australasian Robins,,Devioeca,,1,0,巴布亚小鹟 (Devioeca papuana)
Passeriformes,雀形目,Petroicidae,Australasian Robins,,Drymodes,,3,0,栗腰薮鸲 (Drymodes brunneopygia); 纹眉薮鸲 (Drymodes superciliaris); 巴布亚薮鸲 (Drymodes beccarii)
Passeriformes,雀形目,Petroicidae,Australasian Robins,,Eopsaltria,,6,0,黄绿杂色鹟 (Eopsaltria placens); 东黄鸲鹟 (Eopsaltria australis); 西黄鸲鹟 (Eopsaltria griseogularis)
Passeriformes,雀形目,Petroicidae,Australasian Robins,,Eugerygone,,1,0,红背刺莺 (Eugerygone rubra)
Passeriformes,雀形目,Petroicidae,Australasian Robins,,Heteromyias,,3,0,灰头丛鹟 (Heteromyias cinereifrons); 黑顶丛鹟 (Heteromyias armiti); 地丛鹟 (Heteromyias albispecularis)
Passeriformes,雀形目,Petroicidae,Australasian Robins,,Kempiella,,2,0,绿小鹟 (Kempiella flavovirescens); 黄脚小鹟 (Kempiella griseoceps)
Passeriformes,雀形目,Petroicidae,Australasian Robins,,Leucophantes,,1,0,白胸杂色鹟 (Leucophantes brachyurus)
Passeriformes,雀形目,Petroicidae,Australasian Robins,,Melanodryas,,7,0,暗色鸲鹟 (Melanodryas vittata); 冠鸲鹟 (Melanodryas cucullata); 白腰薮鹟 (Melanodryas bimaculata)
Passeriformes,雀形目,Petroicidae,Australasian Robins,,Microeca,,3,0,金腹小鹟 (Microeca hemixantha); 黄胸小鹟 (Microeca flavigaster); 褐背小鹟 (Microeca fascinans)
Passeriformes,雀形目,Petroicidae,Australasian Robins,,Monachella,,1,0,特岛鸲鹟 (Monachella muelleriana)
Passeriformes,雀形目,Petroicidae,Australasian Robins,,Pachycephalopsis,,2,0,白眼丛鹟 (Pachycephalopsis poliosoma); 绿丛鹟 (Pachycephalopsis hattamensis)
Passeriformes,雀形目,Petroicidae,Australasian Robins,,Petroica,,14,0,雀鸲鹟 (Petroica macrocephala); 查岛鸲鹟 (Petroica traversi); 北岛鸲鹟 (Petroica longipes)
Passeriformes,雀形目,Petroicidae,Australasian Robins,,Plesiodryas,,1,0,黑喉杂色鹟 (Plesiodryas albonotata)
Passeriformes,雀形目,Petroicidae,Australasian Robins,,Poecilodryas,,3,0,黑白杂色鹟 (Poecilodryas hypoleuca); 白眉杂色鹟 (Poecilodryas superciliosa); 棕胁杂色鹟 (Poecilodryas cerviniventris)
Passeriformes,雀形目,Peucedramidae,Olive Warbler,,Peucedramus,,1,0,橄榄绿森莺 (Peucedramus taeniatus)
Passeriformes,雀形目,Phaenicophilidae,Hispaniolan Tanagers,,Microligea,,1,0,绿尾地唐纳雀 (Microligea palustris)
Passeriformes,雀形目,Phaenicophilidae,Hispaniolan Tanagers,,Phaenicophilus,,2,0,黑顶长尾唐纳雀 (Phaenicophilus palmarum); 灰顶长尾唐纳雀 (Phaenicophilus poliocephalus)
Passeriformes,雀形目,Phaenicophilidae,Hispaniolan Tanagers,,Xenoligea,,1,0,白翅地唐纳雀 (Xenoligea montana)
Passeriformes,雀形目,Philepittidae,Asities,,Neodrepanis,,2,0,弯嘴裸眉鸫 (Neodrepanis coruscans); 小弯嘴裸眉鸫 (Neodrepanis hypoxantha)
Passeriformes,雀形目,Philepittidae,Asities,,Philepitta,,2,0,紫黑裸眉鸫 (Philepitta castanea); 施氏裸眉鸫 (Philepitta schlegeli)
Passeriformes,雀形目,Picathartidae,Rockfowl,,Picathartes,,2,0,白颈岩鹛 (Picathartes gymnocephalus); 灰颈岩鹛 (Picathartes oreas)
Passeriformes,雀形目,Pipridae,Manakins,,Ceratopipra,,5,0,红角娇鹟 (Ceratopipra cornuta); 红顶娇鹟 (Ceratopipra mentalis); 金头娇鹟 (Ceratopipra erythrocephala)
Passeriformes,雀形目,Pipridae,Manakins,,Chiroxiphia,,7,0,鹊色盔娇鹟 (Chiroxiphia bokermanni); 盔娇鹟 (Chiroxiphia galeata); 尖尾娇鹟 (Chiroxiphia lanceolata)
Passeriformes,雀形目,Pipridae,Manakins,,Chloropipo,,2,0,黄头绿娇鹟 (Chloropipo flavicapilla); 辉绿娇鹟 (Chloropipo unicolor)
Passeriformes,雀形目,Pipridae,Manakins,,Corapipo,,3,0,中美白皱领娇鹟 (Corapipo altera); 南美白皱领娇鹟 (Corapipo leucorrhoa); 白喉娇鹟 (Corapipo gutturalis)
Passeriformes,雀形目,Pipridae,Manakins,,Cryptopipo,,2,0,绿娇鹟 (Cryptopipo holochlora); 乔科娇鹟 (Cryptopipo litae)
Passeriformes,雀形目,Pipridae,Manakins,,Heterocercus,,3,0,橙顶娇鹟 (Heterocercus aurantiivertex); 黄顶娇鹟 (Heterocercus flavivertex); 赤顶娇鹟 (Heterocercus linteatus)
Passeriformes,雀形目,Pipridae,Manakins,,Ilicura,,1,0,针尾娇鹟 (Ilicura militaris)
Passeriformes,雀形目,Pipridae,Manakins,,Lepidothrix,,9,0,柔羽娇鹟 (Lepidothrix velutina); 蓝冠娇鹟 (Lepidothrix coronata); 白顶娇鹟 (Lepidothrix nattereri)
Passeriformes,雀形目,Pipridae,Manakins,,Machaeropterus,,5,0,梅花翅娇鹟 (Machaeropterus deliciosus); 紫纹娇鹟 (Machaeropterus striolatus); 丽彩娇鹟 (Machaeropterus eckelberryi)
Passeriformes,雀形目,Pipridae,Manakins,,Manacus,,4,0,白头娇鹟 (Manacus candei); 橙领娇鹟 (Manacus aurantiacus); 金领娇鹟 (Manacus vitellinus)
Passeriformes,雀形目,Pipridae,Manakins,,Masius,,1,0,金翅娇鹟 (Masius chrysopterus)
Passeriformes,雀形目,Pipridae,Manakins,,Neopelma,,5,0,淡腹霸娇鹟 (Neopelma pallescens); 黄冠霸娇鹟 (Neopelma chrysocephalum); 巴西霸娇鹟 (Neopelma aurifrons)
Passeriformes,雀形目,Pipridae,Manakins,,Pipra,,3,0,绯红冠娇鹟 (Pipra aureola); 线尾娇鹟 (Pipra filicauda); 斑尾娇鹟 (Pipra fasciicauda)
Passeriformes,雀形目,Pipridae,Manakins,,Pseudopipra,,1,0,白冠娇鹟 (Pseudopipra pipra)
Passeriformes,雀形目,Pipridae,Manakins,,Tyranneutes,,2,0,小霸娇鹟 (Tyranneutes virescens); 侏霸娇鹟 (Tyranneutes stolzmanni)
Passeriformes,雀形目,Pipridae,Manakins,,Xenopipo,,2,0,黑娇鹟 (Xenopipo atronitens); 橄榄绿娇鹟 (Xenopipo uniformis)
Passeriformes,雀形目,Pittidae,Pittas,,Erythropitta,,13,0,吕宋八色鸫 (Erythropitta kochi); 红胸八色鸫 (Erythropitta erythrogaster); 苏拉岛八色鸫 (Erythropitta dohertyi)
Passeriformes,雀形目,Pityriasidae,Bristlehead,,Pityriasis,,1,0,棘头鵙 (Pityriasis gymnocephala)
Passeriformes,雀形目,Platylophidae,Jayshrike,,Platylophus,,1,0,冠鸦 (Platylophus galericulatus)
Passeriformes,雀形目,Platysteiridae,Wattle-eyes and Batises,,Batis,,20,0,布氏蓬背鹟 (Batis margaritae); 短尾蓬背鹟 (Batis mixta); 褐翅蓬背鹟 (Batis crypta)
Passeriformes,雀形目,Platysteiridae,Wattle-eyes and Batises,,Dyaphorophyia,,3,0,栗色疣眼鹟 (Dyaphorophyia castanea); 西非疣眼鹟 (Dyaphorophyia hormophora); 白斑疣眼鹟 (Dyaphorophyia tonsa)
Passeriformes,雀形目,Platysteiridae,Wattle-eyes and Batises,,Lanioturdus,,1,0,白尾鵙鹟 (Lanioturdus torquatus)
Passeriformes,雀形目,Platysteiridae,Wattle-eyes and Batises,,Platysteira,,8,0,褐喉疣眼鹟 (Platysteira cyanea); 白额疣眼鹟 (Platysteira albifrons); 黑喉疣眼鹟 (Platysteira peltata)
Passeriformes,雀形目,Ploceidae,Weavers and Allies,,Amblyospiza,,1,0,厚嘴织雀 (Amblyospiza albifrons)
Passeriformes,雀形目,Ploceidae,Weavers and Allies,,Anaplectes,,2,0,红编织雀 (Anaplectes jubaensis); 红头编织雀 (Anaplectes rubriceps)
Passeriformes,雀形目,Ploceidae,Weavers and Allies,,Brachycope,,1,0,短尾织雀 (Brachycope anomala)
Passeriformes,雀形目,Ploceidae,Weavers and Allies,,Bubalornis,,2,0,白嘴牛文鸟 (Bubalornis albirostris); 红嘴牛文鸟 (Bubalornis niger)
Passeriformes,雀形目,Ploceidae,Weavers and Allies,,Dinemellia,,1,0,白头牛文鸟 (Dinemellia dinemelli)
Passeriformes,雀形目,Ploceidae,Weavers and Allies,,Euplectes,,18,0,橙巧织雀 (Euplectes franciscanus); 红巧织雀 (Euplectes orix); 黑臀巧织雀 (Euplectes nigroventris)
Passeriformes,雀形目,Ploceidae,Weavers and Allies,,Foudia,,7,0,红织雀 (Foudia madagascariensis); 阿岛织雀 (Foudia aldabrana); 马岛红头织雀 (Foudia eminentissima)
Passeriformes,雀形目,Ploceidae,Weavers and Allies,,Histurgops,,1,0,棕尾织雀 (Histurgops ruficauda)
Passeriformes,雀形目,Ploceidae,Weavers and Allies,,Malimbus,,10,0,朱顶精织雀 (Malimbus coronatus); 黑喉精织雀 (Malimbus cassini); 保氏精织雀 (Malimbus ballmanni)
Passeriformes,雀形目,Ploceidae,Weavers and Allies,,Pachyphantes,,1,0,褐翅织雀 (Pachyphantes superciliosus)
Passeriformes,雀形目,Ploceidae,Weavers and Allies,,Philetairus,,1,0,群织雀 (Philetairus socius)
Passeriformes,雀形目,Ploceidae,Weavers and Allies,,Plocepasser,,4,0,白眉织雀 (Plocepasser mahali); 栗顶织雀 (Plocepasser superciliosus); 栗背织雀 (Plocepasser rufoscapulatus)
Passeriformes,雀形目,Ploceidae,Weavers and Allies,,Ploceus,,66,0,黄腿织雀 (Ploceus flavipes); 伯氏织雀 (Ploceus bertrandi); 黄腹织雀 (Ploceus baglafecht)
Passeriformes,雀形目,Ploceidae,Weavers and Allies,,Pseudonigrita,,2,0,黑头群织雀 (Pseudonigrita cabanisi); 灰头群织雀 (Pseudonigrita arnaudi)
Passeriformes,雀形目,Ploceidae,Weavers and Allies,,Quelea,,3,0,绯红奎利亚雀 (Quelea cardinalis); 红头奎利亚雀 (Quelea erythrops); 红嘴奎利亚雀 (Quelea quelea)
Passeriformes,雀形目,Ploceidae,Weavers and Allies,,Sporopipes,,2,0,点额织雀 (Sporopipes frontalis); 鳞额编织雀 (Sporopipes squamifrons)
Passeriformes,雀形目,Polioptilidae,Gnatwrens and Gnatcatchers,,Microbates,,2,0,领蚋莺 (Microbates collaris); 半领蚋莺 (Microbates cinereiventris)
Passeriformes,雀形目,Polioptilidae,Gnatwrens and Gnatcatchers,,Polioptila,,16,0,圭亚那蚋莺 (Polioptila guianensis); 灰喉蚋莺 (Polioptila schistaceigula); 秘鲁蚋莺 (Polioptila clementsi)
Passeriformes,雀形目,Polioptilidae,Gnatwrens and Gnatcatchers,,Ramphocaenus,,2,0,噪蚋莺 (Ramphocaenus sticturus); 长嘴蚋莺 (Ramphocaenus melanurus)
Passeriformes,雀形目,Pomatostomidae,Australasian Babblers,,Garritornis,,1,0,弯嘴鹛 (Garritornis isidorei)
Passeriformes,雀形目,Pomatostomidae,Australasian Babblers,,Pomatostomus,,4,0,灰冠弯嘴鹛 (Pomatostomus temporalis); 白眉弯嘴鹛 (Pomatostomus superciliosus); 哈氏弯嘴鹛 (Pomatostomus halli)
Passeriformes,雀形目,Promeropidae,Sugarbirds,,Promerops,,2,0,长尾食蜜鸟 (Promerops cafer); 格氏长尾食蜜鸟 (Promerops gurneyi)
Passeriformes,雀形目,Psophodidae,Whipbirds and Wedgebills,,Androphobus,,1,0,绿背鹛鸫 (Androphobus viridis)
Passeriformes,雀形目,Psophodidae,Whipbirds and Wedgebills,,Psophodes,,4,0,绿啸冠鸫 (Psophodes olivaceus); 黑喉啸冠鸫 (Psophodes nigrogularis); 西啸冠鸫 (Psophodes occidentalis)
Passeriformes,雀形目,Ptiliogonatidae,Silky-flycatchers,,Phainopepla,,1,0,黑丝鹟 (Phainopepla nitens)
Passeriformes,雀形目,Ptiliogonatidae,Silky-flycatchers,,Phainoptila,,1,0,黑黄丝鹟 (Phainoptila melanoxantha)
Passeriformes,雀形目,Ptiliogonatidae,Silky-flycatchers,,Ptiliogonys,,2,0,长尾丝鹟 (Ptiliogonys caudatus); 灰丝鹟 (Ptiliogonys cinereus)
Passeriformes,雀形目,Ptilonorhynchidae,Bowerbirds,,Ailuroedus,,6,0,白耳园丁鸟 (Ailuroedus buccoides); 赭胸园丁鸟 (Ailuroedus stonii); 褐冠园丁鸟 (Ailuroedus geislerorum)
Passeriformes,雀形目,Ptilonorhynchidae,Bowerbirds,,Amblyornis,,4,0,褐色园丁鸟 (Amblyornis inornata); 冠园丁鸟 (Amblyornis macgregoriae); 纹园丁鸟 (Amblyornis subalaris)
Passeriformes,雀形目,Ptilonorhynchidae,Bowerbirds,,Archboldia,,1,0,阿氏园丁鸟 (Archboldia papuensis)
Passeriformes,雀形目,Ptilonorhynchidae,Bowerbirds,,Chlamydera,,5,0,西大亭鸟 (Chlamydera guttata); 斑大亭鸟 (Chlamydera maculata); 大亭鸟 (Chlamydera nuchalis)
Passeriformes,雀形目,Ptilonorhynchidae,Bowerbirds,,Prionodura,,1,0,金亭鸟 (Prionodura newtoniana)
Passeriformes,雀形目,Ptilonorhynchidae,Bowerbirds,,Ptilonorhynchus,,1,0,缎蓝园丁鸟 (Ptilonorhynchus violaceus)
Passeriformes,雀形目,Ptilonorhynchidae,Bowerbirds,,Scenopoeetes,,1,0,齿嘴园丁鸟 (Scenopoeetes dentirostris)
Passeriformes,雀形目,Ptilonorhynchidae,Bowerbirds,,Sericulus,,4,0,辉亭鸟 (Sericulus aureus); 火红辉亭鸟 (Sericulus ardens); 贝氏辉亭鸟 (Sericulus bakeri)
Passeriformes,雀形目,Pycnonotidae,Bulbuls,,Acritillas,,1,0,黄眉鹎 (Acritillas indica)
Passeriformes,雀形目,Pycnonotidae,Bulbuls,,Alcurus,,1,0,纵纹绿鹎 (Alcurus striatus)
Passeriformes,雀形目,Pycnonotidae,Bulbuls,,Alophoixus,,8,0,灰头冠鹎 (Alophoixus phaeocephalus); 巴拉望冠鹎 (Alophoixus frater); 灰颊冠鹎 (Alophoixus tephrogenys)
Passeriformes,雀形目,Pycnonotidae,Bulbuls,,Andropadus,,1,0,黄腹绿鹎 (Andropadus importunus)
Passeriformes,雀形目,Pycnonotidae,Bulbuls,,Arizelocichla,,10,0,喀麦隆绿鹎 (Arizelocichla montana); 塞氏绿鹎 (Arizelocichla masukuensis); 西绿鹎 (Arizelocichla tephrolaema)
Passeriformes,雀形目,Pycnonotidae,Bulbuls,,Atimastillas,,2,0,黄喉绿鸫鹎 (Atimastillas flavicollis); 淡喉绿鸫鹎 (Atimastillas flavigula)
Passeriformes,雀形目,Pycnonotidae,Bulbuls,,Baeopogon,,2,0,肖氏白尾鹎 (Baeopogon clamans); 白尾鹎 (Baeopogon indicator)
Passeriformes,雀形目,Pycnonotidae,Bulbuls,,Bleda,,5,0,须鹎 (Bleda syndactylus); 绿尾须鹎 (Bleda eximius); 黄眼先须鹎 (Bleda notatus)
Passeriformes,雀形目,Pycnonotidae,Bulbuls,,Calyptocichla,,1,0,金绿鹎 (Calyptocichla serinus)
Passeriformes,雀形目,Pycnonotidae,Bulbuls,,Chlorocichla,,5,0,娇绿鸫鹎 (Chlorocichla laetissima); 普氏绿鸫鹎 (Chlorocichla prigoginei); 黄颈绿鸫鹎 (Chlorocichla falkensteini)
Passeriformes,雀形目,Pycnonotidae,Bulbuls,,Criniger,,5,0,西须冠鹎 (Criniger barbatus); 东须冠鹎 (Criniger chloronotus); 红尾须冠鹎 (Criniger calurus)
Passeriformes,雀形目,Pycnonotidae,Bulbuls,,Eurillas,,5,0,小绿鹎 (Eurillas virens); 黄须绿鹎 (Eurillas latirostris); 纯色绿鹎 (Eurillas curvirostris)
Passeriformes,雀形目,Pycnonotidae,Bulbuls,,Hemixos,,3,0,灰短脚鹎 (Hemixos flavala); 灰黑短脚鹎 (Hemixos cinereus); 栗背短脚鹎 (Hemixos castanonotus)
Passeriformes,雀形目,Pycnonotidae,Bulbuls,,Hypsipetes,,26,0,尼科巴短脚鹎 (Hypsipetes nicobariensis); 菲律宾短脚鹎 (Hypsipetes philippinus); 民岛短脚鹎 (Hypsipetes mindorensis)
Passeriformes,雀形目,Pycnonotidae,Bulbuls,,Iole,,7,0,芬氏冠鹎 (Iole finschii); 黄腹鹎 (Iole palawanensis); 黄眉绿鹎 (Iole viridescens)
Passeriformes,雀形目,Pycnonotidae,Bulbuls,,Ixonotus,,1,0,斑鹎 (Ixonotus guttatus)
Passeriformes,雀形目,Pycnonotidae,Bulbuls,,Ixos,,5,0,条纹鹎 (Ixos leucogrammicus); 苏门答腊短脚鹎 (Ixos sumatranus); 巽他短脚鹎 (Ixos virescens)
Passeriformes,雀形目,Pycnonotidae,Bulbuls,,Microtarsus,,7,0,凤头褐鹎 (Microtarsus eutilotus); 黑白鹎 (Microtarsus melanoleucos); 黄肉垂鹎 (Microtarsus urostictus)
Passeriformes,雀形目,Pycnonotidae,Bulbuls,,Neolestes,,1,0,黑领鹎 (Neolestes torquatus)
Passeriformes,雀形目,Pycnonotidae,Bulbuls,,Nok,,1,0,光脸鹎 (Nok hualon)
Passeriformes,雀形目,Pycnonotidae,Bulbuls,,Phyllastrephus,,19,0,姬旋木鹎 (Phyllastrephus debilis); 山地姬旋木鹎 (Phyllastrephus albigula); 白喉旋木鹎 (Phyllastrephus albigularis)
Passeriformes,雀形目,Pycnonotidae,Bulbuls,,Rubigula,,8,0,小褐鹎 (Rubigula erythropthalmos); 灰腹鹎 (Rubigula cyaniventris); 鳞胸鹎 (Rubigula squamata)
Passeriformes,雀形目,Pycnonotidae,Bulbuls,,Setornis,,1,0,钩嘴鹎 (Setornis criniger)
Passeriformes,雀形目,Pycnonotidae,Bulbuls,,Spizixos,,2,0,领雀嘴鹎 (Spizixos semitorques); 凤头雀嘴鹎 (Spizixos canifrons)
Passeriformes,雀形目,Pycnonotidae,Bulbuls,,Stelgidillas,,1,0,细嘴绿鹎 (Stelgidillas gracilirostris)
Passeriformes,雀形目,Pycnonotidae,Bulbuls,,Thescelocichla,,1,0,沼泽鹎 (Thescelocichla leucopleura)
Passeriformes,雀形目,Pycnonotidae,Bulbuls,,Tricholestes,,1,0,丝背鹎 (Tricholestes criniger)
Passeriformes,雀形目,Regulidae,Kinglets,,Corthylio,,1,0,红冠戴菊 (Corthylio calendula)
Passeriformes,雀形目,Remizidae,Penduline Tits,,Anthoscopus,,6,0,斑额攀雀 (Anthoscopus punctifrons); 灰攀雀 (Anthoscopus musculus); 黄攀雀 (Anthoscopus parvulus)
Passeriformes,雀形目,Remizidae,Penduline Tits,,Auriparus,,1,0,黄头金雀 (Auriparus flaviceps)
Passeriformes,雀形目,Rhagologidae,Berryhunter,,Rhagologus,,1,0,斑啸鹟 (Rhagologus leucostigma)
Passeriformes,雀形目,Rhinocryptidae,Tapaculos,,Acropternis,,1,0,眼斑窜鸟 (Acropternis orthonyx)
Passeriformes,雀形目,Rhinocryptidae,Tapaculos,,Eleoscytalopus,,2,0,白胸窜鸟 (Eleoscytalopus indigoticus); 栗胁窜鸟 (Eleoscytalopus psychopompus)
Passeriformes,雀形目,Rhinocryptidae,Tapaculos,,Eugralla,,1,0,赭胁窜鸟 (Eugralla paradoxa)
Passeriformes,雀形目,Rhinocryptidae,Tapaculos,,Liosceles,,1,0,锈纹窜鸟 (Liosceles thoracicus)
Passeriformes,雀形目,Rhinocryptidae,Tapaculos,,Merulaxis,,2,0,须额窜鸟 (Merulaxis ater); 斯氏须额窜鸟 (Merulaxis stresemanni)
Passeriformes,雀形目,Rhinocryptidae,Tapaculos,,Myornis,,1,0,灰窜鸟 (Myornis senilis)
Passeriformes,雀形目,Rhinocryptidae,Tapaculos,,Psilorhamphus,,1,0,斑竹鹩 (Psilorhamphus guttatus)
Passeriformes,雀形目,Rhinocryptidae,Tapaculos,,Pteroptochos,,3,0,栗喉隐窜鸟 (Pteroptochos castaneus); 黑喉隐窜鸟 (Pteroptochos tarnii); 须隐窜鸟 (Pteroptochos megapodius)
Passeriformes,雀形目,Rhinocryptidae,Tapaculos,,Rhinocrypta,,1,0,冠窜鸟 (Rhinocrypta lanceolata)
Passeriformes,雀形目,Rhinocryptidae,Tapaculos,,Scelorchilus,,2,0,白喉窜鸟 (Scelorchilus albicollis); 智利窜鸟 (Scelorchilus rubecula)
Passeriformes,雀形目,Rhinocryptidae,Tapaculos,,Scytalopus,,49,0,湿地窜鸟 (Scytalopus iraiensis); 灰腹岩窜鸟 (Scytalopus diamantinensis); 巴西窜鸟 (Scytalopus novacapitalis)
Passeriformes,雀形目,Rhinocryptidae,Tapaculos,,Teledromas,,1,0,沙色窜鸟 (Teledromas fuscus)
Passeriformes,雀形目,Rhipiduridae,Fantails and Silktails,,Chaetorhynchus,,1,0,须嘴扇尾鹟 (Chaetorhynchus papuensis)
Passeriformes,雀形目,Rhipiduridae,Fantails and Silktails,,Eutrichomyias,,1,0,仙蓝王鹟 (Eutrichomyias rowleyi)
Passeriformes,雀形目,Rhipiduridae,Fantails and Silktails,,Lamprolia,,2,0,丝尾阔嘴鹟 (Lamprolia victoriae); 小丝尾阔嘴鹟 (Lamprolia klinesmithi)
Passeriformes,雀形目,Rhipiduridae,Fantails and Silktails,,Rhipidura,,60,0,黑扇尾鹟 (Rhipidura atra); 黑桂扇尾鹟 (Rhipidura nigrocinnamomea); 蓝扇尾鹟 (Rhipidura superciliaris)
Passeriformes,雀形目,Rhodinocichlidae,Thrush-tanager,,Rhodinocichla,,1,0,鸫唐纳雀 (Rhodinocichla rosea)
Passeriformes,雀形目,Salpornithidae,Spotted Creepers,,Salpornis,,2,0,斑旋木雀 (Salpornis spilonota); 非洲斑旋木雀 (Salpornis salvadori)
Passeriformes,雀形目,Sapayoidae,Sapayoa,,Sapayoa,,1,0,阔嘴霸鹟 (Sapayoa aenigma)
Passeriformes,雀形目,Spindalidae,Spindalises,,Spindalis,,4,0,鹀唐纳雀 (Spindalis zena); 牙买加鹀唐纳雀 (Spindalis nigricephala); 海地鹀唐纳雀 (Spindalis dominicensis)
Passeriformes,雀形目,Stenostiridae,Fairy Flycatchers,,Culicicapa,,2,0,方尾鹟 (Culicicapa ceylonensis); 柠黄仙鹟 (Culicicapa helianthea)
Passeriformes,雀形目,Stenostiridae,Fairy Flycatchers,,Elminia,,5,0,蓝凤头鹟 (Elminia longicauda); 白尾蓝凤头鹟 (Elminia albicauda); 暗色凤头鹟 (Elminia nigromitrata)
Passeriformes,雀形目,Stenostiridae,Fairy Flycatchers,,Stenostira,,1,0,仙玉鹟 (Stenostira scita)
Passeriformes,雀形目,Sturnidae,"Rhabdornis, Starlings, and Mynas",,Agropsar,,2,0,北椋鸟 (Agropsar sturninus); 紫背椋鸟 (Agropsar philippensis)
Passeriformes,雀形目,Sturnidae,"Rhabdornis, Starlings, and Mynas",,Aplonis,,24,0,群辉椋鸟 (Aplonis metallica); 黄眼辉椋鸟 (Aplonis mystacea); 塔宁辉椋鸟 (Aplonis crassa)
Passeriformes,雀形目,Sturnidae,"Rhabdornis, Starlings, and Mynas",,Arizelopsar,,1,0,艾氏紫椋鸟 (Arizelopsar femoralis)
Passeriformes,雀形目,Sturnidae,"Rhabdornis, Starlings, and Mynas",,Basilornis,,3,0,苏拉威西王椋鸟 (Basilornis celebensis); 大王椋鸟 (Basilornis galeatus); 长冠王椋鸟 (Basilornis corythaix)
Passeriformes,雀形目,Sturnidae,"Rhabdornis, Starlings, and Mynas",,Cinnyricinclus,,1,0,白腹紫椋鸟 (Cinnyricinclus leucogaster)
Passeriformes,雀形目,Sturnidae,"Rhabdornis, Starlings, and Mynas",,Creatophora,,1,0,肉垂椋鸟 (Creatophora cinerea)
Passeriformes,雀形目,Sturnidae,"Rhabdornis, Starlings, and Mynas",,Enodes,,1,0,火眉红椋鸟 (Enodes erythrophris)
Passeriformes,雀形目,Sturnidae,"Rhabdornis, Starlings, and Mynas",,Fregilupus,,1,0,留尼旺椋鸟 (Fregilupus varius)
Passeriformes,雀形目,Sturnidae,"Rhabdornis, Starlings, and Mynas",,Goodfellowia,,1,0,阿波王椋鸟 (Goodfellowia miranda)
Passeriformes,雀形目,Sturnidae,"Rhabdornis, Starlings, and Mynas",,Gracula,,4,0,斯里兰卡鹩哥 (Gracula ptilogenys); 鹩哥 (Gracula religiosa); 东南八哥 (Gracula venerata)
Passeriformes,雀形目,Sturnidae,"Rhabdornis, Starlings, and Mynas",,Grafisia,,1,0,白领椋鸟 (Grafisia torquata)
Passeriformes,雀形目,Sturnidae,"Rhabdornis, Starlings, and Mynas",,Hartlaubius,,1,0,马岛八哥 (Hartlaubius auratus)
Passeriformes,雀形目,Sturnidae,"Rhabdornis, Starlings, and Mynas",,Hylopsar,,2,0,紫头辉椋鸟 (Hylopsar purpureiceps); 铜尾辉椋鸟 (Hylopsar cupreocauda)
Passeriformes,雀形目,Sturnidae,"Rhabdornis, Starlings, and Mynas",,Lamprotornis,,22,0,希氏丽椋鸟 (Lamprotornis hildebrandti); 谢氏丽椋鸟 (Lamprotornis shelleyi); 巨辉椋鸟 (Lamprotornis australis)
Passeriformes,雀形目,Sturnidae,"Rhabdornis, Starlings, and Mynas",,Leucopsar,,1,0,长冠八哥 (Leucopsar rothschildi)
Passeriformes,雀形目,Sturnidae,"Rhabdornis, Starlings, and Mynas",,Mino,,3,0,黄脸树八哥 (Mino dumontii); 金树八哥 (Mino anais); 长尾树八哥 (Mino kreffti)
Passeriformes,雀形目,Sturnidae,"Rhabdornis, Starlings, and Mynas",,Necropsar,,1,0,罗迪椋鸟 (Necropsar rodericanus)
Passeriformes,雀形目,Sturnidae,"Rhabdornis, Starlings, and Mynas",,Neocichla,,1,0,白翅噪椋鸟 (Neocichla gutturalis)
Passeriformes,雀形目,Sturnidae,"Rhabdornis, Starlings, and Mynas",,Notopholia,,1,0,黑腹辉椋鸟 (Notopholia corusca)
Passeriformes,雀形目,Sturnidae,"Rhabdornis, Starlings, and Mynas",,Onychognathus,,11,0,细嘴栗翅椋鸟 (Onychognathus tenuirostris); 淡栗翅椋鸟 (Onychognathus nabouroup); 红翅椋鸟 (Onychognathus morio)
Passeriformes,雀形目,Sturnidae,"Rhabdornis, Starlings, and Mynas",,Pastor,,1,0,粉红椋鸟 (Pastor roseus)
Passeriformes,雀形目,Sturnidae,"Rhabdornis, Starlings, and Mynas",,Pholia,,1,0,黄腹紫椋鸟 (Pholia sharpii)
Passeriformes,雀形目,Sturnidae,"Rhabdornis, Starlings, and Mynas",,Poeoptera,,3,0,狭尾椋鸟 (Poeoptera lugubris); 斯氏狭尾椋鸟 (Poeoptera stuhlmanni); 肯氏狭尾椋鸟 (Poeoptera kenricki)
Passeriformes,雀形目,Sturnidae,"Rhabdornis, Starlings, and Mynas",,Rhabdornis,,4,0,纹胁旋椋鸟 (Rhabdornis mystacalis); 长嘴旋椋鸟 (Rhabdornis grandis); 纹胸旋椋鸟 (Rhabdornis inornatus)
Passeriformes,雀形目,Sturnidae,"Rhabdornis, Starlings, and Mynas",,Sarcops,,1,0,秃椋鸟 (Sarcops calvus)
Passeriformes,雀形目,Sturnidae,"Rhabdornis, Starlings, and Mynas",,Saroglossa,,1,0,斑翅椋鸟 (Saroglossa spilopterus)
Passeriformes,雀形目,Sturnidae,"Rhabdornis, Starlings, and Mynas",,Scissirostrum,,1,0,雀嘴八哥 (Scissirostrum dubium)
Passeriformes,雀形目,Sturnidae,"Rhabdornis, Starlings, and Mynas",,Speculipastor,,1,0,鹊椋鸟 (Speculipastor bicolor)
Passeriformes,雀形目,Sturnidae,"Rhabdornis, Starlings, and Mynas",,Streptocitta,,2,0,裸眼鹊椋鸟 (Streptocitta albertinae); 白颈鹊椋鸟 (Streptocitta albicollis)
Passeriformes,雀形目,Sturnidae,"Rhabdornis, Starlings, and Mynas",,Sturnornis,,1,0,白脸椋鸟 (Sturnornis albofrontatus)
Passeriformes,雀形目,Sturnidae,"Rhabdornis, Starlings, and Mynas",,Sturnus,,2,0,纯色椋鸟 (Sturnus unicolor); 紫翅椋鸟 (Sturnus vulgaris)
Passeriformes,雀形目,Sylviidae,Sylviid Warblers and Allies,,Sylvia,,7,0,庭园林莺 (Sylvia borin); 黑顶林莺 (Sylvia atricapilla); 多氏仙鹟 (Sylvia dohrni)
Passeriformes,雀形目,Teretistridae,Cuban Warblers,,Teretistris,,2,0,黄头灰森莺 (Teretistris fernandinae); 灰森莺 (Teretistris fornsi)
Passeriformes,雀形目,Thamnophilidae,"Antbirds, Antshrikes, Antwrens, and Antvireos",,Akletos,,2,0,白肩蚁鸟 (Akletos melanoceps); 高氏蚁鸟 (Akletos goeldii)
Passeriformes,雀形目,Thamnophilidae,"Antbirds, Antshrikes, Antwrens, and Antvireos",,Ammonastes,,1,0,灰腹蚁鸟 (Ammonastes pelzelni)
Passeriformes,雀形目,Thamnophilidae,"Antbirds, Antshrikes, Antwrens, and Antvireos",,Ampelornis,,1,0,灰头蚁鸟 (Ampelornis griseiceps)
Passeriformes,雀形目,Thamnophilidae,"Antbirds, Antshrikes, Antwrens, and Antvireos",,Aprositornis,,1,0,委内瑞拉蚁鸟 (Aprositornis disjuncta)
Passeriformes,雀形目,Thamnophilidae,"Antbirds, Antshrikes, Antwrens, and Antvireos",,Batara,,1,0,巨蚁鵙 (Batara cinerea)
Passeriformes,雀形目,Thamnophilidae,"Antbirds, Antshrikes, Antwrens, and Antvireos",,Biatas,,1,0,白须蚁鵙 (Biatas nigropectus)
Passeriformes,雀形目,Thamnophilidae,"Antbirds, Antshrikes, Antwrens, and Antvireos",,Cercomacra,,7,0,马努蚁鸟 (Cercomacra manu); 灰蚁鸟 (Cercomacra cinerascens); 里约蚁鸟 (Cercomacra brasiliana)
Passeriformes,雀形目,Thamnophilidae,"Antbirds, Antshrikes, Antwrens, and Antvireos",,Cercomacroides,,6,0,威氏蚁鸟 (Cercomacroides laeta); 帕氏蚁鸟 (Cercomacroides parkeri); 暗蚁鸟 (Cercomacroides tyrannina)
Passeriformes,雀形目,Thamnophilidae,"Antbirds, Antshrikes, Antwrens, and Antvireos",,Clytoctantes,,2,0,翘嘴丛蚁鵙 (Clytoctantes alixii); 丛蚁鵙 (Clytoctantes atrogularis)
Passeriformes,雀形目,Thamnophilidae,"Antbirds, Antshrikes, Antwrens, and Antvireos",,Cymbilaimus,,2,0,竹蚁鵙 (Cymbilaimus sanctaemariae); 带斑蚁鵙 (Cymbilaimus lineatus)
Passeriformes,雀形目,Thamnophilidae,"Antbirds, Antshrikes, Antwrens, and Antvireos",,Dichrozona,,1,0,斑纹蚁鹩 (Dichrozona cincta)
Passeriformes,雀形目,Thamnophilidae,"Antbirds, Antshrikes, Antwrens, and Antvireos",,Drymophila,,11,0,赤褐蚁鸟 (Drymophila ferruginea); 伯氏蚁鸟 (Drymophila rubricollis); 棕尾蚁鸟 (Drymophila genei)
Passeriformes,雀形目,Thamnophilidae,"Antbirds, Antshrikes, Antwrens, and Antvireos",,Dysithamnus,,8,0,斑胸蚁鵙 (Dysithamnus stictothorax); 淡色蚁鵙 (Dysithamnus mentalis); 纹冠蚁鵙 (Dysithamnus striaticeps)
Passeriformes,雀形目,Thamnophilidae,"Antbirds, Antshrikes, Antwrens, and Antvireos",,Epinecrophylla,,8,0,格喉蚁鹩 (Epinecrophylla fulviventris); 褐腹蚁鹩 (Epinecrophylla gutturalis); 白眼蚁鹩 (Epinecrophylla leucophthalma)
Passeriformes,雀形目,Thamnophilidae,"Antbirds, Antshrikes, Antwrens, and Antvireos",,Euchrepomis,,4,0,棕腰蚁鹩 (Euchrepomis callinota); 栗肩蚁鹩 (Euchrepomis humeralis); 黄腰蚁鹩 (Euchrepomis sharpei)
Passeriformes,雀形目,Thamnophilidae,"Antbirds, Antshrikes, Antwrens, and Antvireos",,Formicivora,,9,0,狭嘴蚁鹩 (Formicivora iheringi); 黑巾蚁鹩 (Formicivora erythronotos); 北白胁蚁鹩 (Formicivora intermedia)
Passeriformes,雀形目,Thamnophilidae,"Antbirds, Antshrikes, Antwrens, and Antvireos",,Frederickena,,3,0,黑喉蚁鵙 (Frederickena viridis); 波纹蚁鵙 (Frederickena unduliger); 茶色蚁鵙 (Frederickena fulva)
Passeriformes,雀形目,Thamnophilidae,"Antbirds, Antshrikes, Antwrens, and Antvireos",,Gymnocichla,,1,0,裸顶蚁鸟 (Gymnocichla nudiceps)
Passeriformes,雀形目,Thamnophilidae,"Antbirds, Antshrikes, Antwrens, and Antvireos",,Gymnopithys,,3,0,双色蚁鸟 (Gymnopithys bicolor); 白颊蚁鸟 (Gymnopithys leucaspis); 棕喉蚁鸟 (Gymnopithys rufigula)
Passeriformes,雀形目,Thamnophilidae,"Antbirds, Antshrikes, Antwrens, and Antvireos",,Hafferia,,3,0,乌蚁鸟 (Hafferia fortis); 泽氏蚁鸟 (Hafferia zeledoni); 纯色蚁鸟 (Hafferia immaculata)
Passeriformes,雀形目,Thamnophilidae,"Antbirds, Antshrikes, Antwrens, and Antvireos",,Herpsilochmus,,17,0,乌顶蚁鹩 (Herpsilochmus pileatus); 黑顶蚁鹩 (Herpsilochmus atricapillus); 棕额蚁鹩 (Herpsilochmus praedictus)
Passeriformes,雀形目,Thamnophilidae,"Antbirds, Antshrikes, Antwrens, and Antvireos",,Hylophylax,,3,0,点斑蚁鸟 (Hylophylax naevioides); 斑背蚁鸟 (Hylophylax naevius); 点斑背蚁鸟 (Hylophylax punctulatus)
Passeriformes,雀形目,Thamnophilidae,"Antbirds, Antshrikes, Antwrens, and Antvireos",,Hypocnemis,,8,0,歌蚁鸟 (Hypocnemis cantator); 淡胸歌蚁鸟 (Hypocnemis flavescens); 秘鲁歌蚁鸟 (Hypocnemis peruviana)
Passeriformes,雀形目,Thamnophilidae,"Antbirds, Antshrikes, Antwrens, and Antvireos",,Hypocnemoides,,2,0,斑尾蚁鸟 (Hypocnemoides maculicauda); 黑颏蚁鸟 (Hypocnemoides melanopogon)
Passeriformes,雀形目,Thamnophilidae,"Antbirds, Antshrikes, Antwrens, and Antvireos",,Hypoedaleus,,1,0,斑背蚁鵙 (Hypoedaleus guttatus)
Passeriformes,雀形目,Thamnophilidae,"Antbirds, Antshrikes, Antwrens, and Antvireos",,Isleria,,2,0,棕腹蚁鹩 (Isleria guttata); 淡喉蚁鹩 (Isleria hauxwelli)
Passeriformes,雀形目,Thamnophilidae,"Antbirds, Antshrikes, Antwrens, and Antvireos",,Mackenziaena,,2,0,须蚁鵙 (Mackenziaena severa); 大尾蚁鵙 (Mackenziaena leachii)
Passeriformes,雀形目,Thamnophilidae,"Antbirds, Antshrikes, Antwrens, and Antvireos",,Megastictus,,1,0,珠翅蚁鵙 (Megastictus margaritatus)
Passeriformes,雀形目,Thamnophilidae,"Antbirds, Antshrikes, Antwrens, and Antvireos",,Microrhopias,,1,0,斑翅蚁鹩 (Microrhopias quixensis)
Passeriformes,雀形目,Thamnophilidae,"Antbirds, Antshrikes, Antwrens, and Antvireos",,Myrmeciza,,1,0,白腹蚁鸟 (Myrmeciza longipes)
Passeriformes,雀形目,Thamnophilidae,"Antbirds, Antshrikes, Antwrens, and Antvireos",,Myrmelastes,,8,0,蓝灰蚁鸟 (Myrmelastes schistaceus); 罗莱曼蚁鸟 (Myrmelastes saturatus); 铅色蚁鸟 (Myrmelastes hyperythrus)
Passeriformes,雀形目,Thamnophilidae,"Antbirds, Antshrikes, Antwrens, and Antvireos",,Myrmoborus,,5,0,白眉蚁鸟 (Myrmoborus leucophrys); 灰胸蚁鸟 (Myrmoborus lugubris); 黑脸蚁鸟 (Myrmoborus myotherinus)
Passeriformes,雀形目,Thamnophilidae,"Antbirds, Antshrikes, Antwrens, and Antvireos",,Myrmochanes,,1,0,黑白蚁鸟 (Myrmochanes hemileucus)
Passeriformes,雀形目,Thamnophilidae,"Antbirds, Antshrikes, Antwrens, and Antvireos",,Myrmoderus,,5,0,棕背蚁鸟 (Myrmoderus ferrugineus); 阿苏尔山蚁鸟 (Myrmoderus eowilsoni); 扇尾蚁鸟 (Myrmoderus ruficauda)
Passeriformes,雀形目,Thamnophilidae,"Antbirds, Antshrikes, Antwrens, and Antvireos",,Myrmophylax,,1,0,黑喉蚁鸟 (Myrmophylax atrothorax)
Passeriformes,雀形目,Thamnophilidae,"Antbirds, Antshrikes, Antwrens, and Antvireos",,Myrmorchilus,,1,0,纹背蚁鹩 (Myrmorchilus strigilatus)
Passeriformes,雀形目,Thamnophilidae,"Antbirds, Antshrikes, Antwrens, and Antvireos",,Myrmornis,,1,0,斑翅蚁鸟 (Myrmornis torquata)
Passeriformes,雀形目,Thamnophilidae,"Antbirds, Antshrikes, Antwrens, and Antvireos",,Myrmotherula,,24,0,姬蚁鹩 (Myrmotherula brachyura); 须蚁鹩 (Myrmotherula ignota); 黄喉蚁鹩 (Myrmotherula ambigua)
Passeriformes,雀形目,Thamnophilidae,"Antbirds, Antshrikes, Antwrens, and Antvireos",,Neoctantes,,1,0,黑丛蚁鵙 (Neoctantes niger)
Passeriformes,雀形目,Thamnophilidae,"Antbirds, Antshrikes, Antwrens, and Antvireos",,Oneillornis,,2,0,月斑蚁鸟 (Oneillornis lunulatus); 白喉蚁鸟 (Oneillornis salvini)
Passeriformes,雀形目,Thamnophilidae,"Antbirds, Antshrikes, Antwrens, and Antvireos",,Percnostola,,2,0,栗腹蚁鸟 (Percnostola arenarum); 黑头蚁鸟 (Percnostola rufifrons)
Passeriformes,雀形目,Thamnophilidae,"Antbirds, Antshrikes, Antwrens, and Antvireos",,Phaenostictus,,1,0,眼斑蚁鸟 (Phaenostictus mcleannani)
Passeriformes,雀形目,Thamnophilidae,"Antbirds, Antshrikes, Antwrens, and Antvireos",,Phlegopsis,,3,0,黑斑裸眼蚁鸟 (Phlegopsis nigromaculata); 红翅裸眼蚁鸟 (Phlegopsis erythroptera); 灰脸裸眼蚁鸟 (Phlegopsis borbae)
Passeriformes,雀形目,Thamnophilidae,"Antbirds, Antshrikes, Antwrens, and Antvireos",,Pithys,,2,0,白脸蚁鸟 (Pithys castaneus); 白羽蚁鸟 (Pithys albifrons)
Passeriformes,雀形目,Thamnophilidae,"Antbirds, Antshrikes, Antwrens, and Antvireos",,Poliocrania,,1,0,栗背蚁鸟 (Poliocrania exsul)
Passeriformes,雀形目,Thamnophilidae,"Antbirds, Antshrikes, Antwrens, and Antvireos",,Pygiptila,,1,0,点翅蚁鵙 (Pygiptila stellaris)
Passeriformes,雀形目,Thamnophilidae,"Antbirds, Antshrikes, Antwrens, and Antvireos",,Pyriglena,,5,0,西白背红眼蚁鸟 (Pyriglena maura); 塔河白背红眼蚁鸟 (Pyriglena similis); 白背红眼蚁鸟 (Pyriglena leuconota)
Passeriformes,雀形目,Thamnophilidae,"Antbirds, Antshrikes, Antwrens, and Antvireos",,Radinopsyche,,1,0,卡廷加蚁鹩 (Radinopsyche sellowi)
Passeriformes,雀形目,Thamnophilidae,"Antbirds, Antshrikes, Antwrens, and Antvireos",,Rhegmatorhina,,5,0,裸眼蚁鸟 (Rhegmatorhina gymnops); 橙颊蚁鸟 (Rhegmatorhina berlepschi); 白胸蚁鸟 (Rhegmatorhina hoffmannsi)
Passeriformes,雀形目,Thamnophilidae,"Antbirds, Antshrikes, Antwrens, and Antvireos",,Rhopias,,1,0,星喉蚁鹩 (Rhopias gularis)
Passeriformes,雀形目,Thamnophilidae,"Antbirds, Antshrikes, Antwrens, and Antvireos",,Rhopornis,,1,0,纤蚁鸟 (Rhopornis ardesiacus)
Passeriformes,雀形目,Thamnophilidae,"Antbirds, Antshrikes, Antwrens, and Antvireos",,Sakesphoroides,,1,0,银颊蚁鵙 (Sakesphoroides cristatus)
Passeriformes,雀形目,Thamnophilidae,"Antbirds, Antshrikes, Antwrens, and Antvireos",,Sakesphorus,,3,0,黑冠蚁鵙 (Sakesphorus canadensis); Streak-fronted Antshrike (Sakesphorus pulchellus); 辉蚁鵙 (Sakesphorus luctuosus)
Passeriformes,雀形目,Thamnophilidae,"Antbirds, Antshrikes, Antwrens, and Antvireos",,Sciaphylax,,2,0,南栗尾蚁鸟 (Sciaphylax hemimelaena); 北栗尾蚁鸟 (Sciaphylax castanea)
Passeriformes,雀形目,Thamnophilidae,"Antbirds, Antshrikes, Antwrens, and Antvireos",,Sclateria,,1,0,银色蚁鸟 (Sclateria naevia)
Passeriformes,雀形目,Thamnophilidae,"Antbirds, Antshrikes, Antwrens, and Antvireos",,Sipia,,4,0,暗背蚁鸟 (Sipia laemosticta); 褐背蚁鸟 (Sipia palliata); 埃斯蚁鸟 (Sipia nigricauda)
Passeriformes,雀形目,Thamnophilidae,"Antbirds, Antshrikes, Antwrens, and Antvireos",,Taraba,,1,0,大蚁鵙 (Taraba major)
Passeriformes,雀形目,Thamnophilidae,"Antbirds, Antshrikes, Antwrens, and Antvireos",,Terenura,,2,0,纹顶蚁鹩 (Terenura maculata); 橙腹蚁鹩 (Terenura sicki)
Passeriformes,雀形目,Thamnophilidae,"Antbirds, Antshrikes, Antwrens, and Antvireos",,Thamnistes,,2,0,红褐蚁鵙 (Thamnistes rufescens); 褐蚁鵙 (Thamnistes anabatinus)
Passeriformes,雀形目,Thamnophilidae,"Antbirds, Antshrikes, Antwrens, and Antvireos",,Thamnomanes,,4,0,灰喉蚁鵙 (Thamnomanes ardesiacus); 暗色蚁鵙 (Thamnomanes saturninus); 灰蚁鵙 (Thamnomanes caesius)
Passeriformes,雀形目,Thamnophilidae,"Antbirds, Antshrikes, Antwrens, and Antvireos",,Thamnophilus,,31,0,横斑蚁鵙 (Thamnophilus doliatus); 棕顶蚁鵙 (Thamnophilus ruficapillus); 棕翅蚁鵙 (Thamnophilus torquatus)
Passeriformes,雀形目,Thamnophilidae,"Antbirds, Antshrikes, Antwrens, and Antvireos",,Willisornis,,2,0,新谷鳞背蚁鸟 (Willisornis vidua); 鳞背蚁鸟 (Willisornis poecilinotus)
Passeriformes,雀形目,Thamnophilidae,"Antbirds, Antshrikes, Antwrens, and Antvireos",,Xenornis,,1,0,点胸蚁鵙 (Xenornis setifrons)
Passeriformes,雀形目,Thraupidae,Tanagers and Allies,,Acanthidops,,1,0,尖嘴雀鹀 (Acanthidops bairdi)
Passeriformes,雀形目,Thraupidae,Tanagers and Allies,,Anisognathus,,5,0,黑颊岭裸鼻雀 (Anisognathus melanogenys); 黄腹岭裸鼻雀 (Anisognathus lacrymosus); 朱腹岭裸鼻雀 (Anisognathus igniventris)
Passeriformes,雀形目,Thraupidae,Tanagers and Allies,,Asemospiza,,2,0,乌草雀 (Asemospiza fuliginosa); 暗色草雀 (Asemospiza obscura)
Passeriformes,雀形目,Thraupidae,Tanagers and Allies,,Bangsia,,6,0,蓝黄唐纳雀 (Bangsia arcaei); 黑金唐纳雀 (Bangsia melanochlamys); 金胸唐纳雀 (Bangsia rothschildi)
Passeriformes,雀形目,Thraupidae,Tanagers and Allies,,Buthraupis,,1,0,黑头山裸鼻雀 (Buthraupis montana)
Passeriformes,雀形目,Thraupidae,Tanagers and Allies,,Calochaetes,,1,0,朱红唐纳雀 (Calochaetes coccineus)
Passeriformes,雀形目,Thraupidae,Tanagers and Allies,,Camarhynchus,,5,0,拟䴕树雀 (Camarhynchus pallidus); 大树雀 (Camarhynchus psittacula); 中树雀 (Camarhynchus pauper)
Passeriformes,雀形目,Thraupidae,Tanagers and Allies,,Castanozoster,,1,0,桂胸歌鹀 (Castanozoster thoracicus)
Passeriformes,雀形目,Thraupidae,Tanagers and Allies,,Catamblyrhynchus,,1,0,绒顶唐纳雀 (Catamblyrhynchus diadema)
Passeriformes,雀形目,Thraupidae,Tanagers and Allies,,Catamenia,,3,0,斑尾栗臀雀 (Catamenia analis); 纯色栗臀雀 (Catamenia inornata); 黄嘴栗臀雀 (Catamenia homochroa)
Passeriformes,雀形目,Thraupidae,Tanagers and Allies,,Certhidea,,2,0,莺雀 (Certhidea olivacea); 灰喉莺雀 (Certhidea fusca)
Passeriformes,雀形目,Thraupidae,Tanagers and Allies,,Chalcothraupis,,1,0,金颈靓唐纳雀 (Chalcothraupis ruficervix)
Passeriformes,雀形目,Thraupidae,Tanagers and Allies,,Charitospiza,,1,0,煤冠雀 (Charitospiza eucosma)
Passeriformes,雀形目,Thraupidae,Tanagers and Allies,,Chlorochrysa,,3,0,辉绿雀 (Chlorochrysa phoenicotis); 橙耳绿雀 (Chlorochrysa calliparaea); 彩绿雀 (Chlorochrysa nitidissima)
Passeriformes,雀形目,Thraupidae,Tanagers and Allies,,Chlorophanes,,1,0,绿旋蜜雀 (Chlorophanes spiza)
Passeriformes,雀形目,Thraupidae,Tanagers and Allies,,Chlorornis,,1,0,草绿唐纳雀 (Chlorornis riefferii)
Passeriformes,雀形目,Thraupidae,Tanagers and Allies,,Chrysothlypis,,2,0,红白唐纳雀 (Chrysothlypis salmoni); 黑黄唐纳雀 (Chrysothlypis chrysomelas)
Passeriformes,雀形目,Thraupidae,Tanagers and Allies,,Cissopis,,1,0,鹊色唐纳雀 (Cissopis leverianus)
Passeriformes,雀形目,Thraupidae,Tanagers and Allies,,Cnemathraupis,,2,0,金背山裸鼻雀 (Cnemathraupis aureodorsalis); 黑胸山裸鼻雀 (Cnemathraupis eximia)
Passeriformes,雀形目,Thraupidae,Tanagers and Allies,,Cnemoscopus,,1,0,Grey-hooded Bush Tanager (Cnemoscopus rubrirostris)
Passeriformes,雀形目,Thraupidae,Tanagers and Allies,,Coereba,,1,0,曲嘴森莺 (Coereba flaveola)
Passeriformes,雀形目,Thraupidae,Tanagers and Allies,,Compsothraupis,,1,0,朱喉唐纳雀 (Compsothraupis loricata)
Passeriformes,雀形目,Thraupidae,Tanagers and Allies,,Conirostrum,,11,0,灰黄锥嘴雀 (Conirostrum bicolor); 丝胸锥嘴雀 (Conirostrum margaritae); 栗臀锥嘴雀 (Conirostrum speciosum)
Passeriformes,雀形目,Thraupidae,Tanagers and Allies,,Conothraupis,,2,0,黑白唐纳雀 (Conothraupis speculigera); 锥嘴唐纳雀 (Conothraupis mesoleuca)
Passeriformes,雀形目,Thraupidae,Tanagers and Allies,,Coryphaspiza,,1,0,花脸雀 (Coryphaspiza melanotis)
Passeriformes,雀形目,Thraupidae,Tanagers and Allies,,Coryphospingus,,2,0,红冠雀 (Coryphospingus cucullatus); 红顶雀 (Coryphospingus pileatus)
Passeriformes,雀形目,Thraupidae,Tanagers and Allies,,Creurgops,,2,0,棕冠唐纳雀 (Creurgops verticalis); 灰蓝唐纳雀 (Creurgops dentatus)
Passeriformes,雀形目,Thraupidae,Tanagers and Allies,,Cyanerpes,,4,0,短嘴旋蜜雀 (Cyanerpes nitidus); 辉旋蜜雀 (Cyanerpes lucidus); 紫旋蜜雀 (Cyanerpes caeruleus)
Passeriformes,雀形目,Thraupidae,Tanagers and Allies,,Cyanicterus,,1,0,蓝背唐纳雀 (Cyanicterus cyanicterus)
Passeriformes,雀形目,Thraupidae,Tanagers and Allies,,Cypsnagra,,1,0,白腰唐纳雀 (Cypsnagra hirundinacea)
Passeriformes,雀形目,Thraupidae,Tanagers and Allies,,Dacnis,,9,0,白腹锥嘴雀 (Dacnis albiventris); 黑脸锥嘴雀 (Dacnis lineata); 黄腹锥嘴雀 (Dacnis flaviventer)
Passeriformes,雀形目,Thraupidae,Tanagers and Allies,,Diglossa,,18,0,栗腹刺花鸟 (Diglossa gloriosissima); 辉黑刺花鸟 (Diglossa lafresnayii); 须刺花鸟 (Diglossa mystacalis)
Passeriformes,雀形目,Thraupidae,Tanagers and Allies,,Diuca,,1,0,迪卡雀 (Diuca diuca)
Passeriformes,雀形目,Thraupidae,Tanagers and Allies,,Donacospiza,,1,0,长尾芦雀 (Donacospiza albifrons)
Passeriformes,雀形目,Thraupidae,Tanagers and Allies,,Dubusia,,4,0,淡胸山裸鼻雀 (Dubusia taeniata); 卡氏山裸鼻雀 (Dubusia carrikeri); 纹冠山裸鼻雀 (Dubusia stictocephala)
Passeriformes,雀形目,Thraupidae,Tanagers and Allies,,Emberizoides,,3,0,楔尾草鹀 (Emberizoides herbicola); 山楔尾草鹀 (Emberizoides duidae); 小草鹀 (Emberizoides ypiranganus)
Passeriformes,雀形目,Thraupidae,Tanagers and Allies,,Embernagra,,2,0,南美草鹀 (Embernagra longicauda); 大南美草鹀 (Embernagra platensis)
Passeriformes,雀形目,Thraupidae,Tanagers and Allies,,Eucometis,,1,0,灰头唐纳雀 (Eucometis penicillata)
Passeriformes,雀形目,Thraupidae,Tanagers and Allies,,Euneornis,,1,0,橙喉雀 (Euneornis campestris)
Passeriformes,雀形目,Thraupidae,Tanagers and Allies,,Geospiza,,9,0,小地雀 (Geospiza fuliginosa); 大地雀 (Geospiza magnirostris); 北加岛地雀 (Geospiza septentrionalis)
Passeriformes,雀形目,Thraupidae,Tanagers and Allies,,Geospizopsis,,2,0,灰胸岭雀鹀 (Geospizopsis plebejus); 铅色岭雀鹀 (Geospizopsis unicolor)
Passeriformes,雀形目,Thraupidae,Tanagers and Allies,,Gubernatrix,,1,0,黑冠黄雀鹀 (Gubernatrix cristata)
Passeriformes,雀形目,Thraupidae,Tanagers and Allies,,Haplospiza,,2,0,纯灰雀鹀 (Haplospiza unicolor); 蓝灰雀鹀 (Haplospiza rustica)
Passeriformes,雀形目,Thraupidae,Tanagers and Allies,,Heliothraupis,,1,0,明黄唐加拉雀 (Heliothraupis oneilli)
Passeriformes,雀形目,Thraupidae,Tanagers and Allies,,Hemithraupis,,3,0,吉拉裸鼻雀 (Hemithraupis guira); 红头裸鼻雀 (Hemithraupis ruficapilla); 黄背裸鼻雀 (Hemithraupis flavicollis)
Passeriformes,雀形目,Thraupidae,Tanagers and Allies,,Heterospingus,,2,0,黄腰红眉唐纳雀 (Heterospingus rubrifrons); 红眉唐纳雀 (Heterospingus xanthopygius)
Passeriformes,雀形目,Thraupidae,Tanagers and Allies,,Idiopsar,,4,0,红背岭雀鹀 (Idiopsar dorsalis); 白喉岭雀鹀 (Idiopsar erythronotus); 白翅迪卡雀 (Idiopsar speculifer)
Passeriformes,雀形目,Thraupidae,Tanagers and Allies,,Incaspiza,,5,0,大印加雀 (Incaspiza pulchra); 棕背印加雀 (Incaspiza personata); 灰翅印加雀 (Incaspiza ortizi)
Passeriformes,雀形目,Thraupidae,Tanagers and Allies,,Iridophanes,,1,0,金领旋蜜雀 (Iridophanes pulcherrimus)
Passeriformes,雀形目,Thraupidae,Tanagers and Allies,,Iridosornis,,5,0,紫背彩裸鼻雀 (Iridosornis porphyrocephalus); 黄喉彩裸鼻雀 (Iridosornis analis); 金领彩裸鼻雀 (Iridosornis jelskii)
Passeriformes,雀形目,Thraupidae,Tanagers and Allies,,Ixothraupis,,5,0,蓝翅靓唐纳雀 (Ixothraupis varia); 棕喉靓唐纳雀 (Ixothraupis rufigula); 点斑靓唐纳雀 (Ixothraupis guttata)
Passeriformes,雀形目,Thraupidae,Tanagers and Allies,,Kleinothraupis,,4,0,黑顶拟雀 (Kleinothraupis atropileus); 黄眉拟雀 (Kleinothraupis calophrys); 帕氏拟雀 (Kleinothraupis parodii)
Passeriformes,雀形目,Thraupidae,Tanagers and Allies,,Lanio,,4,0,暗黄唐纳鵙 (Lanio fulvus); 白翅唐纳鵙 (Lanio versicolor); 黑喉唐纳鵙 (Lanio aurantius)
Passeriformes,雀形目,Thraupidae,Tanagers and Allies,,Lophospingus,,2,0,灰冠雀鹀 (Lophospingus griseocristatus); 黑冠雀鹀 (Lophospingus pusillus)
Passeriformes,雀形目,Thraupidae,Tanagers and Allies,,Loriotus,,3,0,火冠黑唐纳雀 (Loriotus cristatus); 黄顶黑唐纳雀 (Loriotus rufiventer); 白肩黑唐纳雀 (Loriotus luctuosus)
Passeriformes,雀形目,Thraupidae,Tanagers and Allies,,Loxigilla,,2,0,巴巴多斯牛雀 (Loxigilla barbadensis); 小安德牛雀 (Loxigilla noctis)
Passeriformes,雀形目,Thraupidae,Tanagers and Allies,,Loxipasser,,1,0,黄肩草雀 (Loxipasser anoxanthus)
Passeriformes,雀形目,Thraupidae,Tanagers and Allies,,Melanodera,,2,0,黑喉雀鹀 (Melanodera melanodera); 黄纹雀鹀 (Melanodera xanthogramma)
Passeriformes,雀形目,Thraupidae,Tanagers and Allies,,Melanospiza,,2,0,圣卢西亚黑雀 (Melanospiza richardsoni); 黑脸草雀 (Melanospiza bicolor)
Passeriformes,雀形目,Thraupidae,Tanagers and Allies,,Melopyrrha,,5,0,波多黎各牛雀 (Melopyrrha portoricensis); 圣基茨岛牛雀 (Melopyrrha grandis); 古巴黑雀 (Melopyrrha nigra)
Passeriformes,雀形目,Thraupidae,Tanagers and Allies,,Microspingus,,8,0,淡尾歌鹀 (Microspingus alticola); 锈眉歌鹀 (Microspingus erythrophrys); 红腰歌鹀 (Microspingus lateralis)
Passeriformes,雀形目,Thraupidae,Tanagers and Allies,,Nemosia,,2,0,红喉唐纳雀 (Nemosia rourei); 黑顶唐纳雀 (Nemosia pileata)
Passeriformes,雀形目,Thraupidae,Tanagers and Allies,,Neothraupis,,1,0,白斑唐纳雀 (Neothraupis fasciata)
Passeriformes,雀形目,Thraupidae,Tanagers and Allies,,Nephelornis,,1,0,秘鲁森雀 (Nephelornis oneilli)
Passeriformes,雀形目,Thraupidae,Tanagers and Allies,,Nesospiza,,3,0,伊岛雀 (Nesospiza acunhae); 南丁岛雀 (Nesospiza questi); 大嘴岛雀 (Nesospiza wilkinsi)
Passeriformes,雀形目,Thraupidae,Tanagers and Allies,,Orchesticus,,1,0,褐唐纳雀 (Orchesticus abeillei)
Passeriformes,雀形目,Thraupidae,Tanagers and Allies,,Parkerthraustes,,1,0,黄肩厚嘴雀 (Parkerthraustes humeralis)
Passeriformes,雀形目,Thraupidae,Tanagers and Allies,,Paroaria,,6,0,冠蜡嘴鹀 (Paroaria coronata); 冕蜡嘴鹀 (Paroaria dominicana); 黑颊蜡嘴鹀 (Paroaria nigrogenis)
Passeriformes,雀形目,Thraupidae,Tanagers and Allies,,Phonipara,,1,0,古巴草雀 (Phonipara canora)
Passeriformes,雀形目,Thraupidae,Tanagers and Allies,,Phrygilus,,4,0,黑头岭雀鹀 (Phrygilus atriceps); 秘鲁岭雀鹀 (Phrygilus punensis); 灰头岭雀鹀 (Phrygilus gayi)
Passeriformes,雀形目,Thraupidae,Tanagers and Allies,,Piezorina,,1,0,灰雀鹀 (Piezorina cinerea)
Passeriformes,雀形目,Thraupidae,Tanagers and Allies,,Pinaroloxias,,1,0,可岛雀 (Pinaroloxias inornata)
Passeriformes,雀形目,Thraupidae,Tanagers and Allies,,Pipraeidea,,1,0,黄胸裸鼻雀 (Pipraeidea melanonota)
Passeriformes,雀形目,Thraupidae,Tanagers and Allies,,Platyspiza,,1,0,植食树雀 (Platyspiza crassirostris)
Passeriformes,雀形目,Thraupidae,Tanagers and Allies,,Poecilostreptus,,2,0,蓝腰靓唐纳雀 (Poecilostreptus cabanisi); 灰黄靓唐纳雀 (Poecilostreptus palmeri)
Passeriformes,雀形目,Thraupidae,Tanagers and Allies,,Poospiza,,10,0,灰背拟雀 (Poospiza goeringi); 棕眉拟雀 (Poospiza rufosuperciliaris); 玻利维亚歌鹀 (Poospiza boliviana)
Passeriformes,雀形目,Thraupidae,Tanagers and Allies,,Poospizopsis,,2,0,栗胸歌鹀 (Poospizopsis caesar); 棕胁歌鹀 (Poospizopsis hypocondria)
Passeriformes,雀形目,Thraupidae,Tanagers and Allies,,Pseudosaltator,,1,0,棕腹舞雀 (Pseudosaltator rufiventris)
Passeriformes,雀形目,Thraupidae,Tanagers and Allies,,Pseudospingus,,2,0,黑头拟雀 (Pseudospingus verticalis); 褐拟雀 (Pseudospingus xanthophthalmus)
Passeriformes,雀形目,Thraupidae,Tanagers and Allies,,Ramphocelus,,8,0,绯领厚嘴唐纳雀 (Ramphocelus sanguinolentus); 火腰厚嘴唐纳雀 (Ramphocelus flammigerus); 红腰厚嘴唐纳雀 (Ramphocelus passerinii)
Passeriformes,雀形目,Thraupidae,Tanagers and Allies,,Rauenia,,1,0,橙腹裸鼻雀 (Rauenia bonariensis)
Passeriformes,雀形目,Thraupidae,Tanagers and Allies,,Rhodospingus,,1,0,红胸雀 (Rhodospingus cruentus)
Passeriformes,雀形目,Thraupidae,Tanagers and Allies,,Rhopospina,,4,0,黑岭雀鹀 (Rhopospina fruticeti); 蓝雀鹀 (Rhopospina caerulescens); 斑尾岭雀鹀 (Rhopospina alaudina)
Passeriformes,雀形目,Thraupidae,Tanagers and Allies,,Rowettia,,1,0,高夫岛雀 (Rowettia goughensis)
Passeriformes,雀形目,Thraupidae,Tanagers and Allies,,Saltator,,16,0,黄喉舞雀 (Saltator maximus); 黑翅舞雀 (Saltator atripennis); 黑头舞雀 (Saltator atriceps)
Passeriformes,雀形目,Thraupidae,Tanagers and Allies,,Saltatricula,,2,0,黑喉舞雀 (Saltatricula atricollis); 彩雀 (Saltatricula multicolor)
Passeriformes,雀形目,Thraupidae,Tanagers and Allies,,Schistochlamys,,2,0,黄棕唐纳雀 (Schistochlamys ruficapillus); 黑脸唐纳雀 (Schistochlamys melanopis)
Passeriformes,雀形目,Thraupidae,Tanagers and Allies,,Sericossypha,,1,0,白顶唐纳雀 (Sericossypha albocristata)
Passeriformes,雀形目,Thraupidae,Tanagers and Allies,,Sicalis,,13,0,柠黄雀鹀 (Sicalis citrina); 普纳黄雀鹀 (Sicalis lutea); 亮腰黄雀鹀 (Sicalis uropygialis)
Passeriformes,雀形目,Thraupidae,Tanagers and Allies,,Sphenopsis,,4,0,绿拟雀 (Sphenopsis frontalis); 黑耳拟雀 (Sphenopsis melanotis); Western Hemispingus (Sphenopsis ochracea)
Passeriformes,雀形目,Thraupidae,Tanagers and Allies,,Sporathraupis,,1,0,蓝枕裸鼻雀 (Sporathraupis cyanocephala)
Passeriformes,雀形目,Thraupidae,Tanagers and Allies,,Sporophila,,41,0,莱氏食籽雀 (Sporophila bouvronides); 白颊食籽雀 (Sporophila lineola); 白腹食籽雀 (Sporophila leucoptera)
Passeriformes,雀形目,Thraupidae,Tanagers and Allies,,Stephanophorus,,1,0,凤冠裸鼻雀 (Stephanophorus diadematus)
Passeriformes,雀形目,Thraupidae,Tanagers and Allies,,Stilpnia,,15,0,黑冠靓唐纳雀 (Stilpnia whitelyi); 黑头靓唐纳雀 (Stilpnia cyanoptera); 银背靓唐纳雀 (Stilpnia viridicollis)
Passeriformes,雀形目,Thraupidae,Tanagers and Allies,,Tachyphonus,,5,0,暗黄顶黑唐纳雀 (Tachyphonus surinamus); 黄冠黑唐纳雀 (Tachyphonus delatrii); 红冠黑唐纳雀 (Tachyphonus coronatus)
Passeriformes,雀形目,Thraupidae,Tanagers and Allies,,Tangara,,28,0,蓝黑靓唐纳雀 (Tangara vassorii); 辉斑靓唐纳雀 (Tangara nigroviridis); 斑颊靓唐纳雀 (Tangara dowii)
Passeriformes,雀形目,Thraupidae,Tanagers and Allies,,Tephrophilus,,1,0,花脸山裸鼻雀 (Tephrophilus wetmorei)
Passeriformes,雀形目,Thraupidae,Tanagers and Allies,,Tersina,,1,0,燕嘴唐纳雀 (Tersina viridis)
Passeriformes,雀形目,Thraupidae,Tanagers and Allies,,Thlypopsis,,8,0,橙头灰背雀 (Thlypopsis sordida); 黄腹灰背雀 (Thlypopsis inornata); 黄头灰背雀 (Thlypopsis fulviceps)
Passeriformes,雀形目,Thraupidae,Tanagers and Allies,,Thraupis,,7,0,灰蓝裸鼻雀 (Thraupis episcopus); 灰喉裸鼻雀 (Thraupis sayaca); 绿灰裸鼻雀 (Thraupis glaucocolpa)
Passeriformes,雀形目,Thraupidae,Tanagers and Allies,,Tiaris,,1,0,黄脸草雀 (Tiaris olivaceus)
Passeriformes,雀形目,Thraupidae,Tanagers and Allies,,Trichothraupis,,1,0,黑脸唐拉格雀 (Trichothraupis melanops)
Passeriformes,雀形目,Thraupidae,Tanagers and Allies,,Urothraupis,,1,0,黑背丛雀 (Urothraupis stolzmanni)
Passeriformes,雀形目,Thraupidae,Tanagers and Allies,,Volatinia,,1,0,蓝黑草鹀 (Volatinia jacarina)
Passeriformes,雀形目,Thraupidae,Tanagers and Allies,,Wetmorethraupis,,1,0,橙喉唐纳雀 (Wetmorethraupis sterrhopteron)
Passeriformes,雀形目,Thraupidae,Tanagers and Allies,,Xenodacnis,,2,0,辉蓝锥嘴雀 (Xenodacnis parina); Streaked Dacnis (Xenodacnis petersi)
Passeriformes,雀形目,Thraupidae,Tanagers and Allies,,Xenospingus,,1,0,细嘴雀鹀 (Xenospingus concolor)
Passeriformes,雀形目,Tichodromidae,Wallcreeper,,Tichodroma,,1,0,红翅旋壁雀 (Tichodroma muraria)
Passeriformes,雀形目,Timaliidae,"Tree Babblers, Scimitar Babblers, and Allies",,Cyanoderma,,7,0,金头穗鹛 (Cyanoderma chrysaeum); 红翅穗鹛 (Cyanoderma erythropterum); 灰冠穗鹛 (Cyanoderma bicolor)
Passeriformes,雀形目,Timaliidae,"Tree Babblers, Scimitar Babblers, and Allies",,Dumetia,,2,0,棕腹鹛 (Dumetia hyperythra); 黑头鹛 (Dumetia atriceps)
Passeriformes,雀形目,Timaliidae,"Tree Babblers, Scimitar Babblers, and Allies",,Macronus,,2,0,绒背纹胸鹛 (Macronus ptilosus); 褐纹胸鹛 (Macronus striaticeps)
Passeriformes,雀形目,Timaliidae,"Tree Babblers, Scimitar Babblers, and Allies",,Melanocichla,,2,0,黑噪鹛 (Melanocichla lugubris); 裸头噪鹛 (Melanocichla calva)
Passeriformes,雀形目,Timaliidae,"Tree Babblers, Scimitar Babblers, and Allies",,Timalia,,1,0,红顶鹛 (Timalia pileata)
Passeriformes,雀形目,Tityridae,"Tityras, Becards, and Allies",,Iodopleura,,3,0,白眉紫须伞鸟 (Iodopleura isabellae); 紫须伞鸟 (Iodopleura fusca); 黄喉紫须伞鸟 (Iodopleura pipra)
Passeriformes,雀形目,Tityridae,"Tityras, Becards, and Allies",,Laniisoma,,2,0,鵙伞鸟 (Laniisoma elegans); 安第斯鵙伞鸟 (Laniisoma buckleyi)
Passeriformes,雀形目,Tityridae,"Tityras, Becards, and Allies",,Laniocera,,2,0,栗翅斑伞鸟 (Laniocera hypopyrra); 点斑伞鸟 (Laniocera rufescens)
Passeriformes,雀形目,Tityridae,"Tityras, Becards, and Allies",,Pachyramphus,,17,0,绿背厚嘴霸鹟 (Pachyramphus viridis); 斑纹厚嘴霸鹟 (Pachyramphus versicolor); 蓝灰厚嘴霸鹟 (Pachyramphus spodiurus)
Passeriformes,雀形目,Tityridae,"Tityras, Becards, and Allies",,Schiffornis,,7,0,大希夫霸鹟 (Schiffornis major); 圭亚那希夫霸鹟 (Schiffornis olivacea); 北希夫霸鹟 (Schiffornis veraepacis)
Passeriformes,雀形目,Tityridae,"Tityras, Becards, and Allies",,Tityra,,4,0,黑尾蒂泰霸鹟 (Tityra cayana); 黑顶蒂泰霸鹟 (Tityra inquisitor); 白尾蒂泰霸鹟 (Tityra leucura)
Passeriformes,雀形目,Tityridae,"Tityras, Becards, and Allies",,Xenopsaris,,1,0,白枕霸鹟 (Xenopsaris albinucha)
Passeriformes,雀形目,Troglodytidae,Wrens,,Campylorhynchus,,15,0,白头曲嘴鹪鹩 (Campylorhynchus albobrunneus); 斑背曲嘴鹪鹩 (Campylorhynchus zonatus); 灰斑曲嘴鹪鹩 (Campylorhynchus megalopterus)
Passeriformes,雀形目,Troglodytidae,Wrens,,Cantorchilus,,12,0,纹胸苇鹪鹩 (Cantorchilus thoracicus); 纹喉苇鹪鹩 (Cantorchilus leucopogon); 纯色苇鹪鹩 (Cantorchilus modestus)
Passeriformes,雀形目,Troglodytidae,Wrens,,Catherpes,,1,0,墨西哥鹪鹩 (Catherpes mexicanus)
Passeriformes,雀形目,Troglodytidae,Wrens,,Cinnycerthia,,4,0,棕鹪鹩 (Cinnycerthia unirufa); 夏氏鹪鹩 (Cinnycerthia olivascens); 棕褐鹪鹩 (Cinnycerthia peruana)
Passeriformes,雀形目,Troglodytidae,Wrens,,Cistothorus,,5,0,北美沼泽鹪鹩 (Cistothorus stellaris); 短嘴沼泽鹪鹩 (Cistothorus platensis); 沼泽鹪鹩 (Cistothorus meridae)
Passeriformes,雀形目,Troglodytidae,Wrens,,Cyphorhinus,,4,0,北栗胸歌鹪鹩 (Cyphorhinus dichrous); 南栗胸歌鹪鹩 (Cyphorhinus thoracicus); 鸣鹪鹩 (Cyphorhinus phaeocephalus)
Passeriformes,雀形目,Troglodytidae,Wrens,,Ferminia,,1,0,扎巴鹪鹩 (Ferminia cerverai)
Passeriformes,雀形目,Troglodytidae,Wrens,,Henicorhina,,5,0,白胸林鹩 (Henicorhina leucosticta); 斑翅林鹩 (Henicorhina leucoptera); 灰胸林鹩 (Henicorhina leucophrys)
Passeriformes,雀形目,Troglodytidae,Wrens,,Hylorchilus,,2,0,细嘴鹪鹩 (Hylorchilus sumichrasti); 内氏鹪鹩 (Hylorchilus navai)
Passeriformes,雀形目,Troglodytidae,Wrens,,Microcerculus,,4,0,夜莺鹪鹩 (Microcerculus philomela); 鳞胸鹪鹩 (Microcerculus marginatus); 笛声鹪鹩 (Microcerculus ustulatus)
Passeriformes,雀形目,Troglodytidae,Wrens,,Odontorchilus,,2,0,锯嘴鹪鹩 (Odontorchilus cinereus); 灰背锯嘴鹪鹩 (Odontorchilus branickii)
Passeriformes,雀形目,Troglodytidae,Wrens,,Pheugopedius,,13,0,黑头苇鹪鹩 (Pheugopedius spadix); 黑腹苇鹪鹩 (Pheugopedius fasciatoventris); 淡尾苇鹪鹩 (Pheugopedius euophrys)
Passeriformes,雀形目,Troglodytidae,Wrens,,Salpinctes,,1,0,岩鹪鹩 (Salpinctes obsoletus)
Passeriformes,雀形目,Troglodytidae,Wrens,,Thryomanes,,1,0,比氏苇鹪鹩 (Thryomanes bewickii)
Passeriformes,雀形目,Troglodytidae,Wrens,,Thryophilus,,5,0,斑臀苇鹪鹩 (Thryophilus sinaloa); 斑苇鹪鹩 (Thryophilus pleurostictus); 棕白苇鹪鹩 (Thryophilus rufalbus)
Passeriformes,雀形目,Troglodytidae,Wrens,,Thryorchilus,,1,0,高山鹪鹩 (Thryorchilus browni)
Passeriformes,雀形目,Troglodytidae,Wrens,,Thryothorus,,1,0,卡罗苇鹪鹩 (Thryothorus ludovicianus)
Passeriformes,雀形目,Troglodytidae,Wrens,,Troglodytes,,18,0,莺鹪鹩 (Troglodytes aedon); 科岛鹪鹩 (Troglodytes beani); 安岛鹪鹩 (Troglodytes martinicensis)
Passeriformes,雀形目,Troglodytidae,Wrens,,Uropsila,,1,0,白腹鹪鹩 (Uropsila leucogastra)
Passeriformes,雀形目,Turdidae,Thrushes and Allies,,Catharus,,13,0,黑头夜鸫 (Catharus mexicanus); 橙腹夜鸫 (Catharus aurantiirostris); 斯克氏夜鸫 (Catharus maculatus)
Passeriformes,雀形目,Turdidae,Thrushes and Allies,,Chlamydochaera,,1,0,食果鸫 (Chlamydochaera jefferyi)
Passeriformes,雀形目,Turdidae,Thrushes and Allies,,Cichlopsis,,1,0,棕褐孤鸫 (Cichlopsis leucogenys)
Passeriformes,雀形目,Turdidae,Thrushes and Allies,,Entomodestes,,2,0,白耳孤鸫 (Entomodestes leucotis); 黑孤鸫 (Entomodestes coracinus)
Passeriformes,雀形目,Turdidae,Thrushes and Allies,,Geokichla,,21,0,白眉地鸫 (Geokichla sibirica); 杂色地鸫 (Geokichla wardii); 斑地鸫 (Geokichla guttata)
Passeriformes,雀形目,Turdidae,Thrushes and Allies,,Hylocichla,,1,0,棕林鸫 (Hylocichla mustelina)
Passeriformes,雀形目,Turdidae,Thrushes and Allies,,Ixoreus,,1,0,杂色鸫 (Ixoreus naevius)
Passeriformes,雀形目,Turdidae,Thrushes and Allies,,Myadestes,,13,0,坦氏孤鸫 (Myadestes townsendi); 褐背孤鸫 (Myadestes occidentalis); 古巴孤鸫 (Myadestes elisabeth)
Passeriformes,雀形目,Turdidae,Thrushes and Allies,,Neocossyphus,,2,0,白尾蚁鸫 (Neocossyphus poensis); 红尾蚁鸫 (Neocossyphus rufus)
Passeriformes,雀形目,Turdidae,Thrushes and Allies,,Pinarornis,,1,0,暗色石䳭 (Pinarornis plumosus)
Passeriformes,雀形目,Turdidae,Thrushes and Allies,,Ridgwayia,,1,0,阿兹特克地鸫 (Ridgwayia pinicola)
Passeriformes,雀形目,Turdidae,Thrushes and Allies,,Sialia,,3,0,东蓝鸲 (Sialia sialis); 西蓝鸲 (Sialia mexicana); 山蓝鸲 (Sialia currucoides)
Passeriformes,雀形目,Turdidae,Thrushes and Allies,,Stizorhina,,2,0,芬氏蚁鸫 (Stizorhina finschi); 弗氏蚁鸫 (Stizorhina fraseri)
Passeriformes,雀形目,Tyrannidae,Tyrant Flycatchers and Allies,,Acrochordopus,,2,0,毛腿小霸鹟 (Acrochordopus burmeisteri); 白额小霸鹟 (Acrochordopus zeledoni)
Passeriformes,雀形目,Tyrannidae,Tyrant Flycatchers and Allies,,Agriornis,,5,0,黑嘴鵙霸鹟 (Agriornis montanus); 白尾鵙霸鹟 (Agriornis albicauda); 大鵙霸鹟 (Agriornis lividus)
Passeriformes,雀形目,Tyrannidae,Tyrant Flycatchers and Allies,,Alectrurus,,2,0,鸡尾霸鹟 (Alectrurus tricolor); 异尾霸鹟 (Alectrurus risora)
Passeriformes,雀形目,Tyrannidae,Tyrant Flycatchers and Allies,,Anairetes,,6,0,黑冠雀霸鹟 (Anairetes nigrocristatus); 斑冠雀霸鹟 (Anairetes reguloides); 灰胸雀霸鹟 (Anairetes alpinus)
Passeriformes,雀形目,Tyrannidae,Tyrant Flycatchers and Allies,,Aphanotriccus,,2,0,褐胸斑翅霸鹟 (Aphanotriccus capitalis); 黑嘴斑翅霸鹟 (Aphanotriccus audax)
Passeriformes,雀形目,Tyrannidae,Tyrant Flycatchers and Allies,,Arundinicola,,1,0,白头沼泽霸鹟 (Arundinicola leucocephala)
Passeriformes,雀形目,Tyrannidae,Tyrant Flycatchers and Allies,,Atalotriccus,,1,0,淡眼侏霸鹟 (Atalotriccus pilaris)
Passeriformes,雀形目,Tyrannidae,Tyrant Flycatchers and Allies,,Attila,,7,0,褐尾阿蒂霸鹟 (Attila phoenicurus); 桂红阿蒂霸鹟 (Attila cinnamomeus); 赭色阿蒂霸鹟 (Attila torridus)
Passeriformes,雀形目,Tyrannidae,Tyrant Flycatchers and Allies,,Calyptura,,1,0,姬伞鸟 (Calyptura cristata)
Passeriformes,雀形目,Tyrannidae,Tyrant Flycatchers and Allies,,Camptostoma,,2,0,北无须小霸鹟 (Camptostoma imberbe); 南无须小霸鹟 (Camptostoma obsoletum)
Passeriformes,雀形目,Tyrannidae,Tyrant Flycatchers and Allies,,Capsiempis,,1,0,黄小霸鹟 (Capsiempis flaveola)
Passeriformes,雀形目,Tyrannidae,Tyrant Flycatchers and Allies,,Casiornis,,2,0,棕卡西霸鹟 (Casiornis rufus); 灰喉卡西霸鹟 (Casiornis fuscus)
Passeriformes,雀形目,Tyrannidae,Tyrant Flycatchers and Allies,,Cnemarchus,,2,0,红腰丛霸鹟 (Cnemarchus erythropygius); 丛霸鹟 (Cnemarchus rufipennis)
Passeriformes,雀形目,Tyrannidae,Tyrant Flycatchers and Allies,,Cnemotriccus,,1,0,暗褐霸鹟 (Cnemotriccus fuscatus)
Passeriformes,雀形目,Tyrannidae,Tyrant Flycatchers and Allies,,Cnipodectes,,2,0,棕霸鹟 (Cnipodectes superrufus); 褐霸鹟 (Cnipodectes subbrunneus)
Passeriformes,雀形目,Tyrannidae,Tyrant Flycatchers and Allies,,Colonia,,1,0,长尾霸鹟 (Colonia colonus)
Passeriformes,雀形目,Tyrannidae,Tyrant Flycatchers and Allies,,Colorhamphus,,1,0,巴塔唧霸鹟 (Colorhamphus parvirostris)
Passeriformes,雀形目,Tyrannidae,Tyrant Flycatchers and Allies,,Conopias,,4,0,白环蚊霸鹟 (Conopias albovittatus); 黄喉蚊霸鹟 (Conopias parvus); 三纹蚊霸鹟 (Conopias trivirgatus)
Passeriformes,雀形目,Tyrannidae,Tyrant Flycatchers and Allies,,Contopus,,16,0,绿胁绿霸鹟 (Contopus cooperi); 赭色绿霸鹟 (Contopus ochraceus); 大绿霸鹟 (Contopus pertinax)
Passeriformes,雀形目,Tyrannidae,Tyrant Flycatchers and Allies,,Corythopis,,2,0,南美蚁鹨 (Corythopis delalandi); 环蚁鹨 (Corythopis torquatus)
Passeriformes,雀形目,Tyrannidae,Tyrant Flycatchers and Allies,,Culicivora,,1,0,尖尾霸鹟 (Culicivora caudacuta)
Passeriformes,雀形目,Tyrannidae,Tyrant Flycatchers and Allies,,Elaenia,,22,0,纯色冠拟霸鹟 (Elaenia cristata); 棕顶拟霸鹟 (Elaenia ruficeps); 灰拟霸鹟 (Elaenia strepera)
Passeriformes,雀形目,Tyrannidae,Tyrant Flycatchers and Allies,,Empidonax,,14,0,绿纹霸鹟 (Empidonax virescens); 白喉纹霸鹟 (Empidonax albigularis); 桤木纹霸鹟 (Empidonax alnorum)
Passeriformes,雀形目,Tyrannidae,Tyrant Flycatchers and Allies,,Empidonomus,,2,0,杂色纹霸鹟 (Empidonomus varius); 冠灰纹霸鹟 (Empidonomus aurantioatrocristatus)
Passeriformes,雀形目,Tyrannidae,Tyrant Flycatchers and Allies,,Euscarthmus,,3,0,褐脸丛霸鹟 (Euscarthmus fulviceps); 褐顶丛霸鹟 (Euscarthmus meloryphus); 棕胁侏霸鹟 (Euscarthmus rufomarginatus)
Passeriformes,雀形目,Tyrannidae,Tyrant Flycatchers and Allies,,Fluvicola,,3,0,斑水霸鹟 (Fluvicola pica); 黑背水霸鹟 (Fluvicola albiventer); 花脸水霸鹟 (Fluvicola nengeta)
Passeriformes,雀形目,Tyrannidae,Tyrant Flycatchers and Allies,,Gubernetes,,1,0,飘带尾霸鹟 (Gubernetes yetapa)
Passeriformes,雀形目,Tyrannidae,Tyrant Flycatchers and Allies,,Guyramemua,,1,0,高地霸鹟 (Guyramemua affine)
Passeriformes,雀形目,Tyrannidae,Tyrant Flycatchers and Allies,,Hemitriccus,,22,0,小哑霸鹟 (Hemitriccus minor); 玻利维亚哑霸鹟 (Hemitriccus spodiops); 阿克雷哑霸鹟 (Hemitriccus cohnhafti)
Passeriformes,雀形目,Tyrannidae,Tyrant Flycatchers and Allies,,Heteroxolmis,,1,0,黑白蒙霸鹟 (Heteroxolmis dominicana)
Passeriformes,雀形目,Tyrannidae,Tyrant Flycatchers and Allies,,Hirundinea,,1,0,峭壁霸鹟 (Hirundinea ferruginea)
Passeriformes,雀形目,Tyrannidae,Tyrant Flycatchers and Allies,,Hymenops,,1,0,斑眼霸鹟 (Hymenops perspicillatus)
Passeriformes,雀形目,Tyrannidae,Tyrant Flycatchers and Allies,,Inezia,,4,0,细嘴姬霸鹟 (Inezia tenuirostris); 纯色姬霸鹟 (Inezia inornata); 亚马孙姬霸鹟 (Inezia subflava)
Passeriformes,雀形目,Tyrannidae,Tyrant Flycatchers and Allies,,Knipolegus,,12,0,滨霸鹟 (Knipolegus orenocensis); 棕尾霸鹟 (Knipolegus poecilurus); 亚马孙黑霸鹟 (Knipolegus poecilocercus)
Passeriformes,雀形目,Tyrannidae,Tyrant Flycatchers and Allies,,Lathrotriccus,,2,0,灰胸纹霸鹟 (Lathrotriccus griseipectus); 南美纹霸鹟 (Lathrotriccus euleri)
Passeriformes,雀形目,Tyrannidae,Tyrant Flycatchers and Allies,,Legatus,,1,0,强霸鹟 (Legatus leucophaius)
Passeriformes,雀形目,Tyrannidae,Tyrant Flycatchers and Allies,,Leptopogon,,4,0,棕顶窄嘴霸鹟 (Leptopogon amaurocephalus); 灰顶窄嘴霸鹟 (Leptopogon superciliaris); 棕胸窄嘴霸鹟 (Leptopogon rufipectus)
Passeriformes,雀形目,Tyrannidae,Tyrant Flycatchers and Allies,,Lessonia,,2,0,棕背小霸鹟 (Lessonia rufa); 萨氏小霸鹟 (Lessonia oreas)
Passeriformes,雀形目,Tyrannidae,Tyrant Flycatchers and Allies,,Lophotriccus,,4,0,鳞冠侏霸鹟 (Lophotriccus pileatus); 双斑侏霸鹟 (Lophotriccus vitiosus); 长冠侏霸鹟 (Lophotriccus eulophotes)
Passeriformes,雀形目,Tyrannidae,Tyrant Flycatchers and Allies,,Machetornis,,1,0,牛霸鹟 (Machetornis rixosa)
Passeriformes,雀形目,Tyrannidae,Tyrant Flycatchers and Allies,,Mecocerculus,,6,0,白尾姬霸鹟 (Mecocerculus poecilocercus); 黄斑姬霸鹟 (Mecocerculus hellmayri); 白斑姬霸鹟 (Mecocerculus stictopterus)
Passeriformes,雀形目,Tyrannidae,Tyrant Flycatchers and Allies,,Megarynchus,,1,0,船嘴霸鹟 (Megarynchus pitangua)
Passeriformes,雀形目,Tyrannidae,Tyrant Flycatchers and Allies,,Mionectes,,6,0,纹颈霸鹟 (Mionectes striaticollis); 橄榄绿纹霸鹟 (Mionectes olivaceus); 赭腹霸鹟 (Mionectes oleagineus)
Passeriformes,雀形目,Tyrannidae,Tyrant Flycatchers and Allies,,Mitrephanes,,2,0,橄榄色霸鹟 (Mitrephanes olivaceus); 领霸鹟 (Mitrephanes phaeocercus)
Passeriformes,雀形目,Tyrannidae,Tyrant Flycatchers and Allies,,Muscigralla,,1,0,短尾田霸鹟 (Muscigralla brevicauda)
Passeriformes,雀形目,Tyrannidae,Tyrant Flycatchers and Allies,,Muscipipra,,1,0,剪尾灰霸鹟 (Muscipipra vetula)
Passeriformes,雀形目,Tyrannidae,Tyrant Flycatchers and Allies,,Muscisaxicola,,12,0,斑嘴地霸鹟 (Muscisaxicola maculirostris); 灰顶地霸鹟 (Muscisaxicola griseus); 高山地霸鹟 (Muscisaxicola juninensis)
Passeriformes,雀形目,Tyrannidae,Tyrant Flycatchers and Allies,,Myiarchus,,22,0,棕蝇霸鹟 (Myiarchus semirufus); 尤卡坦蝇霸鹟 (Myiarchus yucatanensis); 牙买加蝇霸鹟 (Myiarchus barbirostris)
Passeriformes,雀形目,Tyrannidae,Tyrant Flycatchers and Allies,,Myiodynastes,,5,0,金腹大嘴霸鹟 (Myiodynastes hemichrysus); 金顶大嘴霸鹟 (Myiodynastes chrysocephalus); 比氏大嘴霸鹟 (Myiodynastes bairdii)
Passeriformes,雀形目,Tyrannidae,Tyrant Flycatchers and Allies,,Myiopagis,,9,0,林伊拉鹟 (Myiopagis gaimardii); 乔科伊拉鹟 (Myiopagis parambae); 亚马孙伊拉鹟 (Myiopagis cinerea)
Passeriformes,雀形目,Tyrannidae,Tyrant Flycatchers and Allies,,Myiophobus,,8,0,黄斑翅霸鹟 (Myiophobus flavicans); 橙冠斑翅霸鹟 (Myiophobus phoenicomitra); 纯色斑翅霸鹟 (Myiophobus inornatus)
Passeriformes,雀形目,Tyrannidae,Tyrant Flycatchers and Allies,,Myiornis,,4,0,角侏霸鹟 (Myiornis auricularis); 白胸侏霸鹟 (Myiornis albiventris); 黑顶侏霸鹟 (Myiornis atricapillus)
Passeriformes,雀形目,Tyrannidae,Tyrant Flycatchers and Allies,,Myiotheretes,,4,0,纹喉丛霸鹟 (Myiotheretes striaticollis); 哥伦比亚丛霸鹟 (Myiotheretes pernix); 烟色丛霸鹟 (Myiotheretes fumigatus)
Passeriformes,雀形目,Tyrannidae,Tyrant Flycatchers and Allies,,Myiotriccus,,1,0,华丽霸鹟 (Myiotriccus ornatus)
Passeriformes,雀形目,Tyrannidae,Tyrant Flycatchers and Allies,,Myiozetetes,,4,0,锈边短嘴霸鹟 (Myiozetetes cayanensis); 群栖短嘴霸鹟 (Myiozetetes similis); 灰顶短嘴霸鹟 (Myiozetetes granadensis)
Passeriformes,雀形目,Tyrannidae,Tyrant Flycatchers and Allies,,Nengetus,,1,0,灰蒙霸鹟 (Nengetus cinereus)
Passeriformes,雀形目,Tyrannidae,Tyrant Flycatchers and Allies,,Neopipo,,1,0,栗红霸鹟 (Neopipo cinnamomea)
Passeriformes,雀形目,Tyrannidae,Tyrant Flycatchers and Allies,,Neoxolmis,,4,0,黑顶蒙霸鹟 (Neoxolmis coronatus); 盐沼蒙霸鹟 (Neoxolmis salinarum); 锈背蒙霸鹟 (Neoxolmis rubetra)
Passeriformes,雀形目,Tyrannidae,Tyrant Flycatchers and Allies,,Nephelomyias,,3,0,华丽斑翅霸鹟 (Nephelomyias pulcher); 橙斑翅霸鹟 (Nephelomyias lintoni); 赭胸斑翅霸鹟 (Nephelomyias ochraceiventris)
Passeriformes,雀形目,Tyrannidae,Tyrant Flycatchers and Allies,,Nesotriccus,,4,0,白腹灰色小霸鹟 (Nesotriccus tumbezanus); 马谷白腹灰色小霸鹟 (Nesotriccus maranonicus); 科岛霸鹟 (Nesotriccus ridgwayi)
Passeriformes,雀形目,Tyrannidae,Tyrant Flycatchers and Allies,,Ochthoeca,,10,0,Tumbes Tyrant (Ochthoeca salvini); 灰背唧霸鹟 (Ochthoeca cinnamomeiventris); 黑背唧霸鹟 (Ochthoeca nigrita)
Passeriformes,雀形目,Tyrannidae,Tyrant Flycatchers and Allies,,Ochthornis,,1,0,淡褐唧霸鹟 (Ochthornis littoralis)
Passeriformes,雀形目,Tyrannidae,Tyrant Flycatchers and Allies,,Oncostoma,,2,0,北弯嘴霸鹟 (Oncostoma cinereigulare); 南弯嘴霸鹟 (Oncostoma olivaceum)
Passeriformes,雀形目,Tyrannidae,Tyrant Flycatchers and Allies,,Ornithion,,3,0,黄腹小霸鹟 (Ornithion semiflavum); 褐顶小霸鹟 (Ornithion brunneicapillus); 白眼先小霸鹟 (Ornithion inerme)
Passeriformes,雀形目,Tyrannidae,Tyrant Flycatchers and Allies,,Phelpsia,,1,0,白须短嘴霸鹟 (Phelpsia inornata)
Passeriformes,雀形目,Tyrannidae,Tyrant Flycatchers and Allies,,Philohydor,,1,0,小食蝇霸鹟 (Philohydor lictor)
Passeriformes,雀形目,Tyrannidae,Tyrant Flycatchers and Allies,,Phyllomyias,,9,0,绿色小霸鹟 (Phyllomyias virescens); 里氏小霸鹟 (Phyllomyias reiseri); 尤氏小霸鹟 (Phyllomyias urichi)
Passeriformes,雀形目,Tyrannidae,Tyrant Flycatchers and Allies,,Phylloscartes,,14,0,欧氏姬霸鹟 (Phylloscartes oustaleti); 黄绿姬霸鹟 (Phylloscartes flavovirens); 橄榄绿姬霸鹟 (Phylloscartes virescens)
Passeriformes,雀形目,Tyrannidae,Tyrant Flycatchers and Allies,,Piprites,,3,0,斑翅娇鹟 (Piprites chloris); 灰头娇鹟 (Piprites griseiceps); 黑顶娇鹟 (Piprites pileata)
Passeriformes,雀形目,Tyrannidae,Tyrant Flycatchers and Allies,,Pitangus,,1,0,大食蝇霸鹟 (Pitangus sulphuratus)
Passeriformes,雀形目,Tyrannidae,Tyrant Flycatchers and Allies,,Platyrinchus,,7,0,桂红冠铲嘴雀 (Platyrinchus saturatus); 短尾铲嘴雀 (Platyrinchus cancrominus); 白喉铲嘴雀 (Platyrinchus mystaceus)
Passeriformes,雀形目,Tyrannidae,Tyrant Flycatchers and Allies,,Poecilotriccus,,12,0,棕顶哑霸鹟 (Poecilotriccus ruficeps); 红头哑霸鹟 (Poecilotriccus luluae); 白颊哑霸鹟 (Poecilotriccus albifacies)
Passeriformes,雀形目,Tyrannidae,Tyrant Flycatchers and Allies,,Pogonotriccus,,9,0,巴西姬霸鹟 (Pogonotriccus difficilis); 南须霸鹟 (Pogonotriccus eximius); 纹脸须霸鹟 (Pogonotriccus ophthalmicus)
Passeriformes,雀形目,Tyrannidae,Tyrant Flycatchers and Allies,,Polystictus,,2,0,灰背多斑霸鹟 (Polystictus superciliaris); 须多斑霸鹟 (Polystictus pectoralis)
Passeriformes,雀形目,Tyrannidae,Tyrant Flycatchers and Allies,,Pseudelaenia,,1,0,灰白小霸鹟 (Pseudelaenia leucospodia)
Passeriformes,雀形目,Tyrannidae,Tyrant Flycatchers and Allies,,Pseudocolopteryx,,5,0,冠多拉霸鹟 (Pseudocolopteryx sclateri); 亚热带多拉霸鹟 (Pseudocolopteryx acutipennis); 南美多拉霸鹟 (Pseudocolopteryx dinelliana)
Passeriformes,雀形目,Tyrannidae,Tyrant Flycatchers and Allies,,Pseudotriccus,,3,0,铜绿侏霸鹟 (Pseudotriccus pelzelni); 褐额侏霸鹟 (Pseudotriccus simplex); 棕头侏霸鹟 (Pseudotriccus ruficeps)
Passeriformes,雀形目,Tyrannidae,Tyrant Flycatchers and Allies,,Pyrocephalus,,2,0,小朱红霸鹟 (Pyrocephalus nanus); 猩红霸鹟 (Pyrocephalus rubinus)
Passeriformes,雀形目,Tyrannidae,Tyrant Flycatchers and Allies,,Pyrope,,1,0,红眼蒙霸鹟 (Pyrope pyrope)
Passeriformes,雀形目,Tyrannidae,Tyrant Flycatchers and Allies,,Pyrrhomyias,,1,0,桂红霸鹟 (Pyrrhomyias cinnamomeus)
Passeriformes,雀形目,Tyrannidae,Tyrant Flycatchers and Allies,,Ramphotrigon,,4,0,大头扁嘴霸鹟 (Ramphotrigon megacephalum); 棕尾扁嘴霸鹟 (Ramphotrigon ruficauda); 火红霸鹟 (Ramphotrigon flammulatum)
Passeriformes,雀形目,Tyrannidae,Tyrant Flycatchers and Allies,,Rhynchocyclus,,5,0,眼环扁嘴霸鹟 (Rhynchocyclus brevirostris); 西绿扁嘴霸鹟 (Rhynchocyclus aequinoctialis); 绿扁嘴霸鹟 (Rhynchocyclus olivaceus)
Passeriformes,雀形目,Tyrannidae,Tyrant Flycatchers and Allies,,Rhytipterna,,3,0,棕悲霸鹟 (Rhytipterna holerythra); 灰悲霸鹟 (Rhytipterna simplex); 淡腹悲霸鹟 (Rhytipterna immunda)
Passeriformes,雀形目,Tyrannidae,Tyrant Flycatchers and Allies,,Satrapa,,1,0,黄眉霸鹟 (Satrapa icterophrys)
Passeriformes,雀形目,Tyrannidae,Tyrant Flycatchers and Allies,,Sayornis,,3,0,棕腹长尾霸鹟 (Sayornis saya); 灰胸长尾霸鹟 (Sayornis phoebe); 黑长尾霸鹟 (Sayornis nigricans)
Passeriformes,雀形目,Tyrannidae,Tyrant Flycatchers and Allies,,Serpophaga,,5,0,灰姬霸鹟 (Serpophaga cinerea); 河姬霸鹟 (Serpophaga hypoleuca); 烟姬霸鹟 (Serpophaga nigricans)
Passeriformes,雀形目,Tyrannidae,Tyrant Flycatchers and Allies,,Silvicultrix,,5,0,冠唧霸鹟 (Silvicultrix frontalis); Kalinowski's Chat-Tyrant (Silvicultrix spodionota); 杰氏唧霸鹟 (Silvicultrix jelskii)
Passeriformes,雀形目,Tyrannidae,Tyrant Flycatchers and Allies,,Sirystes,,4,0,白翅西利霸鹟 (Sirystes albogriseus); 白腰西利霸鹟 (Sirystes albocinereus); 托氏西利霸鹟 (Sirystes subcanescens)
Passeriformes,雀形目,Tyrannidae,Tyrant Flycatchers and Allies,,Stigmatura,,3,0,小霸鹟 (Stigmatura napensis); 巴伊小霸鹟 (Stigmatura bahiae); 大霸鹟 (Stigmatura budytoides)
Passeriformes,雀形目,Tyrannidae,Tyrant Flycatchers and Allies,,Sublegatus,,3,0,北灌丛霸鹟 (Sublegatus arenarum); 亚马孙灌丛霸鹟 (Sublegatus obscurior); 南灌丛霸鹟 (Sublegatus modestus)
Passeriformes,雀形目,Tyrannidae,Tyrant Flycatchers and Allies,,Suiriri,,1,0,平原霸鹟 (Suiriri suiriri)
Passeriformes,雀形目,Tyrannidae,Tyrant Flycatchers and Allies,,Syrtidicola,,1,0,小地霸鹟 (Syrtidicola fluviatilis)
Passeriformes,雀形目,Tyrannidae,Tyrant Flycatchers and Allies,,Tachuris,,1,0,多色苇霸鹟 (Tachuris rubrigastra)
Passeriformes,雀形目,Tyrannidae,Tyrant Flycatchers and Allies,,Taeniotriccus,,1,0,黑胸霸鹟 (Taeniotriccus andrei)
Passeriformes,雀形目,Tyrannidae,Tyrant Flycatchers and Allies,,Todirostrum,,7,0,斑哑霸鹟 (Todirostrum maculatum); 灰头哑霸鹟 (Todirostrum poliocephalum); 哑霸鹟 (Todirostrum cinereum)
Passeriformes,雀形目,Tyrannidae,Tyrant Flycatchers and Allies,,Tolmomyias,,7,0,黄绿霸鹟 (Tolmomyias sulphurescens); 黄眼霸鹟 (Tolmomyias traylori); 黄翅霸鹟 (Tolmomyias flavotectus)
Passeriformes,雀形目,Tyrannidae,Tyrant Flycatchers and Allies,,Tyranniscus,,3,0,黑顶小霸鹟 (Tyranniscus nigrocapillus); 灰头小霸鹟 (Tyranniscus cinereiceps); 褐腰小霸鹟 (Tyranniscus uropygialis)
Passeriformes,雀形目,Tyrannidae,Tyrant Flycatchers and Allies,,Tyrannopsis,,1,0,黄白喉霸鹟 (Tyrannopsis sulphurea)
Passeriformes,雀形目,Tyrannidae,Tyrant Flycatchers and Allies,,Tyrannulus,,1,0,黄顶小霸鹟 (Tyrannulus elatus)
Passeriformes,雀形目,Tyrannidae,Tyrant Flycatchers and Allies,,Tyrannus,,13,0,叉尾王霸鹟 (Tyrannus savana); 白喉王霸鹟 (Tyrannus albogularis); 热带王霸鹟 (Tyrannus melancholicus)
Passeriformes,雀形目,Tyrannidae,Tyrant Flycatchers and Allies,,Uromyias,,2,0,敏雀霸鹟 (Uromyias agilis); 无纹雀霸鹟 (Uromyias agraphia)
Passeriformes,雀形目,Tyrannidae,Tyrant Flycatchers and Allies,,Xenotriccus,,2,0,带霸鹟 (Xenotriccus callizonus); 墨西哥霸鹟 (Xenotriccus mexicanus)
Passeriformes,雀形目,Tyrannidae,Tyrant Flycatchers and Allies,,Xolmis,,2,0,白腰蒙霸鹟 (Xolmis velatus); 白蒙霸鹟 (Xolmis irupero)
Passeriformes,雀形目,Tyrannidae,Tyrant Flycatchers and Allies,,Zimmerius,,13,0,红嘴小霸鹟 (Zimmerius cinereicapilla); 绿头小霸鹟 (Zimmerius villarejoi); 短嘴绿头小霸鹟 (Zimmerius chicomendesi)
Passeriformes,雀形目,Vangidae,"Vangas, Helmetshrikes, and Allies",,Artamella,,1,0,白头钩嘴鵙 (Artamella viridis)
Passeriformes,雀形目,Vangidae,"Vangas, Helmetshrikes, and Allies",,Bias,,1,0,黑白鵙鹟 (Bias musicus)
Passeriformes,雀形目,Vangidae,"Vangas, Helmetshrikes, and Allies",,Calicalicus,,2,0,红尾钩嘴鵙 (Calicalicus madagascariensis); 红肩钩嘴鵙 (Calicalicus rufocarpalis)
Passeriformes,雀形目,Vangidae,"Vangas, Helmetshrikes, and Allies",,Cyanolanius,,2,0,蓝钩嘴鵙 (Cyanolanius madagascarinus); 科摩罗蓝钩嘴鵙 (Cyanolanius comorensis)
Passeriformes,雀形目,Vangidae,"Vangas, Helmetshrikes, and Allies",,Euryceros,,1,0,盔鵙 (Euryceros prevostii)
Passeriformes,雀形目,Vangidae,"Vangas, Helmetshrikes, and Allies",,Falculea,,1,0,弯嘴鵙 (Falculea palliata)
Passeriformes,雀形目,Vangidae,"Vangas, Helmetshrikes, and Allies",,Hemipus,,2,0,黑翅鹟鵙 (Hemipus hirundinaceus); 褐背鹟鵙 (Hemipus picatus)
Passeriformes,雀形目,Vangidae,"Vangas, Helmetshrikes, and Allies",,Hypositta,,1,0,红嘴钩嘴鵙 (Hypositta corallirostris)
Passeriformes,雀形目,Vangidae,"Vangas, Helmetshrikes, and Allies",,Leptopterus,,1,0,黑钩嘴鵙 (Leptopterus chabert)
Passeriformes,雀形目,Vangidae,"Vangas, Helmetshrikes, and Allies",,Megabyas,,1,0,非洲鵙鹟 (Megabyas flammulatus)
Passeriformes,雀形目,Vangidae,"Vangas, Helmetshrikes, and Allies",,Mystacornis,,1,0,克氏须鹛 (Mystacornis crossleyi)
Passeriformes,雀形目,Vangidae,"Vangas, Helmetshrikes, and Allies",,Newtonia,,4,0,阿氏牛顿莺 (Newtonia archboldi); 棕尾牛顿莺 (Newtonia brunneicauda); 暗牛顿莺 (Newtonia amphichroa)
Passeriformes,雀形目,Vangidae,"Vangas, Helmetshrikes, and Allies",,Oriolia,,1,0,黑头莺嘴鵙 (Oriolia bernieri)
Passeriformes,雀形目,Vangidae,"Vangas, Helmetshrikes, and Allies",,Philentoma,,2,0,栗胸王鵙 (Philentoma velata); 棕翅王鵙 (Philentoma pyrhoptera)
Passeriformes,雀形目,Vangidae,"Vangas, Helmetshrikes, and Allies",,Prionops,,8,0,长冠盔鵙 (Prionops plumatus); 灰冠盔鵙 (Prionops poliolophus); 黄冠盔鵙 (Prionops alberti)
Passeriformes,雀形目,Vangidae,"Vangas, Helmetshrikes, and Allies",,Pseudobias,,1,0,瓦氏鹟 (Pseudobias wardi)
Passeriformes,雀形目,Vangidae,"Vangas, Helmetshrikes, and Allies",,Schetba,,1,0,棕钩嘴鵙 (Schetba rufa)
Passeriformes,雀形目,Vangidae,"Vangas, Helmetshrikes, and Allies",,Tephrodornis,,4,0,西钩嘴林鵙 (Tephrodornis sylvicola); 钩嘴林鵙 (Tephrodornis virgatus); 林鵙 (Tephrodornis pondicerianus)
Passeriformes,雀形目,Vangidae,"Vangas, Helmetshrikes, and Allies",,Tylas,,1,0,泰拉钩嘴鵙 (Tylas eduardi)
Passeriformes,雀形目,Vangidae,"Vangas, Helmetshrikes, and Allies",,Vanga,,1,0,钩嘴鵙 (Vanga curvirostris)
Passeriformes,雀形目,Vangidae,"Vangas, Helmetshrikes, and Allies",,Xenopirostris,,3,0,白额厚嘴鵙 (Xenopirostris polleni); 拉氏厚嘴鵙 (Xenopirostris xenopirostris); 范氏厚嘴鵙 (Xenopirostris damii)
Passeriformes,雀形目,Viduidae,Whydahs and Indigobirds,,Anomalospiza,,1,0,寄生维达雀 (Anomalospiza imberbis)
Passeriformes,雀形目,Viduidae,Whydahs and Indigobirds,,Vidua,,19,0,乐园维达雀 (Vidua paradisaea); 宽尾维达雀 (Vidua obtusa); 多哥维达雀 (Vidua togoensis)
Passeriformes,雀形目,Vireonidae,"Shrike-babblers, Erpornis, and Vireos",,Cyclarhis,,2,0,黑嘴鵙雀 (Cyclarhis nigrirostris); 棕眉鵙雀 (Cyclarhis gujanensis)
Passeriformes,雀形目,Vireonidae,"Shrike-babblers, Erpornis, and Vireos",,Erpornis,,1,0,白腹凤鹛 (Erpornis zantholeuca)
Passeriformes,雀形目,Vireonidae,"Shrike-babblers, Erpornis, and Vireos",,Hylophilus,,8,0,灰眼绿莺雀 (Hylophilus amaurocephalus); 棕顶绿莺雀 (Hylophilus poicilotis); 橄榄绿莺雀 (Hylophilus olivaceus)
Passeriformes,雀形目,Vireonidae,"Shrike-babblers, Erpornis, and Vireos",,Pachysylvia,,5,0,灰头绿莺雀 (Pachysylvia decurtata); 乌顶绿莺雀 (Pachysylvia hypoxantha); 黄颊绿莺雀 (Pachysylvia muscicapina)
Passeriformes,雀形目,Vireonidae,"Shrike-babblers, Erpornis, and Vireos",,Tunchiornis,,4,0,褐顶绿莺雀 (Tunchiornis ochraceiceps); Rufous-fronted Greenlet (Tunchiornis ferrugineifrons); Guianan Greenlet (Tunchiornis luteifrons)
Passeriformes,雀形目,Vireonidae,"Shrike-babblers, Erpornis, and Vireos",,Vireo,,33,0,金莺雀 (Vireo hypochryseus); 蓝顶绿莺雀 (Vireo sclateri); 费城莺雀 (Vireo philadelphicus)
Passeriformes,雀形目,Vireonidae,"Shrike-babblers, Erpornis, and Vireos",,Vireolanius,,4,0,栗胁鵙雀 (Vireolanius melitophrys); 绿鵙雀 (Vireolanius pulchellus); 黄眉鵙雀 (Vireolanius eximius)
Passeriformes,雀形目,Zeledoniidae,Wrenthrush,,Zeledonia,,1,0,冠鹩森莺 (Zeledonia coronata)
Passeriformes,雀形目,Zosteropidae,"White-eyes, Yuhinas, and Allies",,Apalopteron,,1,0,笠原绣眼鸟 (Apalopteron familiare)
Passeriformes,雀形目,Zosteropidae,"White-eyes, Yuhinas, and Allies",,Cleptornis,,1,0,金绣眼鸟 (Cleptornis marchei)
Passeriformes,雀形目,Zosteropidae,"White-eyes, Yuhinas, and Allies",,Dasycrotapha,,3,0,鬓松穗鹛 (Dasycrotapha speciosa); 短尾侏穗鹛 (Dasycrotapha pygmaea); 侏穗鹛 (Dasycrotapha plateni)
Passeriformes,雀形目,Zosteropidae,"White-eyes, Yuhinas, and Allies",,Heleia,,10,0,灰喉冠绣眼鸟 (Heleia javanica); 灰巾冠绣眼鸟 (Heleia pinaiae); 侏绣眼鸟 (Heleia squamifrons)
Passeriformes,雀形目,Zosteropidae,"White-eyes, Yuhinas, and Allies",,Megazosterops,,1,0,帕劳绣眼鸟 (Megazosterops palauensis)
Passeriformes,雀形目,Zosteropidae,"White-eyes, Yuhinas, and Allies",,Parayuhina,,1,0,白领凤鹛 (Parayuhina diademata)
Passeriformes,雀形目,Zosteropidae,"White-eyes, Yuhinas, and Allies",,Rukia,,2,0,特鲁绣眼鸟 (Rukia ruki); 波纳绣眼鸟 (Rukia longirostra)
Passeriformes,雀形目,Zosteropidae,"White-eyes, Yuhinas, and Allies",,Sterrhoptilus,,4,0,棕头穗鹛 (Sterrhoptilus capitalis); 金冠穗鹛 (Sterrhoptilus dennistouni); 卡拉黑冠穗鹛 (Sterrhoptilus affinis)
Passeriformes,雀形目,Zosteropidae,"White-eyes, Yuhinas, and Allies",,Tephrozosterops,,1,0,双色绣眼鸟 (Tephrozosterops stalkeri)
Passeriformes,雀形目,Zosteropidae,"White-eyes, Yuhinas, and Allies",,Zosterornis,,5,0,巴拉望穗鹛 (Zosterornis hypogrammicus); 纹穗鹛 (Zosterornis striatus); 怀氏穗鹛 (Zosterornis whiteheadi)
Pelecaniformes,鹈形目,Ardeidae,"Herons, Egrets, and Bitterns",,Agamia,,1,0,栗腹鹭 (Agamia agami)
Pelecaniformes,鹈形目,Ardeidae,"Herons, Egrets, and Bitterns",,Ardea,,16,0,白颈鹭 (Ardea pacifica); 大白鹭 (Ardea alba); 非洲中白鹭 (Ardea brachyrhyncha)
Pelecaniformes,鹈形目,Ardeidae,"Herons, Egrets, and Bitterns",,Ardeola,,6,0,印度池鹭 (Ardeola grayii); 池鹭 (Ardeola bacchus); 爪哇池鹭 (Ardeola speciosa)
Pelecaniformes,鹈形目,Ardeidae,"Herons, Egrets, and Bitterns",,Botaurus,,14,0,纹背苇鳽 (Botaurus involucris); 姬苇鳽 (Botaurus exilis); 褐麻鳽 (Botaurus poiciloptilus)
Pelecaniformes,鹈形目,Ardeidae,"Herons, Egrets, and Bitterns",,Butorides,,4,0,绿鹭 (Butorides atricapilla); 北美绿鹭 (Butorides striata); 加岛绿鹭 (Butorides sundevalli)
Pelecaniformes,鹈形目,Ardeidae,"Herons, Egrets, and Bitterns",,Calherodius,,1,0,白背夜鹭 (Calherodius leuconotus)
Pelecaniformes,鹈形目,Ardeidae,"Herons, Egrets, and Bitterns",,Cochlearius,,1,0,船嘴鹭 (Cochlearius cochlearius)
Pelecaniformes,鹈形目,Ardeidae,"Herons, Egrets, and Bitterns",,Egretta,,12,0,斑鹭 (Egretta picata); 小蓝鹭 (Egretta caerulea); 三色鹭 (Egretta tricolor)
Pelecaniformes,鹈形目,Ardeidae,"Herons, Egrets, and Bitterns",,Nyctanassa,,2,0,百慕大夜鹭 (Nyctanassa carcinocatactes); 黄冠夜鹭 (Nyctanassa violacea)
Pelecaniformes,鹈形目,Ardeidae,"Herons, Egrets, and Bitterns",,Nycticorax,,6,0,夜鹭 (Nycticorax nycticorax); 留岛夜鹭 (Nycticorax duboisi); 毛里求斯夜鹭 (Nycticorax mauritianus)
Pelecaniformes,鹈形目,Ardeidae,"Herons, Egrets, and Bitterns",,Pilherodius,,1,0,蓝嘴黑顶鹭 (Pilherodius pileatus)
Pelecaniformes,鹈形目,Ardeidae,"Herons, Egrets, and Bitterns",,Syrigma,,1,0,啸鹭 (Syrigma sibilatrix)
Pelecaniformes,鹈形目,Ardeidae,"Herons, Egrets, and Bitterns",,Tigriornis,,1,0,白冠虎鹭 (Tigriornis leucolopha)
Pelecaniformes,鹈形目,Ardeidae,"Herons, Egrets, and Bitterns",,Tigrisoma,,3,0,栗虎鹭 (Tigrisoma lineatum); 裸喉虎鹭 (Tigrisoma mexicanum); 横纹虎鹭 (Tigrisoma fasciatum)
Pelecaniformes,鹈形目,Ardeidae,"Herons, Egrets, and Bitterns",,Zebrilus,,1,0,波斑鹭 (Zebrilus undulatus)
Pelecaniformes,鹈形目,Ardeidae,"Herons, Egrets, and Bitterns",,Zonerodius,,1,0,林鳽 (Zonerodius heliosylus)
Pelecaniformes,鹈形目,Balaenicipitidae,Shoebill,,Balaeniceps,,1,0,鲸头鹳 (Balaeniceps rex)
Pelecaniformes,鹈形目,Pelecanidae,Pelicans,,Pelecanus,,8,0,美洲鹈鹕 (Pelecanus erythrorhynchos); 秘鲁鹈鹕 (Pelecanus thagus); 褐鹈鹕 (Pelecanus occidentalis)
Pelecaniformes,鹈形目,Scopidae,Hamerkop,,Scopus,,1,0,锤头鹳 (Scopus umbretta)
Pelecaniformes,鹈形目,Threskiornithidae,Ibises and Spoonbills,,Bostrychia,,5,0,绿背鹮 (Bostrychia olivacea); 侏绿背鹮 (Bostrychia bocagei); 斑胸鹮 (Bostrychia rara)
Pelecaniformes,鹈形目,Threskiornithidae,Ibises and Spoonbills,,Cercibis,,1,0,长尾鹮 (Cercibis oxycerca)
Pelecaniformes,鹈形目,Threskiornithidae,Ibises and Spoonbills,,Eudocimus,,2,0,美洲红鹮 (Eudocimus ruber); 美洲白鹮 (Eudocimus albus)
Pelecaniformes,鹈形目,Threskiornithidae,Ibises and Spoonbills,,Geronticus,,2,0,隐鹮 (Geronticus eremita); 秃鹮 (Geronticus calvus)
Pelecaniformes,鹈形目,Threskiornithidae,Ibises and Spoonbills,,Lophotibis,,1,0,凤头林鹮 (Lophotibis cristata)
Pelecaniformes,鹈形目,Threskiornithidae,Ibises and Spoonbills,,Mesembrinibis,,1,0,绿鹮 (Mesembrinibis cayennensis)
Pelecaniformes,鹈形目,Threskiornithidae,Ibises and Spoonbills,,Phimosus,,1,0,裸脸鹮 (Phimosus infuscatus)
Pelecaniformes,鹈形目,Threskiornithidae,Ibises and Spoonbills,,Plegadis,,3,0,彩鹮 (Plegadis falcinellus); 白脸彩鹮 (Plegadis chihi); 秘鲁彩鹮 (Plegadis ridgwayi)
Pelecaniformes,鹈形目,Threskiornithidae,Ibises and Spoonbills,,Theristicus,,4,0,铅色鹮 (Theristicus caerulescens); 黄颈鹮 (Theristicus caudatus); 黑脸鹮 (Theristicus melanopis)
Phaethontiformes,鹲形目,Phaethontidae,Tropicbirds,,Phaethon,,3,0,红嘴鹲 (Phaethon aethereus); 红尾鹲 (Phaethon rubricauda); 白尾鹲 (Phaethon lepturus)
Phoenicopteriformes,红鹳目,Phoenicopteridae,Flamingos,,Phoeniconaias,,1,0,小红鹳  (Phoeniconaias minor)
Phoenicopteriformes,红鹳目,Phoenicopteridae,Flamingos,,Phoenicoparrus,,2,0,安第斯红鹳 (Phoenicoparrus andinus); 秘鲁红鹳 (Phoenicoparrus jamesi)
Phoenicopteriformes,红鹳目,Phoenicopteridae,Flamingos,,Phoenicopterus,,3,0,智利红鹳 (Phoenicopterus chilensis); 大红鹳 (Phoenicopterus roseus); 美洲红鹳 (Phoenicopterus ruber)
Piciformes,䴕形目,Capitonidae,New World Barbets,,Capito,,11,0,红顶拟啄木鸟 (Capito aurovirens); 黑环拟啄木鸟 (Capito dayi); 斑冠拟啄木鸟 (Capito maculicoronatus)
Piciformes,䴕形目,Capitonidae,New World Barbets,,Eubucco,,4,0,黄喉拟啄木鸟 (Eubucco richardsoni); 红巾拟啄木鸟 (Eubucco tucinkae); 红头拟啄木鸟 (Eubucco bourcierii)
Piciformes,䴕形目,Indicatoridae,Honeyguides,,Indicator,,10,0,姬响蜜䴕 (Indicator pumilio); 西非响蜜䴕 (Indicator willcocksi); 东非响蜜䴕 (Indicator meliphilus)
Piciformes,䴕形目,Indicatoridae,Honeyguides,,Melichneutes,,1,0,琴尾响蜜䴕 (Melichneutes robustus)
Piciformes,䴕形目,Indicatoridae,Honeyguides,,Melignomon,,2,0,中非响蜜䴕 (Melignomon zenkeri); 黄脚响蜜䴕 (Melignomon eisentrauti)
Piciformes,䴕形目,Indicatoridae,Honeyguides,,Prodotiscus,,3,0,尖嘴蜜䴕 (Prodotiscus insignis); 绿背蜜䴕 (Prodotiscus zambesiae); 沃氏蜜䴕 (Prodotiscus regulus)
Piciformes,䴕形目,Lybiidae,African Barbets,,Buccanodon,,1,0,黄斑拟啄木鸟 (Buccanodon duchaillui)
Piciformes,䴕形目,Lybiidae,African Barbets,,Cryptolybia,,1,0,非洲绿拟啄木鸟 (Cryptolybia olivacea)
Piciformes,䴕形目,Lybiidae,African Barbets,,Gymnobucco,,4,0,灰喉拟啄木鸟 (Gymnobucco bonapartei); 斯氏拟啄木鸟 (Gymnobucco sladeni); 须鼻拟啄木鸟 (Gymnobucco peli)
Piciformes,䴕形目,Lybiidae,African Barbets,,Lybius,,7,0,横斑拟啄木鸟 (Lybius undatus); 维氏拟啄木鸟 (Lybius vieilloti); 白头拟啄木鸟 (Lybius leucocephalus)
Piciformes,䴕形目,Lybiidae,African Barbets,,Pogoniulus,,10,0,点斑小拟啄木鸟 (Pogoniulus scolopaceus); 绿小拟啄木鸟 (Pogoniulus simplex); 须绿小拟啄木鸟 (Pogoniulus leucomystax)
Piciformes,䴕形目,Lybiidae,African Barbets,,Pogonornis,,5,0,褐胸拟啄木鸟 (Pogonornis melanopterus); 黑背拟啄木鸟 (Pogonornis minor); 双齿拟啄木鸟 (Pogonornis bidentatus)
Piciformes,䴕形目,Lybiidae,African Barbets,,Stactolaema,,3,0,白耳拟啄木鸟 (Stactolaema leucotis); 中非拟啄木鸟 (Stactolaema whytii); 黄头拟啄木鸟 (Stactolaema anchietae)
Piciformes,䴕形目,Lybiidae,African Barbets,,Trachylaemus,,2,0,黄嘴拟啄木鸟 (Trachylaemus purpuratus); 西黄嘴拟啄木鸟  (Trachylaemus goffinii)
Piciformes,䴕形目,Lybiidae,African Barbets,,Trachyphonus,,4,0,南非拟啄木鸟 (Trachyphonus vaillantii); 红黄拟啄木鸟 (Trachyphonus erythrocephalus); 黄胸拟啄木鸟 (Trachyphonus margaritatus)
Piciformes,䴕形目,Lybiidae,African Barbets,,Tricholaema,,6,0,丝胸拟啄木鸟 (Tricholaema hirsuta); 红额拟啄木鸟 (Tricholaema diademata); 疏林拟啄木鸟 (Tricholaema frontata)
Piciformes,䴕形目,Megalaimidae,Asian Barbets,,Caloramphus,,2,0,马来棕拟啄木鸟 (Caloramphus hayii); 褐拟啄木鸟 (Caloramphus fuliginosus)
Piciformes,䴕形目,Picidae,Woodpeckers,,Blythipicus,,2,0,小栗啄木鸟 (Blythipicus rubiginosus); 黄嘴栗啄木鸟 (Blythipicus pyrrhotis)
Piciformes,䴕形目,Picidae,Woodpeckers,,Campephilus,,12,0,红冠颈纹啄木鸟 (Campephilus pollens); 朱腹啄木鸟 (Campephilus haematogaster); Splendid Woodpecker (Campephilus splendens)
Piciformes,䴕形目,Picidae,Woodpeckers,,Campethera,,10,0,喀麦隆啄木鸟 (Campethera tullbergi); 绿背斑啄木鸟 (Campethera taeniolaema); 小绿啄木鸟 (Campethera maculosa)
Piciformes,䴕形目,Picidae,Woodpeckers,,Celeus,,12,0,桂红啄木鸟 (Celeus loricatus); 环颈啄木鸟 (Celeus torquatus); 盔啄木鸟 (Celeus galeatus)
Piciformes,䴕形目,Picidae,Woodpeckers,,Chloropicus,,3,0,火腹啄木鸟 (Chloropicus pyrrhogaster); 金冠啄木鸟 (Chloropicus xantholophus); 须啄木鸟 (Chloropicus namaquus)
Piciformes,䴕形目,Picidae,Woodpeckers,,Chrysocolaptes,,10,0,橙背啄木鸟 (Chrysocolaptes validus); 大金背啄木鸟 (Chrysocolaptes guttacristatus); 马拉巴金背啄木鸟 (Chrysocolaptes socialis)
Piciformes,䴕形目,Picidae,Woodpeckers,,Chrysophlegma,,3,0,红翅绿背啄木鸟 (Chrysophlegma miniaceum); 大黄冠啄木鸟 (Chrysophlegma flavinucha); 斑喉绿啄木鸟 (Chrysophlegma mentale)
Piciformes,䴕形目,Picidae,Woodpeckers,,Colaptes,,14,0,高原啄木鸟 (Colaptes rubiginosus); 灰顶啄木鸟 (Colaptes auricularis); 红背啄木鸟 (Colaptes rivolii)
Piciformes,䴕形目,Picidae,Woodpeckers,,Dendrocoptes,,3,0,中斑啄木鸟 (Dendrocoptes medius); 褐额啄木鸟 (Dendrocoptes auriceps); 阿拉伯啄木鸟 (Dendrocoptes dorae)
Piciformes,䴕形目,Picidae,Woodpeckers,,Dendropicos,,12,0,斯氏啄木鸟 (Dendropicos stierlingi); 褐背啄木鸟 (Dendropicos obsoletus); 灰啄木鸟 (Dendropicos goertae)
Piciformes,䴕形目,Picidae,Woodpeckers,,Dinopium,,5,0,喜山金背啄木鸟 (Dinopium shorii); 金背三趾啄木鸟 (Dinopium javanense); 斑喉三趾啄木鸟 (Dinopium everetti)
Piciformes,䴕形目,Picidae,Woodpeckers,,Dryobates,,6,0,小斑啄木鸟 (Dryobates minor); 红枕啄木鸟 (Dryobates cathpharius); 赤胸啄木鸟 (Dryobates pernyii)
Piciformes,䴕形目,Picidae,Woodpeckers,,Dryocopus,,6,0,北美黑啄木鸟 (Dryocopus pileatus); 南美黑啄木鸟 (Dryocopus schulzii); 细纹黑啄木鸟 (Dryocopus lineatus)
Piciformes,䴕形目,Picidae,Woodpeckers,,Gecinulus,,3,0,竹啄木鸟 (Gecinulus grantia); 苍头竹啄木鸟 (Gecinulus viridis); 绿背三趾啄木鸟 (Gecinulus rafflesii)
Piciformes,䴕形目,Picidae,Woodpeckers,,Geocolaptes,,1,0,地啄木鸟 (Geocolaptes olivaceus)
Piciformes,䴕形目,Picidae,Woodpeckers,,Jynx,,2,0,红胸蚁䴕 (Jynx ruficollis); 蚁䴕 (Jynx torquilla)
Piciformes,䴕形目,Picidae,Woodpeckers,,Leiopicus,,1,0,黄冠斑啄木鸟 (Leiopicus mahrattensis)
Piciformes,䴕形目,Picidae,Woodpeckers,,Leuconotopicus,,6,0,红顶啄木鸟 (Leuconotopicus borealis); 长嘴啄木鸟 (Leuconotopicus villosus); 白头啄木鸟 (Leuconotopicus albolarvatus)
Piciformes,䴕形目,Picidae,Woodpeckers,,Melanerpes,,23,0,白啄木鸟 (Melanerpes candidus); 刘氏啄木鸟 (Melanerpes lewis); 瓜岛啄木鸟 (Melanerpes herminieri)
Piciformes,䴕形目,Picidae,Woodpeckers,,Micropternus,,1,0,栗啄木鸟 (Micropternus brachyurus)
Piciformes,䴕形目,Picidae,Woodpeckers,,Mulleripicus,,4,0,暗黄啄木鸟 (Mulleripicus fulvus); 乌啄木鸟 (Mulleripicus funebris); 南乌啄木鸟 (Mulleripicus fuliginosus)
Piciformes,䴕形目,Picidae,Woodpeckers,,Nesoctites,,1,0,安岛姬啄木鸟 (Nesoctites micromegas)
Piciformes,䴕形目,Picidae,Woodpeckers,,Pardipicus,,2,0,褐耳啄木鸟 (Pardipicus caroli); 棕斑啄木鸟 (Pardipicus nivosus)
Piciformes,䴕形目,Picidae,Woodpeckers,,Picoides,,3,0,黑背三趾啄木鸟 (Picoides arcticus); 美洲三趾啄木鸟 (Picoides dorsalis); 三趾啄木鸟 (Picoides tridactylus)
Piciformes,䴕形目,Picidae,Woodpeckers,,Piculus,,7,0,棕翅啄木鸟 (Piculus simplex); 纹颊啄木鸟 (Piculus callopterus); 白喉啄木鸟 (Piculus leucolaemus)
Piciformes,䴕形目,Picidae,Woodpeckers,,Picumnus,,25,0,斑姬啄木鸟 (Picumnus innominatus); 金额姬啄木鸟 (Picumnus aurifrons); 奥里姬啄木鸟 (Picumnus pumilus)
Piciformes,䴕形目,Picidae,Woodpeckers,,Sasia,,2,0,棕啄木鸟 (Sasia abnormis); 白眉棕啄木鸟 (Sasia ochracea)
Piciformes,䴕形目,Picidae,Woodpeckers,,Sphyrapicus,,4,0,威氏吸汁啄木鸟 (Sphyrapicus thyroideus); 黄腹吸汁啄木鸟 (Sphyrapicus varius); 红颈吸汁啄木鸟 (Sphyrapicus nuchalis)
Piciformes,䴕形目,Picidae,Woodpeckers,,Veniliornis,,14,0,红腰啄木鸟 (Veniliornis kirkii); 金领啄木鸟 (Veniliornis cassini); 白斑啄木鸟 (Veniliornis spilogaster)
Piciformes,䴕形目,Picidae,Woodpeckers,,Verreauxia,,1,0,非洲姬啄木鸟 (Verreauxia africana)
Piciformes,䴕形目,Picidae,Woodpeckers,,Xiphidiopicus,,1,0,古巴绿啄木鸟 (Xiphidiopicus percussus)
Piciformes,䴕形目,Picidae,Woodpeckers,,Yungipicus,,7,0,坦氏啄木鸟 (Yungipicus temminckii); 菲律宾啄木鸟 (Yungipicus maculatus); 苏禄啄木鸟 (Yungipicus ramsayi)
Piciformes,䴕形目,Ramphastidae,Toucans,,Andigena,,4,0,灰胸山巨嘴鸟 (Andigena hypoglauca); 扁嘴山巨嘴鸟 (Andigena laminirostris); 冠山巨嘴鸟 (Andigena cucullata)
Piciformes,䴕形目,Ramphastidae,Toucans,,Aulacorhynchus,,8,0,绿巨嘴鸟 (Aulacorhynchus prasinus); 白喉巨嘴鸟 (Aulacorhynchus albivitta); 沟嘴巨嘴鸟 (Aulacorhynchus sulcatus)
Piciformes,䴕形目,Ramphastidae,Toucans,,Pteroglossus,,12,0,橘黄巨嘴鸟 (Pteroglossus bailloni); 绿簇舌巨嘴鸟 (Pteroglossus viridis); 巴西簇舌巨嘴鸟 (Pteroglossus inscriptus)
Piciformes,䴕形目,Ramphastidae,Toucans,,Ramphastos,,7,0,巨嘴鸟 (Ramphastos toco); 黑嘴巨嘴鸟 (Ramphastos ambiguus); 红嘴巨嘴鸟 (Ramphastos tucanus)
Piciformes,䴕形目,Ramphastidae,Toucans,,Selenidera,,6,0,黄耳小巨嘴鸟 (Selenidera spectabilis); 圭亚那小巨嘴鸟 (Selenidera piperivora); 金领小巨嘴鸟 (Selenidera reinwardtii)
Piciformes,䴕形目,Semnornithidae,Prong-billed Barbet and Toucan Barbet,,Semnornis,,2,0,厚嘴拟啄木鸟 (Semnornis frantzii); 巨嘴拟啄木鸟 (Semnornis ramphastinus)
Podargiformes,蟆口鸱目,Podargidae,Frogmouths,蟆口鸱科,Batrachostomus,,12,0,大蛙口夜鹰 (Batrachostomus auritus); 栗颊蛙口夜鹰 (Batrachostomus harterti); 菲律宾蛙口夜鹰 (Batrachostomus septimus)
Podargiformes,蟆口鸱目,Podargidae,Frogmouths,蟆口鸱科,Podargus,,3,0,茶色蛙口夜鹰 (Podargus strigoides); 云斑蛙口夜鹰 (Podargus ocellatus); 巴布亚蛙口夜鹰 (Podargus papuensis)
Podargiformes,蟆口鸱目,Podargidae,Frogmouths,蟆口鸱科,Rigidipenna,,1,0,所罗门蛙口夜鹰 (Rigidipenna inexpectata)
Podicipediformes,䴙䴘目,Podicipedidae,Grebes,,Aechmophorus,,2,0,北美䴙䴘 (Aechmophorus occidentalis); 克氏䴙䴘 (Aechmophorus clarkii)
Podicipediformes,䴙䴘目,Podicipedidae,Grebes,,Podiceps,,9,0,大䴙䴘 (Podiceps major); 角䴙䴘 (Podiceps auritus); 赤颈䴙䴘 (Podiceps grisegena)
Podicipediformes,䴙䴘目,Podicipedidae,Grebes,,Podilymbus,,2,0,巨䴙䴘 (Podilymbus gigas); 斑嘴巨䴙䴘 (Podilymbus podiceps)
Podicipediformes,䴙䴘目,Podicipedidae,Grebes,,Poliocephalus,,2,0,灰头䴙䴘 (Poliocephalus poliocephalus); 新西兰䴙䴘 (Poliocephalus rufopectus)
Podicipediformes,䴙䴘目,Podicipedidae,Grebes,,Rollandia,,2,0,短翅䴙䴘 (Rollandia microptera); 白簇䴙䴘 (Rollandia rolland)
Podicipediformes,䴙䴘目,Podicipedidae,Grebes,,Tachybaptus,,5,0,德氏小䴙䴘 (Tachybaptus rufolavatus); 小䴙䴘 (Tachybaptus ruficollis); 黑喉小䴙䴘 (Tachybaptus novaehollandiae)
Procellariiformes,鹱形目,Diomedeidae,Albatrosses,,Diomedea,,6,0,北皇信天翁 (Diomedea sanfordi); 皇信天翁 (Diomedea epomophora); 漂泊信天翁 (Diomedea exulans)
Procellariiformes,鹱形目,Diomedeidae,Albatrosses,,Phoebastria,,4,0,加岛信天翁 (Phoebastria irrorata); 黑背信天翁 (Phoebastria immutabilis); 黑脚信天翁 (Phoebastria nigripes)
Procellariiformes,鹱形目,Diomedeidae,Albatrosses,,Phoebetria,,2,0,灰背信天翁 (Phoebetria palpebrata); 乌信天翁 (Phoebetria fusca)
Procellariiformes,鹱形目,Diomedeidae,Albatrosses,,Thalassarche,,8,0,黄鼻信天翁 (Thalassarche chlororhynchos); 印度洋黄鼻信天翁 (Thalassarche carteri); 灰头信天翁 (Thalassarche chrysostoma)
Procellariiformes,鹱形目,Oceanitidae,Southern Storm Petrels,,Fregetta,,4,0,白腹舰海燕 (Fregetta grallaria); 新西兰舰海燕 (Fregetta maoriana); 新喀海燕 (Fregetta lineata)
Procellariiformes,鹱形目,Oceanitidae,Southern Storm Petrels,,Garrodia,,1,0,灰背海燕 (Garrodia nereis)
Procellariiformes,鹱形目,Oceanitidae,Southern Storm Petrels,,Nesofregetta,,1,0,白喉海燕 (Nesofregetta fuliginosa)
Procellariiformes,鹱形目,Oceanitidae,Southern Storm Petrels,,Oceanites,,3,0,黄蹼洋海燕 (Oceanites oceanicus); 黑洋海燕 (Oceanites pincoyae); 白臀洋海燕 (Oceanites gracilis)
Procellariiformes,鹱形目,Oceanitidae,Southern Storm Petrels,,Pelagodroma,,1,0,白脸海燕 (Pelagodroma marina)
Procellariiformes,鹱形目,Procellariidae,"Petrels, Shearwaters, and Diving Petrels",,Aphrodroma,,1,0,短嘴圆尾鹱 (Aphrodroma brevirostris)
Procellariiformes,鹱形目,Procellariidae,"Petrels, Shearwaters, and Diving Petrels",,Ardenna,,7,0,楔尾鹱 (Ardenna pacifica); 灰背鹱 (Ardenna bulleri); 短尾鹱 (Ardenna tenuirostris)
Procellariiformes,鹱形目,Procellariidae,"Petrels, Shearwaters, and Diving Petrels",,Daption,,1,0,花斑鹱 (Daption capense)
Procellariiformes,鹱形目,Procellariidae,"Petrels, Shearwaters, and Diving Petrels",,Fulmarus,,2,0,银灰暴风鹱 (Fulmarus glacialoides); 暴雪鹱 (Fulmarus glacialis)
Procellariiformes,鹱形目,Procellariidae,"Petrels, Shearwaters, and Diving Petrels",,Halobaena,,1,0,蓝鹱 (Halobaena caerulea)
Procellariiformes,鹱形目,Procellariidae,"Petrels, Shearwaters, and Diving Petrels",,Macronectes,,2,0,巨鹱 (Macronectes giganteus); 霍氏巨鹱 (Macronectes halli)
Procellariiformes,鹱形目,Procellariidae,"Petrels, Shearwaters, and Diving Petrels",,Pachyptila,,7,0,仙锯鹱 (Pachyptila turtur); 阔嘴锯鹱 (Pachyptila vittata); 小锯鹱 (Pachyptila salvini)
Procellariiformes,鹱形目,Procellariidae,"Petrels, Shearwaters, and Diving Petrels",,Pagodroma,,1,0,雪鹱 (Pagodroma nivea)
Procellariiformes,鹱形目,Procellariidae,"Petrels, Shearwaters, and Diving Petrels",,Pelecanoides,,4,0,秘鲁鹈燕 (Pelecanoides garnotii); 鹈燕 (Pelecanoides urinatrix); 南乔治亚鹈燕 (Pelecanoides georgicus)
Procellariiformes,鹱形目,Procellariidae,"Petrels, Shearwaters, and Diving Petrels",,Procellaria,,5,0,大黑风鹱 (Procellaria westlandica); 灰风鹱 (Procellaria cinerea); 白颏风鹱 (Procellaria aequinoctialis)
Procellariiformes,鹱形目,Procellariidae,"Petrels, Shearwaters, and Diving Petrels",,Pseudobulweria,,4,0,斐济圆尾鹱 (Pseudobulweria macgillivrayi); 黑圆尾鹱 (Pseudobulweria aterrima); 钩嘴圆尾鹱 (Pseudobulweria rostrata)
Procellariiformes,鹱形目,Procellariidae,"Petrels, Shearwaters, and Diving Petrels",,Pterodroma,,35,0,柔羽圆尾鹱 (Pterodroma mollis); 红圆尾鹱 (Pterodroma magentae); 大西洋圆尾鹱 (Pterodroma incerta)
Procellariiformes,鹱形目,Procellariidae,"Petrels, Shearwaters, and Diving Petrels",,Puffinus,,20,0,黑鹱 (Puffinus nativitatis); 加岛鹱 (Puffinus subalaris); 棕嘴鹱 (Puffinus gavia)
Procellariiformes,鹱形目,Procellariidae,"Petrels, Shearwaters, and Diving Petrels",,Thalassoica,,1,0,南极鹱 (Thalassoica antarctica)
Psittaciformes,鹦形目,Cacatuidae,Cockatoos,,Cacatua,,13,0,彩冠凤头鹦鹉 (Cacatua leadbeateri); 菲律宾凤头鹦鹉 (Cacatua haematuropygia); 戈氏凤头鹦鹉 (Cacatua goffiniana)
Psittaciformes,鹦形目,Cacatuidae,Cockatoos,,Callocephalon,,1,0,红冠灰凤头鹦鹉 (Callocephalon fimbriatum)
Psittaciformes,鹦形目,Cacatuidae,Cockatoos,,Calyptorhynchus,,2,0,辉凤头鹦鹉 (Calyptorhynchus lathami); 红尾凤头鹦鹉 (Calyptorhynchus banksii)
Psittaciformes,鹦形目,Cacatuidae,Cockatoos,,Eolophus,,1,0,粉红凤头鹦鹉 (Eolophus roseicapilla)
Psittaciformes,鹦形目,Cacatuidae,Cockatoos,,Nymphicus,,1,0,鸡尾鹦鹉 (Nymphicus hollandicus)
Psittaciformes,鹦形目,Cacatuidae,Cockatoos,,Probosciger,,1,0,棕树凤头鹦鹉 (Probosciger aterrimus)
Psittaciformes,鹦形目,Cacatuidae,Cockatoos,,Zanda,,3,0,黑凤头鹦鹉 (Zanda funerea); 短嘴黑凤头鹦鹉 (Zanda latirostris); 长嘴黑凤头鹦鹉 (Zanda baudinii)
Psittaciformes,鹦形目,Psittacidae,African and New World Parrots,,Alipiopsitta,,1,0,黄颊鹦哥 (Alipiopsitta xanthops)
Psittaciformes,鹦形目,Psittacidae,African and New World Parrots,,Amazona,,32,0,红额蓝颊鹦哥 (Amazona festiva); 红胸鹦哥 (Amazona vinacea); 图库曼鹦哥 (Amazona tucumana)
Psittaciformes,鹦形目,Psittacidae,African and New World Parrots,,Anodorhynchus,,3,0,紫蓝金刚鹦鹉 (Anodorhynchus hyacinthinus); 蓝绿金刚鹦鹉 (Anodorhynchus glaucus); 青蓝金刚鹦鹉 (Anodorhynchus leari)
Psittaciformes,鹦形目,Psittacidae,African and New World Parrots,,Ara,,9,0,蓝黄金刚鹦鹉 (Ara ararauna); 蓝喉金刚鹦鹉 (Ara glaucogularis); 栗额金刚鹦鹉 (Ara severus)
Psittaciformes,鹦形目,Psittacidae,African and New World Parrots,,Aratinga,,6,0,暗头鹦哥 (Aratinga weddellii); 黑头鹦哥 (Aratinga nenday); 金黄鹦哥 (Aratinga solstitialis)
Psittaciformes,鹦形目,Psittacidae,African and New World Parrots,,Bolborhynchus,,3,0,横斑鹦哥 (Bolborhynchus lineola); 棕额鹦哥 (Bolborhynchus ferrugineifrons); 安第斯鹦哥 (Bolborhynchus orbygnesius)
Psittaciformes,鹦形目,Psittacidae,African and New World Parrots,,Brotogeris,,8,0,图伊鹦哥 (Brotogeris sanctithomae); 纯色鹦哥 (Brotogeris tirica); 淡黄翅鹦哥 (Brotogeris versicolurus)
Psittaciformes,鹦形目,Psittacidae,African and New World Parrots,,Conuropsis,,1,0,卡罗莱纳鹦哥 (Conuropsis carolinensis)
Psittaciformes,鹦形目,Psittacidae,African and New World Parrots,,Cyanoliseus,,1,0,穴鹦哥 (Cyanoliseus patagonus)
Psittaciformes,鹦形目,Psittacidae,African and New World Parrots,,Cyanopsitta,,1,0,小蓝金刚鹦鹉 (Cyanopsitta spixii)
Psittaciformes,鹦形目,Psittacidae,African and New World Parrots,,Deroptyus,,1,0,鹰头鹦哥 (Deroptyus accipitrinus)
Psittaciformes,鹦形目,Psittacidae,African and New World Parrots,,Diopsittaca,,1,0,红肩金刚鹦鹉 (Diopsittaca nobilis)
Psittaciformes,鹦形目,Psittacidae,African and New World Parrots,,Enicognathus,,2,0,细嘴鹦哥 (Enicognathus leptorhynchus); 南鹦哥 (Enicognathus ferrugineus)
Psittaciformes,鹦形目,Psittacidae,African and New World Parrots,,Eupsittula,,5,0,绿喉鹦哥 (Eupsittula nana); 橙额鹦哥 (Eupsittula canicularis); 粉额鹦哥 (Eupsittula aurea)
Psittaciformes,鹦形目,Psittacidae,African and New World Parrots,,Forpus,,9,0,乌嘴鹦哥 (Forpus modestus); 蓝腰鹦哥 (Forpus cyanopygius); 绿翅鹦哥 (Forpus spengeli)
Psittaciformes,鹦形目,Psittacidae,African and New World Parrots,,Graydidascalus,,1,0,短尾鹦哥 (Graydidascalus brachyurus)
Psittaciformes,鹦形目,Psittacidae,African and New World Parrots,,Guaruba,,1,0,金鹦哥 (Guaruba guarouba)
Psittaciformes,鹦形目,Psittacidae,African and New World Parrots,,Hapalopsittaca,,4,0,锈脸鹦哥 (Hapalopsittaca amazonina); 红肩鹦哥 (Hapalopsittaca fuertesi); 红脸鹦哥 (Hapalopsittaca pyrrhops)
Psittaciformes,鹦形目,Psittacidae,African and New World Parrots,,Leptosittaca,,1,0,金羽鹦哥 (Leptosittaca branickii)
Psittaciformes,鹦形目,Psittacidae,African and New World Parrots,,Myiopsitta,,2,0,白胸鹦哥 (Myiopsitta luchsi); 灰胸鹦哥 (Myiopsitta monachus)
Psittaciformes,鹦形目,Psittacidae,African and New World Parrots,,Nannopsittaca,,2,0,特布伊鹦哥 (Nannopsittaca panychlora); 亚马孙鹦哥 (Nannopsittaca dachilleae)
Psittaciformes,鹦形目,Psittacidae,African and New World Parrots,,Ognorhynchus,,1,0,黄耳鹦哥 (Ognorhynchus icterotis)
Psittaciformes,鹦形目,Psittacidae,African and New World Parrots,,Orthopsittaca,,1,0,红腹金刚鹦鹉 (Orthopsittaca manilatus)
Psittaciformes,鹦形目,Psittacidae,African and New World Parrots,,Pionites,,2,0,黑头凯克鹦哥 (Pionites melanocephalus); 白腹凯克鹦哥 (Pionites leucogaster)
Psittaciformes,鹦形目,Psittacidae,African and New World Parrots,,Pionopsitta,,1,0,红顶鹦哥 (Pionopsitta pileata)
Psittaciformes,鹦形目,Psittacidae,African and New World Parrots,,Pionus,,7,0,暗色鹦哥 (Pionus fuscus); 红嘴鹦哥 (Pionus sordidus); 鳞头鹦哥 (Pionus maximiliani)
Psittaciformes,鹦形目,Psittacidae,African and New World Parrots,,Poicephalus,,10,0,褐颈鹦鹉 (Poicephalus fuscicollis); 好望角鹦鹉 (Poicephalus robustus); 非洲红额鹦鹉 (Poicephalus gulielmi)
Psittaciformes,鹦形目,Psittacidae,African and New World Parrots,,Primolius,,3,0,蓝翅金刚鹦鹉 (Primolius maracana); 蓝头金刚鹦鹉 (Primolius couloni); 金领金刚鹦鹉 (Primolius auricollis)
Psittaciformes,鹦形目,Psittacidae,African and New World Parrots,,Psilopsiagon,,2,0,灰顶鹦哥 (Psilopsiagon aymara); 山鹦哥 (Psilopsiagon aurifrons)
Psittaciformes,鹦形目,Psittacidae,African and New World Parrots,,Psittacara,,12,0,白眼鹦哥 (Psittacara leucophthalmus); 红额鹦哥 (Psittacara wagleri); 秘鲁红额鹦哥 (Psittacara frontatus)
Psittaciformes,鹦形目,Psittacidae,African and New World Parrots,,Psittacus,,2,0,西非灰鹦鹉 (Psittacus timneh); 非洲灰鹦鹉 (Psittacus erithacus)
Psittaciformes,鹦形目,Psittacidae,African and New World Parrots,,Pyrilia,,7,0,褐冠鹦哥 (Pyrilia haematotis); 粉脸鹦哥 (Pyrilia pulchra); 橙头鹦哥 (Pyrilia pyrilia)
Psittaciformes,鹦形目,Psittacidae,African and New World Parrots,,Pyrrhura,,26,0,蓝喉鹦哥 (Pyrrhura cruentata); 辉翅鹦哥 (Pyrrhura devillei); 红腹鹦哥 (Pyrrhura frontalis)
Psittaciformes,鹦形目,Psittacidae,African and New World Parrots,,Rhynchopsitta,,2,0,厚嘴鹦哥 (Rhynchopsitta pachyrhyncha); 暗红额鹦哥 (Rhynchopsitta terrisi)
Psittaciformes,鹦形目,Psittacidae,African and New World Parrots,,Thectocercus,,1,0,蓝冠鹦哥 (Thectocercus acuticaudatus)
Psittaciformes,鹦形目,Psittacidae,African and New World Parrots,,Touit,,8,0,淡紫尾鹦哥 (Touit batavicus); 紫肩鹦哥 (Touit huetii); 中美红额鹦哥 (Touit costaricensis)
Psittaciformes,鹦形目,Psittacidae,African and New World Parrots,,Triclaria,,1,0,蓝腹鹦哥 (Triclaria malachitacea)
Psittaciformes,鹦形目,Psittaculidae,Old World Parrots,,Agapornis,,9,0,黑领牡丹鹦鹉 (Agapornis swindernianus); 灰头牡丹鹦鹉 (Agapornis canus); 红脸牡丹鹦鹉 (Agapornis pullarius)
Psittaciformes,鹦形目,Psittaculidae,Old World Parrots,,Alisterus,,3,0,澳洲王鹦鹉 (Alisterus scapularis); 安汶王鹦鹉 (Alisterus amboinensis); 绿翅王鹦鹉 (Alisterus chloropterus)
Psittaciformes,鹦形目,Psittaculidae,Old World Parrots,,Aprosmictus,,2,0,红翅鹦鹉 (Aprosmictus erythropterus); 帝汶红翅鹦鹉 (Aprosmictus jonquillaceus)
Psittaciformes,鹦形目,Psittaculidae,Old World Parrots,,Barnardius,,1,0,黑头环颈鹦鹉 (Barnardius zonarius)
Psittaciformes,鹦形目,Psittaculidae,Old World Parrots,,Bolbopsittacus,,1,0,菲律宾鹦鹉 (Bolbopsittacus lunulatus)
Psittaciformes,鹦形目,Psittaculidae,Old World Parrots,,Chalcopsitta,,5,0,烟色鹦鹉 (Chalcopsitta fuscata); 暗红鹦鹉 (Chalcopsitta cardinalis); 黄额褐鹦鹉 (Chalcopsitta duivenbodei)
Psittaciformes,鹦形目,Psittaculidae,Old World Parrots,,Charminetta,,1,0,威氏鹦鹉 (Charminetta wilhelminae)
Psittaciformes,鹦形目,Psittaculidae,Old World Parrots,,Charmosyna,,4,0,纵纹鹦鹉 (Charmosyna multistriata); 约氏鹦鹉 (Charmosyna josefinae); 巴布亚鹦鹉 (Charmosyna papou)
Psittaciformes,鹦形目,Psittaculidae,Old World Parrots,,Charmosynopsis,,2,0,蓝额鹦鹉 (Charmosynopsis toxopei); 仙鹦鹉 (Charmosynopsis pulchella)
Psittaciformes,鹦形目,Psittaculidae,Old World Parrots,,Coracopsis,,4,0,马岛鹦鹉 (Coracopsis vasa); 马岛小鹦鹉 (Coracopsis nigra); 科摩罗黑鹦鹉 (Coracopsis sibilans)
Psittaciformes,鹦形目,Psittaculidae,Old World Parrots,,Cyanoramphus,,9,0,社会岛鹦鹉 (Cyanoramphus ulietanus); 黑额鹦鹉 (Cyanoramphus zealandicus); 纯绿鹦鹉 (Cyanoramphus unicolor)
Psittaciformes,鹦形目,Psittaculidae,Old World Parrots,,Cyclopsitta,,4,0,红脸果鹦鹉 (Cyclopsitta diophthalma); 德氏果鹦鹉 (Cyclopsitta desmarestii); 爱氏果鹦鹉 (Cyclopsitta edwardsii)
Psittaciformes,鹦形目,Psittaculidae,Old World Parrots,,Eclectus,,5,0,红胁绿鹦鹉 (Eclectus roratus); 松巴红胁绿鹦鹉 (Eclectus cornelia); 塔岛红胁绿鹦鹉 (Eclectus riedeli)
Psittaciformes,鹦形目,Psittaculidae,Old World Parrots,,Eunymphicus,,2,0,翎冠鹦鹉 (Eunymphicus cornutus); 乌岛翎冠鹦鹉 (Eunymphicus uvaeensis)
Psittaciformes,鹦形目,Psittaculidae,Old World Parrots,,Geoffroyus,,3,0,红脸鹦鹉 (Geoffroyus geoffroyi); 蓝领鹦鹉 (Geoffroyus simplex); 歌鹦鹉 (Geoffroyus heteroclitus)
Psittaciformes,鹦形目,Psittaculidae,Old World Parrots,,Glossoptilus,,1,0,戈氏鹦鹉 (Glossoptilus goldiei)
Psittaciformes,鹦形目,Psittaculidae,Old World Parrots,,Hypocharmosyna,,2,0,红斑鹦鹉 (Hypocharmosyna rubronotata); 蓝脸鹦鹉 (Hypocharmosyna placentis)
Psittaciformes,鹦形目,Psittaculidae,Old World Parrots,,Lathamus,,1,0,红尾绿鹦鹉 (Lathamus discolor)
Psittaciformes,鹦形目,Psittaculidae,Old World Parrots,,Lophopsittacus,,1,0,毛里求斯冕鹦鹉 (Lophopsittacus mauritianus)
Psittaciformes,鹦形目,Psittaculidae,Old World Parrots,,Loriculus,,15,0,短尾鹦鹉 (Loriculus vernalis); 斯里兰卡短尾鹦鹉 (Loriculus beryllinus); 菲律宾短尾鹦鹉 (Loriculus philippensis)
Psittaciformes,鹦形目,Psittaculidae,Old World Parrots,,Lorius,,6,0,白枕鹦鹉 (Lorius albidinucha); 黄领鹦鹉 (Lorius chlorocercus); 噪鹦鹉 (Lorius garrulus)
Psittaciformes,鹦形目,Psittaculidae,Old World Parrots,,Mascarinus,,1,0,马斯卡林鹦鹉 (Mascarinus mascarinus)
Psittaciformes,鹦形目,Psittaculidae,Old World Parrots,,Melopsittacus,,1,0,虎皮鹦鹉 (Melopsittacus undulatus)
Psittaciformes,鹦形目,Psittaculidae,Old World Parrots,,Micropsitta,,6,0,黄顶侏鹦鹉 (Micropsitta keiensis); 杰文侏鹦鹉 (Micropsitta geelvinkiana); 棕脸侏鹦鹉 (Micropsitta pusio)
Psittaciformes,鹦形目,Psittaculidae,Old World Parrots,,Nannopsittacus,,3,0,暗颊果鹦鹉 (Nannopsittacus melanogenia); 橙胸果鹦鹉 (Nannopsittacus gulielmitertii); 黑额果鹦鹉 (Nannopsittacus nigrifrons)
Psittaciformes,鹦形目,Psittaculidae,Old World Parrots,,Necropsittacus,,1,0,罗德里格斯鹦鹉 (Necropsittacus rodricanus)
Psittaciformes,鹦形目,Psittaculidae,Old World Parrots,,Neophema,,6,0,蓝翅鹦鹉 (Neophema chrysostoma); 蓝眉鹦鹉 (Neophema elegans); 岩鹦鹉 (Neophema petrophila)
Psittaciformes,鹦形目,Psittaculidae,Old World Parrots,,Neopsephotus,,1,0,伯氏鹦鹉 (Neopsephotus bourkii)
Psittaciformes,鹦形目,Psittaculidae,Old World Parrots,,Neopsittacus,,2,0,马氏鹦鹉 (Neopsittacus musschenbroekii); 翠绿鹦鹉 (Neopsittacus pullicauda)
Psittaciformes,鹦形目,Psittaculidae,Old World Parrots,,Northiella,,2,0,黄腹蓝额鹦鹉 (Northiella narethae); 红腹蓝额鹦鹉 (Northiella haematogaster)
Psittaciformes,鹦形目,Psittaculidae,Old World Parrots,,Oreopsittacus,,1,0,紫颊鹦鹉 (Oreopsittacus arfaki)
Psittaciformes,鹦形目,Psittaculidae,Old World Parrots,,Parvipsitta,,2,0,姬鹦鹉 (Parvipsitta pusilla); 紫顶鹦鹉 (Parvipsitta porphyrocephala)
Psittaciformes,鹦形目,Psittaculidae,Old World Parrots,,Pezoporus,,2,0,夜鹦鹉 (Pezoporus occidentalis); 地鹦鹉 (Pezoporus wallicus)
Psittaciformes,鹦形目,Psittaculidae,Old World Parrots,,Platycercus,,6,0,绿背玫瑰鹦鹉 (Platycercus caledonicus); 红玫瑰鹦鹉 (Platycercus elegans); 北澳玫瑰鹦鹉 (Platycercus venustus)
Psittaciformes,鹦形目,Psittaculidae,Old World Parrots,,Polytelis,,3,0,靓鹦鹉 (Polytelis swainsonii); 黄鹦鹉 (Polytelis anthopeplus); 公主鹦鹉 (Polytelis alexandrae)
Psittaciformes,鹦形目,Psittaculidae,Old World Parrots,,Prioniturus,,10,0,布岛扇尾鹦鹉 (Prioniturus mada); 金肩扇尾鹦鹉 (Prioniturus platurus); 棉岛扇尾鹦鹉 (Prioniturus waterstradti)
Psittaciformes,鹦形目,Psittaculidae,Old World Parrots,,Prosopeia,,3,0,绯胸辉鹦鹉 (Prosopeia splendens); 红胸辉鹦鹉 (Prosopeia tabuensis); 黄胸辉鹦鹉 (Prosopeia personata)
Psittaciformes,鹦形目,Psittaculidae,Old World Parrots,,Psephotellus,,4,0,穆加鹦鹉 (Psephotellus varius); 黑冠鹦鹉 (Psephotellus dissimilis); 金肩鹦鹉 (Psephotellus chrysopterygius)
Psittaciformes,鹦形目,Psittaculidae,Old World Parrots,,Psephotus,,1,0,红腰鹦鹉 (Psephotus haematonotus)
Psittaciformes,鹦形目,Psittaculidae,Old World Parrots,,Psittacella,,4,0,彩鹦鹉 (Psittacella picta); 布氏鹦鹉 (Psittacella brehmii); 羞怯鹦鹉 (Psittacella modesta)
Psittaciformes,鹦形目,Psittaculidae,Old World Parrots,,Psitteuteles,,1,0,丽色鹦鹉 (Psitteuteles versicolor)
Psittaciformes,鹦形目,Psittaculidae,Old World Parrots,,Psittinus,,2,0,锡米卢鹦鹉 (Psittinus abbotti); 蓝腰鹦鹉 (Psittinus cyanurus)
Psittaciformes,鹦形目,Psittaculidae,Old World Parrots,,Psittrichas,,1,0,彼氏鹦鹉 (Psittrichas fulgidus)
Psittaciformes,鹦形目,Psittaculidae,Old World Parrots,,Purpureicephalus,,1,0,红顶鹦鹉 (Purpureicephalus spurius)
Psittaciformes,鹦形目,Psittaculidae,Old World Parrots,,Tanygnathus,,5,0,黑眼先鹦鹉 (Tanygnathus gramineus); 巨嘴鹦鹉 (Tanygnathus megalorynchos); 蓝颈鹦鹉 (Tanygnathus lucionensis)
Psittaciformes,鹦形目,Psittaculidae,Old World Parrots,,Trichoglossus,,22,0,红耳绿鹦鹉 (Trichoglossus concinnus); 红喉绿鹦鹉 (Trichoglossus johnstoniae); 五彩鹦鹉 (Trichoglossus iris)
Psittaciformes,鹦形目,Psittaculidae,Old World Parrots,,Vini,,12,0,贵妃鹦鹉 (Vini margarethae); 米氏鹦鹉 (Vini meeki); 新喀岛蓝额鹦鹉 (Vini diadema)
Psittaciformes,鹦形目,Strigopidae,New Zealand Parrots,,Nestor,,3,0,啄羊鹦鹉 (Nestor notabilis); 诺福克啄羊鹦鹉 (Nestor productus); 白顶啄羊鹦鹉 (Nestor meridionalis)
Psittaciformes,鹦形目,Strigopidae,New Zealand Parrots,,Strigops,,1,0,鸮面鹦鹉 (Strigops habroptilus)
Pterocliformes,沙鸡目,Pteroclidae,Sandgrouse,,Pterocles,,14,0,白腹沙鸡 (Pterocles alchata); 南非沙鸡 (Pterocles namaqua); 栗腹沙鸡 (Pterocles exustus)
Rheiformes,美洲鸵目,Rheidae,Rheas,,Rhea,,2,0,小美洲鸵 (Rhea pennata); 大美洲鸵 (Rhea americana)
Sphenisciformes,企鹅目,Spheniscidae,Penguins,企鹅科,Aptenodytes,,2,0,王企鹅 (Aptenodytes patagonicus); 帝企鹅 (Aptenodytes forsteri)
Sphenisciformes,企鹅目,Spheniscidae,Penguins,企鹅科,Eudyptes,,8,0,黄眉企鹅 (Eudyptes pachyrhynchus); 翘眉企鹅 (Eudyptes sclateri); 长眉企鹅 (Eudyptes chrysolophus)
Sphenisciformes,企鹅目,Spheniscidae,Penguins,企鹅科,Eudyptula,,1,0,小企鹅 (Eudyptula minor)
Sphenisciformes,企鹅目,Spheniscidae,Penguins,企鹅科,Megadyptes,,1,0,黄眼企鹅 (Megadyptes antipodes)
Sphenisciformes,企鹅目,Spheniscidae,Penguins,企鹅科,Pygoscelis,,3,0,阿德利企鹅 (Pygoscelis adeliae); 白眉企鹅 (Pygoscelis papua); 纹颊企鹅 (Pygoscelis antarcticus)
Sphenisciformes,企鹅目,Spheniscidae,Penguins,企鹅科,Spheniscus,,4,0,南非企鹅 (Spheniscus demersus); 秘鲁企鹅 (Spheniscus humboldti); 加岛企鹅 (Spheniscus mendiculus)
Steatornithiformes,油鸱目,Steatornithidae,Oilbird,油鸱科,Steatornis,,1,0,油夜鹰 (Steatornis caripensis)
Strigiformes,鸮形目,Strigidae,Owls,,Aegolius,,5,0,鬼鸮 (Aegolius funereus); 棕榈鬼鸮 (Aegolius acadicus); 百慕大棕榈鬼鸮 (Aegolius gradyi)
Strigiformes,鸮形目,Strigidae,Owls,,Asio,,9,0,所罗门鸮 (Asio solomonensis); 沼泽耳鸮 (Asio capensis); 短耳鸮 (Asio flammeus)
Strigiformes,鸮形目,Strigidae,Owls,,Athene,,9,0,林斑小鸮 (Athene blewitti); 白眉小鸮 (Athene superciliaris); 穴小鸮 (Athene cunicularia)
Strigiformes,鸮形目,Strigidae,Owls,,Bubo,,10,0,雪鸮 (Bubo scandiacus); 小雕鸮 (Bubo magellanicus); 美洲雕鸮 (Bubo virginianus)
Strigiformes,鸮形目,Strigidae,Owls,,Glaucidium,,26,0,花头鸺鹠 (Glaucidium passerinum); 珠斑鸺鹠 (Glaucidium perlatum); 山鸺鹠 (Glaucidium gnoma)
Strigiformes,鸮形目,Strigidae,Owls,,Gymnasio,,1,0,珠眉角鸮 (Gymnasio nudipes)
Strigiformes,鸮形目,Strigidae,Owls,,Jubula,,1,0,鬃鸮 (Jubula lettii)
Strigiformes,鸮形目,Strigidae,Owls,,Lophostrix,,1,0,冠鸮 (Lophostrix cristata)
Strigiformes,鸮形目,Strigidae,Owls,,Margarobyas,,1,0,古巴角鸮 (Margarobyas lawrencii)
Strigiformes,鸮形目,Strigidae,Owls,,Megascops,,22,0,裸胫角鸮 (Megascops clarkii); 长耳须角鸮 (Megascops trichopsis); 白喉角鸮 (Megascops albogularis)
Strigiformes,鸮形目,Strigidae,Owls,,Micrathene,,1,0,娇鸺鹠 (Micrathene whitneyi)
Strigiformes,鸮形目,Strigidae,Owls,,Ninox,,37,0,棕鹰鸮 (Ninox rufa); 猛鹰鸮 (Ninox strenua); 吠鹰鸮 (Ninox connivens)
Strigiformes,鸮形目,Strigidae,Owls,,Otus,,58,0,白额角鸮 (Otus sagittatus); 安达曼角鸮 (Otus balli); 棕角鸮 (Otus rufescens)
Strigiformes,鸮形目,Strigidae,Owls,,Psiloscops,,1,0,美洲角鸮 (Psiloscops flammeolus)
Strigiformes,鸮形目,Strigidae,Owls,,Ptilopsis,,2,0,白脸角鸮 (Ptilopsis leucotis); 南白脸角鸮 (Ptilopsis granti)
Strigiformes,鸮形目,Strigidae,Owls,,Pulsatrix,,3,0,眼镜鸮 (Pulsatrix perspicillata); 茶眉眼镜鸮 (Pulsatrix koeniswaldiana); 斑腹眼镜鸮 (Pulsatrix melanota)
Strigiformes,鸮形目,Strigidae,Owls,,Scotopelia,,3,0,横斑渔鸮 (Scotopelia peli); 棕渔鸮 (Scotopelia ussheri); 矛斑渔鸮 (Scotopelia bouvieri)
Strigiformes,鸮形目,Strigidae,Owls,,Strix,,21,0,杂斑林鸮 (Strix virgata); 斑眉林鸮 (Strix nigrolineata); 黑斑林鸮 (Strix huhula)
Strigiformes,鸮形目,Strigidae,Owls,,Surnia,,1,0,猛鸮 (Surnia ulula)
Strigiformes,鸮形目,Strigidae,Owls,,Taenioptynx,,2,0,领鸺鹠 (Taenioptynx brodiei); 巽他鸺鹠 (Taenioptynx sylvaticus)
Strigiformes,鸮形目,Strigidae,Owls,,Uroglaux,,1,0,丛鹰鸮 (Uroglaux dimorpha)
Strigiformes,鸮形目,Strigidae,Owls,,Xenoglaux,,1,0,长须鸺鹠 (Xenoglaux loweryi)
Strigiformes,鸮形目,Tytonidae,Bay Owls and Barn Owls,,Phodilus,,2,0,斯里兰卡栗鸮 (Phodilus assimilis); 栗鸮 (Phodilus badius)
Strigiformes,鸮形目,Tytonidae,Bay Owls and Barn Owls,,Tyto,,15,0,乌草鸮 (Tyto tenebricosa); Australasian Masked Owl (Tyto novaehollandiae); 橘色仓鸮 (Tyto aurantia)
Struthioniformes,鸵鸟目,Struthionidae,Ostriches,,Struthio,,2,0,灰颈鸵鸟 (Struthio molybdophanes); 非洲鸵鸟 (Struthio camelus)
Suliformes,鲣鸟目,Anhingidae,Anhinga and Darters,,Anhinga,,4,0,美洲蛇鹈 (Anhinga anhinga); 澳洲蛇鹈 (Anhinga novaehollandiae); 黑腹蛇鹈 (Anhinga melanogaster)
Suliformes,鲣鸟目,Phalacrocoracidae,Cormorants and Shags,,Gulosus,,1,0,欧鸬鹚 (Gulosus aristotelis)
Suliformes,鲣鸟目,Phalacrocoracidae,Cormorants and Shags,,Leucocarbo,,9,0,岩鸬鹚 (Leucocarbo magellanicus); 南美鸬鹚 (Leucocarbo bougainvilliorum); 邦岛鸬鹚 (Leucocarbo ranfurlyi)
Suliformes,鲣鸟目,Phalacrocoracidae,Cormorants and Shags,,Nannopterum,,3,0,弱翅鸬鹚 (Nannopterum harrisi); 美洲鸬鹚 (Nannopterum brasilianum); 角鸬鹚 (Nannopterum auritum)
Suliformes,鲣鸟目,Phalacrocoracidae,Cormorants and Shags,,Poikilocarbo,,1,0,红腿鸬鹚 (Poikilocarbo gaimardi)
Suliformes,鲣鸟目,Phalacrocoracidae,Cormorants and Shags,,Urile,,4,0,加州鸬鹚 (Urile penicillatus); 红脸鸬鹚 (Urile urile); 海鸬鹚 (Urile pelagicus)
Suliformes,鲣鸟目,Sulidae,Boobies and Gannets,,Morus,,3,0,北鲣鸟 (Morus bassanus); 南非鲣鸟 (Morus capensis); 澳洲鲣鸟 (Morus serrator)
Suliformes,鲣鸟目,Sulidae,Boobies and Gannets,,Papasula,,1,0,粉嘴鲣鸟 (Papasula abbotti)
Suliformes,鲣鸟目,Sulidae,Boobies and Gannets,,Sula,,7,0,红脚鲣鸟 (Sula sula); 褐鲣鸟 (Sula leucogaster); 可岛鲣鸟 (Sula brewsteri)
Tinamiformes,䳍形目,Tinamidae,Tinamous,,Crypturellus,,21,0,灰穴䳍 (Crypturellus cinereus); 伯氏穴䳍 (Crypturellus berlepschi); 小穴䳍 (Crypturellus soui)
Tinamiformes,䳍形目,Tinamidae,Tinamous,,Eudromia,,2,0,棕凤头䳍 (Eudromia formosa); 凤头䳍 (Eudromia elegans)
Tinamiformes,䳍形目,Tinamidae,Tinamous,,Nothocercus,,3,0,红头林䳍 (Nothocercus julius); 黑头林䳍 (Nothocercus bonapartei); 灰头白喉林䳍 (Nothocercus nigrocapillus)
Tinamiformes,䳍形目,Tinamidae,Tinamous,,Nothoprocta,,6,0,高山斑䳍 (Nothoprocta taczanowskii); 丽色斑䳍 (Nothoprocta ornata); 智利斑䳍 (Nothoprocta perdicaria)
Tinamiformes,䳍形目,Tinamidae,Tinamous,,Nothura,,4,0,白腹拟䳍 (Nothura boraquira); 小拟䳍 (Nothura minor); 达尔文拟䳍 (Nothura darwinii)
Tinamiformes,䳍形目,Tinamidae,Tinamous,,Rhynchotus,,2,0,哨音红翅䳍 (Rhynchotus maculicollis); 红翅䳍 (Rhynchotus rufescens)
Tinamiformes,䳍形目,Tinamidae,Tinamous,,Taoniscus,,1,0,侏䳍 (Taoniscus nanus)
Tinamiformes,䳍形目,Tinamidae,Tinamous,,Tinamotis,,2,0,北山䳍 (Tinamotis pentlandii); 南山䳍 (Tinamotis ingoufi)
Tinamiformes,䳍形目,Tinamidae,Tinamous,,Tinamus,,5,0,灰䳍 (Tinamus tao); 孤䳍 (Tinamus solitarius); 黑䳍 (Tinamus osgoodi)
Trogoniformes,咬鹃目,Trogonidae,Trogons,,Apalharpactes,,2,0,蓝尾咬鹃 (Apalharpactes reinwardtii); 苏门答腊咬鹃 (Apalharpactes mackloti)
Trogoniformes,咬鹃目,Trogonidae,Trogons,,Apaloderma,,3,0,绿颊咬鹃 (Apaloderma narina); 黄颊咬鹃 (Apaloderma aequatoriale); 斑尾咬鹃 (Apaloderma vittatum)
Trogoniformes,咬鹃目,Trogonidae,Trogons,,Euptilotis,,1,0,角咬鹃 (Euptilotis neoxenus)
Trogoniformes,咬鹃目,Trogonidae,Trogons,,Pharomachrus,,5,0,彩绿咬鹃 (Pharomachrus pavoninus); 金头绿咬鹃 (Pharomachrus auriceps); 凤尾绿咬鹃 (Pharomachrus mocinno)
Trogoniformes,咬鹃目,Trogonidae,Trogons,,Priotelus,,2,0,伊岛咬鹃 (Priotelus roseigaster); 古巴咬鹃 (Priotelus temnurus)
Trogoniformes,咬鹃目,Trogonidae,Trogons,,Trogon,,24,0,花尾美洲咬鹃 (Trogon clathratus); 灰尾美洲咬鹃 (Trogon massena); 白眼美洲咬鹃 (Trogon comptus)
